time_hours,timestamp,symbol,instrument_index,price,centered_log_price,raw_trade_count_at_timestamp
0.000163888888889,2022-01-24T13:00:00.590Z,XBTUSDT,1,33115.5,-0.0333825521391,1
0.00122972222222,2022-01-24T13:00:04.427Z,XBTUSDT,1,33178.1942446,-0.0314911425863,3
0.00301388888889,2022-01-24T13:00:10.850Z,XBTUSDT,1,33118.5,-0.0332919642235,1
0.00301583333333,2022-01-24T13:00:10.857Z,XBTUSDT,1,33118.5,-0.0332919642235,1
0.00303333333333,2022-01-24T13:00:10.920Z,XBTUSDT,1,33118.5,-0.0332919642235,1
0.00351611111111,2022-01-24T13:00:12.658Z,XBTUSDT,1,33130.9625,-0.0329157347515,2
0.00664611111111,2022-01-24T13:00:23.926Z,XBTUSDT,1,33000,-0.0368764413934,3
0.00665638888889,2022-01-24T13:00:23.963Z,XBTUSDT,1,33000,-0.0368764413934,1
0.00677472222222,2022-01-24T13:00:24.389Z,XBTUSDT,1,32985.5,-0.0373159318946,1
0.00678111111111,2022-01-24T13:00:24.412Z,XBTUSDT,1,32973.6875,-0.0376741079296,2
0.00678305555556,2022-01-24T13:00:24.419Z,XBTUSDT,1,32972,-0.0377252864089,1
0.00679666666667,2022-01-24T13:00:24.468Z,XBTUSDT,1,32972,-0.0377252864089,1
0.00687777777778,2022-01-24T13:00:24.760Z,XBTUSDT,1,32953,-0.0383016990149,1
0.00730722222222,2022-01-24T13:00:26.306Z,XBTUSDT,1,32940.5,-0.038681099112,1
0.00731,2022-01-24T13:00:26.316Z,XBTUSDT,1,32919.2774275,-0.0393255766391,5
0.00737055555556,2022-01-24T13:00:26.534Z,XBTUSDT,1,32929.5,-0.0390150903099,1
0.00737555555556,2022-01-24T13:00:26.552Z,XBTUSDT,1,32929.5,-0.0390150903099,1
0.00751027777778,2022-01-24T13:00:27.037Z,XBTUSDT,1,32900.541,-0.0398949014547,4
0.00760972222222,2022-01-24T13:00:27.395Z,XBTUSDT,1,32995,-0.0370279680245,1
0.00881833333333,2022-01-24T13:00:31.746Z,XBTUSDT,1,32991,-0.037149205863,1
0.00883833333333,2022-01-24T13:00:31.818Z,XBTUSDT,1,32991.5,-0.0371340503293,1
0.00886083333333,2022-01-24T13:00:31.899Z,XBTUSDT,1,32998.5,-0.0369218969719,1
0.00891027777778,2022-01-24T13:00:32.077Z,XBTUSDT,1,32953,-0.0383016990149,1
0.0104247222222,2022-01-24T13:00:37.529Z,XBTUSDT,1,32990,-0.0371795176194,1
0.0111105555556,2022-01-24T13:00:39.998Z,XBTUSDT,1,32969.2681564,-0.03780814328,2
0.0125402777778,2022-01-24T13:00:45.145Z,XBTUSDT,1,32955.5,-0.0382258362658,1
0.0125936111111,2022-01-24T13:00:45.337Z,XBTUSDT,1,32996,-0.0369976608614,1
0.012605,2022-01-24T13:00:45.378Z,XBTUSDT,1,32996,-0.0369976608614,1
0.0132827777778,2022-01-24T13:00:47.818Z,XBTUSDT,1,33030,-0.0359677634572,1
0.0145047222222,2022-01-24T13:00:52.217Z,XBTUSDT,1,33100,-0.0338507204769,1
0.0145175,2022-01-24T13:00:52.263Z,XBTUSDT,1,33105.5,-0.0336845711384,1
0.0145197222222,2022-01-24T13:00:52.271Z,XBTUSDT,1,33105.5,-0.0336845711384,1
0.0145725,2022-01-24T13:00:52.461Z,XBTUSDT,1,33105.5,-0.0336845711384,1
0.0145791666667,2022-01-24T13:00:52.485Z,XBTUSDT,1,33120.2,-0.0332406347137,2
0.0147077777778,2022-01-24T13:00:52.948Z,XBTUSDT,1,33125,-0.0330957185535,1
0.0148408333333,2022-01-24T13:00:53.427Z,XBTUSDT,1,33159.9591002,-0.0320409060011,3
0.0150622222222,2022-01-24T13:00:54.224Z,XBTUSDT,1,33175,-0.0315874226416,1
0.0150644444444,2022-01-24T13:00:54.232Z,XBTUSDT,1,33175,-0.0315874226416,1
0.0152,2022-01-24T13:00:54.720Z,XBTUSDT,1,33200,-0.0308341269374,1
0.0160358333333,2022-01-24T13:00:57.729Z,XBTUSDT,1,33237,-0.0297202896532,1
0.0161491666667,2022-01-24T13:00:58.137Z,XBTUSDT,1,33250,-0.029329235758,1
0.0175744444444,2022-01-24T13:01:03.268Z,XBTUSDT,1,33274.5,-0.0285926649876,1
0.0179011111111,2022-01-24T13:01:04.444Z,XBTUSDT,1,33289,-0.0281569907749,1
0.0179322222222,2022-01-24T13:01:04.556Z,XBTUSDT,1,33289,-0.0281569907749,1
0.0179341666667,2022-01-24T13:01:04.563Z,XBTUSDT,1,33289,-0.0281569907749,1
0.0179583333333,2022-01-24T13:01:04.650Z,XBTUSDT,1,33289,-0.0281569907749,1
0.01796,2022-01-24T13:01:04.656Z,XBTUSDT,1,33289,-0.0281569907749,1
0.0179608333333,2022-01-24T13:01:04.659Z,XBTUSDT,1,33289,-0.0281569907749,2
0.0179616666667,2022-01-24T13:01:04.662Z,XBTUSDT,1,33289,-0.0281569907749,1
0.0179627777778,2022-01-24T13:01:04.666Z,XBTUSDT,1,33289,-0.0281569907749,1
0.0179636111111,2022-01-24T13:01:04.669Z,XBTUSDT,1,33289,-0.0281569907749,1
0.0182044444444,2022-01-24T13:01:05.536Z,XBTUSDT,1,33289.5,-0.0281419709111,1
0.0182141666667,2022-01-24T13:01:05.571Z,XBTUSDT,1,33349.5,-0.0263412231144,1
0.0192297222222,2022-01-24T13:01:09.227Z,XBTUSDT,1,33350,-0.0263262304982,1
0.0203041666667,2022-01-24T13:01:13.095Z,XBTUSDT,1,33359.5,-0.0260414134912,1
0.0206502777778,2022-01-24T13:01:14.341Z,XBTUSDT,1,33399,-0.0248580434452,1
0.0206630555556,2022-01-24T13:01:14.387Z,XBTUSDT,1,33400,-0.0248281028772,1
0.0206758333333,2022-01-24T13:01:14.433Z,XBTUSDT,1,33400.5,-0.0248131329294,1
0.0207861111111,2022-01-24T13:01:14.830Z,XBTUSDT,1,33410.5,-0.024513781024,1
0.0208536111111,2022-01-24T13:01:15.073Z,XBTUSDT,1,33423.5,-0.0241247574682,1
0.0209375,2022-01-24T13:01:15.375Z,XBTUSDT,1,33444,-0.0235116045721,2
0.0238827777778,2022-01-24T13:01:25.978Z,XBTUSDT,1,33423,-0.0241397171146,1
0.0238880555556,2022-01-24T13:01:25.997Z,XBTUSDT,1,33423,-0.0241397171146,1
0.0239038888889,2022-01-24T13:01:26.054Z,XBTUSDT,1,33423,-0.0241397171146,1
0.0239483333333,2022-01-24T13:01:26.214Z,XBTUSDT,1,33407.5,-0.0246035771868,1
0.02752,2022-01-24T13:01:39.072Z,XBTUSDT,1,33495.5,-0.0219729014099,1
0.0279788888889,2022-01-24T13:01:40.724Z,XBTUSDT,1,33495.5,-0.0219729014099,1
0.0288536111111,2022-01-24T13:01:43.873Z,XBTUSDT,1,33435.4769585,-0.0237664822089,4
0.0288602777778,2022-01-24T13:01:43.897Z,XBTUSDT,1,33427.5,-0.0240050883532,2
0.0289322222222,2022-01-24T13:01:44.156Z,XBTUSDT,1,33442,-0.0235714078194,1
0.0289727777778,2022-01-24T13:01:44.302Z,XBTUSDT,1,33442.5,-0.0235564566723,1
0.0289769444444,2022-01-24T13:01:44.317Z,XBTUSDT,1,33427.5,-0.0240050883532,1
0.0289797222222,2022-01-24T13:01:44.327Z,XBTUSDT,1,33427.5,-0.0240050883532,1
0.0289822222222,2022-01-24T13:01:44.336Z,XBTUSDT,1,33380.304878,-0.0254179511134,2
0.0290113888889,2022-01-24T13:01:44.441Z,XBTUSDT,1,33363,-0.0259365013551,1
0.029035,2022-01-24T13:01:44.526Z,XBTUSDT,1,33341.3542553,-0.0265855068265,2
0.0290858333333,2022-01-24T13:01:44.709Z,XBTUSDT,1,33299.942896,-0.0278283207101,2
0.0294438888889,2022-01-24T13:01:45.998Z,XBTUSDT,1,33259.5,-0.0290435622808,1
0.0294461111111,2022-01-24T13:01:46.006Z,XBTUSDT,1,33259.5,-0.0290435622808,1
0.0294475,2022-01-24T13:01:46.011Z,XBTUSDT,1,33259.5,-0.0290435622808,1
0.0294497222222,2022-01-24T13:01:46.019Z,XBTUSDT,1,33259.5,-0.0290435622808,1
0.0294963888889,2022-01-24T13:01:46.187Z,XBTUSDT,1,33339.5967366,-0.0266382210934,4
0.0296138888889,2022-01-24T13:01:46.610Z,XBTUSDT,1,33226.5,-0.0300362525528,1
0.0296163888889,2022-01-24T13:01:46.619Z,XBTUSDT,1,33226.5,-0.0300362525528,1
0.0298861111111,2022-01-24T13:01:47.590Z,XBTUSDT,1,33248.5,-0.0293743495576,1
0.0299988888889,2022-01-24T13:01:47.996Z,XBTUSDT,1,33248.5,-0.0293743495576,1
0.0300144444444,2022-01-24T13:01:48.052Z,XBTUSDT,1,33248.5,-0.0293743495576,1
0.0300180555556,2022-01-24T13:01:48.065Z,XBTUSDT,1,33248.5,-0.0293743495576,1
0.0300197222222,2022-01-24T13:01:48.071Z,XBTUSDT,1,33248.5,-0.0293743495576,1
0.0300213888889,2022-01-24T13:01:48.077Z,XBTUSDT,1,33248.5,-0.0293743495576,1
0.0300344444444,2022-01-24T13:01:48.124Z,XBTUSDT,1,33182.5,-0.0313613743416,1
0.0300633333333,2022-01-24T13:01:48.228Z,XBTUSDT,1,33216.5,-0.0303372624432,1
0.0301372222222,2022-01-24T13:01:48.494Z,XBTUSDT,1,33216.5,-0.0303372624432,1
0.0304036111111,2022-01-24T13:01:49.453Z,XBTUSDT,1,33234.5,-0.0297955098604,1
0.0304247222222,2022-01-24T13:01:49.529Z,XBTUSDT,1,33234.5,-0.0297955098604,1
0.0304766666667,2022-01-24T13:01:49.716Z,XBTUSDT,1,33234.5,-0.0297955098604,1
0.0305094444444,2022-01-24T13:01:49.834Z,XBTUSDT,1,33218.5,-0.0302770532161,1
0.0305911111111,2022-01-24T13:01:50.128Z,XBTUSDT,1,33255.5,-0.0291638359035,1
0.0305927777778,2022-01-24T13:01:50.134Z,XBTUSDT,1,33193,-0.0310449925415,1
0.0306475,2022-01-24T13:01:50.331Z,XBTUSDT,1,33189.7436709,-0.0311431002405,2
0.0307752777778,2022-01-24T13:01:50.791Z,XBTUSDT,1,33182.5,-0.0313613743416,1
0.0307897222222,2022-01-24T13:01:50.843Z,XBTUSDT,1,33182.5,-0.0313613743416,1
0.0308752777778,2022-01-24T13:01:51.151Z,XBTUSDT,1,33183,-0.0313463062716,1
0.0310566666667,2022-01-24T13:01:51.804Z,XBTUSDT,1,33254,-0.0292089422417,1
0.0311655555556,2022-01-24T13:01:52.196Z,XBTUSDT,1,33253,-0.0292390142642,1
0.0312130555556,2022-01-24T13:01:52.367Z,XBTUSDT,1,33183.5,-0.0313312384287,1
0.0312397222222,2022-01-24T13:01:52.463Z,XBTUSDT,1,33183.5,-0.0313312384287,1
0.0313244444444,2022-01-24T13:01:52.768Z,XBTUSDT,1,33184,-0.0313161708128,1
0.0313922222222,2022-01-24T13:01:53.012Z,XBTUSDT,1,33183.5,-0.0313312384287,1
0.0314175,2022-01-24T13:01:53.103Z,XBTUSDT,1,33183.5,-0.0313312384287,1
0.0314836111111,2022-01-24T13:01:53.341Z,XBTUSDT,1,33269,-0.0287579703897,1
0.0315716666667,2022-01-24T13:01:53.658Z,XBTUSDT,1,33184,-0.0313161708128,1
0.0316902777778,2022-01-24T13:01:54.085Z,XBTUSDT,1,33302.8604651,-0.0277407097093,2
0.0319819444444,2022-01-24T13:01:55.135Z,XBTUSDT,1,33208.5,-0.0305781356096,1
0.0322075,2022-01-24T13:01:55.947Z,XBTUSDT,1,33209.5866667,-0.0305454135991,3
0.0322733333333,2022-01-24T13:01:56.184Z,XBTUSDT,1,33301.3410156,-0.0277863359448,4
0.0344141666667,2022-01-24T13:02:03.891Z,XBTUSDT,1,33206.5,-0.0306383629679,1
0.0344166666667,2022-01-24T13:02:03.900Z,XBTUSDT,1,33206.5,-0.0306383629679,1
0.0344197222222,2022-01-24T13:02:03.911Z,XBTUSDT,1,33206.5,-0.0306383629679,1
0.0344216666667,2022-01-24T13:02:03.918Z,XBTUSDT,1,33206.5,-0.0306383629679,1
0.0344244444444,2022-01-24T13:02:03.928Z,XBTUSDT,1,33206.5,-0.0306383629679,1
0.0344311111111,2022-01-24T13:02:03.952Z,XBTUSDT,1,33206.5,-0.0306383629679,1
0.0344358333333,2022-01-24T13:02:03.969Z,XBTUSDT,1,33200,-0.0308341269374,1
0.0362838888889,2022-01-24T13:02:10.622Z,XBTUSDT,1,33255.5,-0.0291638359035,1
0.0362913888889,2022-01-24T13:02:10.649Z,XBTUSDT,1,33255.5,-0.0291638359035,1
0.0364077777778,2022-01-24T13:02:11.068Z,XBTUSDT,1,33255.5,-0.0291638359035,1
0.0369663888889,2022-01-24T13:02:13.079Z,XBTUSDT,1,33294,-0.028006802288,1
0.0385852777778,2022-01-24T13:02:18.907Z,XBTUSDT,1,33336,-0.0267461087397,1
0.0394897222222,2022-01-24T13:02:22.163Z,XBTUSDT,1,33331,-0.02689610799,1
0.0395905555556,2022-01-24T13:02:22.526Z,XBTUSDT,1,33314.5,-0.0273912652125,1
0.0395911111111,2022-01-24T13:02:22.528Z,XBTUSDT,1,33314.5,-0.0273912652125,1
0.0397219444444,2022-01-24T13:02:22.999Z,XBTUSDT,1,33285,-0.0282771578072,1
0.0491294444444,2022-01-24T13:02:56.866Z,XBTUSDT,1,33292.5,-0.0280518564657,1
0.0492033333333,2022-01-24T13:02:57.132Z,XBTUSDT,1,33292.5,-0.0280518564657,1
0.0492091666667,2022-01-24T13:02:57.153Z,XBTUSDT,1,33292.5,-0.0280518564657,1
0.0492219444444,2022-01-24T13:02:57.199Z,XBTUSDT,1,33292.5,-0.0280518564657,1
0.0508094444444,2022-01-24T13:03:02.914Z,XBTUSDT,1,33350.3203125,-0.0263166259716,5
0.0513680555556,2022-01-24T13:03:04.925Z,XBTUSDT,1,33301,-0.0277965762943,2
0.0542325,2022-01-24T13:03:15.237Z,XBTUSDT,1,33287,-0.028217072486,3
0.0583827777778,2022-01-24T13:03:30.178Z,XBTUSDT,1,33244.0535714,-0.0295080917088,2
0.0583983333333,2022-01-24T13:03:30.234Z,XBTUSDT,1,33242.1164323,-0.0295663636499,5
0.0584177777778,2022-01-24T13:03:30.304Z,XBTUSDT,1,33205.8318792,-0.0306584833518,5
0.0586236111111,2022-01-24T13:03:31.045Z,XBTUSDT,1,33200,-0.0308341269374,1
0.0586311111111,2022-01-24T13:03:31.072Z,XBTUSDT,1,33200,-0.0308341269374,1
0.0587869444444,2022-01-24T13:03:31.633Z,XBTUSDT,1,33175,-0.0315874226416,1
0.0587894444444,2022-01-24T13:03:31.642Z,XBTUSDT,1,33175,-0.0315874226416,1
0.0588130555556,2022-01-24T13:03:31.727Z,XBTUSDT,1,33139.22,-0.0326665276502,2
0.0589444444444,2022-01-24T13:03:32.200Z,XBTUSDT,1,33130.5,-0.0329296946004,1
0.0590666666667,2022-01-24T13:03:32.640Z,XBTUSDT,1,33151.8507813,-0.0322854572812,4
0.0590969444444,2022-01-24T13:03:32.749Z,XBTUSDT,1,33126,-0.0330655303299,2
0.0591502777778,2022-01-24T13:03:32.941Z,XBTUSDT,1,33128.5,-0.0329900637578,1
0.0592338888889,2022-01-24T13:03:33.242Z,XBTUSDT,1,33126.9310345,-0.033037424872,2
0.0592369444444,2022-01-24T13:03:33.253Z,XBTUSDT,1,33136.3007812,-0.0327546210735,2
0.0592591666667,2022-01-24T13:03:33.333Z,XBTUSDT,1,33125.5,-0.0330806243278,1
0.0592808333333,2022-01-24T13:03:33.411Z,XBTUSDT,1,33125.5,-0.0330806243278,1
0.0592844444444,2022-01-24T13:03:33.424Z,XBTUSDT,1,33125.5,-0.0330806243278,1
0.0595066666667,2022-01-24T13:03:34.224Z,XBTUSDT,1,33081,-0.0344249034152,1
0.0595075,2022-01-24T13:03:34.227Z,XBTUSDT,1,33081,-0.0344249034152,1
0.0595113888889,2022-01-24T13:03:34.241Z,XBTUSDT,1,33081,-0.0344249034152,1
0.0595133333333,2022-01-24T13:03:34.248Z,XBTUSDT,1,33081,-0.0344249034152,1
0.0595158333333,2022-01-24T13:03:34.257Z,XBTUSDT,1,33081,-0.0344249034152,1
0.0595163888889,2022-01-24T13:03:34.259Z,XBTUSDT,1,33081,-0.0344249034152,1
0.0595775,2022-01-24T13:03:34.479Z,XBTUSDT,1,33078.5,-0.0345004783516,1
0.0605802777778,2022-01-24T13:03:38.089Z,XBTUSDT,1,33106,-0.0336694680219,1
0.0605897222222,2022-01-24T13:03:38.123Z,XBTUSDT,1,33126.35,-0.033054964667,3
0.0606211111111,2022-01-24T13:03:38.236Z,XBTUSDT,1,33125.5,-0.0330806243278,1
0.0606222222222,2022-01-24T13:03:38.240Z,XBTUSDT,1,33126.5,-0.0330504365599,1
0.0606669444444,2022-01-24T13:03:38.401Z,XBTUSDT,1,33126.5,-0.0330504365599,1
0.0607136111111,2022-01-24T13:03:38.569Z,XBTUSDT,1,33141,-0.0326128163016,1
0.0607172222222,2022-01-24T13:03:38.582Z,XBTUSDT,1,33144.8878505,-0.0324955107756,2
0.0607680555556,2022-01-24T13:03:38.765Z,XBTUSDT,1,33172,-0.0316778562709,1
0.0608061111111,2022-01-24T13:03:38.902Z,XBTUSDT,1,33184,-0.0313161708128,1
0.0608086111111,2022-01-24T13:03:38.911Z,XBTUSDT,1,33184,-0.0313161708128,1
0.0608569444444,2022-01-24T13:03:39.085Z,XBTUSDT,1,33184,-0.0313161708128,1
0.0609486111111,2022-01-24T13:03:39.415Z,XBTUSDT,1,33212.5,-0.0304576917739,1
0.0611302777778,2022-01-24T13:03:40.069Z,XBTUSDT,1,33224,-0.0301114965314,1
0.0612566666667,2022-01-24T13:03:40.524Z,XBTUSDT,1,33224,-0.0301114965314,1
0.0616897222222,2022-01-24T13:03:42.083Z,XBTUSDT,1,33185.5,-0.0312709693271,1
0.0617025,2022-01-24T13:03:42.129Z,XBTUSDT,1,33185.5,-0.0312709693271,1
0.0617880555556,2022-01-24T13:03:42.437Z,XBTUSDT,1,33151,-0.0323111207705,1
0.0631675,2022-01-24T13:03:47.403Z,XBTUSDT,1,33078,-0.0345155940243,1
0.0686575,2022-01-24T13:04:07.167Z,XBTUSDT,1,33214.5,-0.0303974752957,1
0.0708102777778,2022-01-24T13:04:14.917Z,XBTUSDT,1,33150,-0.032341286228,1
0.0719122222222,2022-01-24T13:04:18.884Z,XBTUSDT,1,33177.5,-0.0315120675306,1
0.0721055555556,2022-01-24T13:04:19.580Z,XBTUSDT,1,33177.5,-0.0315120675306,2
0.0721069444444,2022-01-24T13:04:19.585Z,XBTUSDT,1,33177.5,-0.0315120675306,1
0.0781852777778,2022-01-24T13:04:41.467Z,XBTUSDT,1,33200.5116279,-0.030818716577,2
0.0806336111111,2022-01-24T13:04:50.281Z,XBTUSDT,1,33156.5,-0.0321452270175,1
0.0807019444444,2022-01-24T13:04:50.527Z,XBTUSDT,1,33155.5,-0.0321753874711,1
0.0827938888889,2022-01-24T13:04:58.058Z,XBTUSDT,1,33100,-0.0338507204769,1
0.0827963888889,2022-01-24T13:04:58.067Z,XBTUSDT,1,33100,-0.0338507204769,1
0.0848541666667,2022-01-24T13:05:05.475Z,XBTUSDT,1,33181.5,-0.0313915111628,1
0.0882627777778,2022-01-24T13:05:17.746Z,XBTUSDT,1,33177.0615,-0.0315252844064,2
0.0907313888889,2022-01-24T13:05:26.633Z,XBTUSDT,1,33071.5,-0.034712118564,1
0.0932488888889,2022-01-24T13:05:35.696Z,XBTUSDT,1,33187.5,-0.0312107038577,1
0.102219166667,2022-01-24T13:06:07.989Z,XBTUSDT,1,33200,-0.0308341269374,2
0.102603055556,2022-01-24T13:06:09.371Z,XBTUSDT,1,33229,-0.0299610142354,2
0.117714444444,2022-01-24T13:07:03.772Z,XBTUSDT,1,33150,-0.032341286228,1
0.118974166667,2022-01-24T13:07:08.307Z,XBTUSDT,1,33139.5,-0.0326580784828,1
0.129930555556,2022-01-24T13:07:47.750Z,XBTUSDT,1,33215.5,-0.0303673684163,1
0.129931666667,2022-01-24T13:07:47.754Z,XBTUSDT,1,33215.5,-0.0303673684163,1
0.129933333333,2022-01-24T13:07:47.760Z,XBTUSDT,1,33215.5,-0.0303673684163,1
0.129936666667,2022-01-24T13:07:47.772Z,XBTUSDT,1,33215.5,-0.0303673684163,1
0.138321111111,2022-01-24T13:08:17.956Z,XBTUSDT,1,33222,-0.030171695791,1
0.142145555556,2022-01-24T13:08:31.724Z,XBTUSDT,1,33211.5,-0.0304878013729,1
0.143525277778,2022-01-24T13:08:36.691Z,XBTUSDT,1,33227.5,-0.0300061565465,1
0.148156388889,2022-01-24T13:08:53.363Z,XBTUSDT,1,33221.5,-0.0301867461721,1
0.149579722222,2022-01-24T13:08:58.487Z,XBTUSDT,1,33250,-0.029329235758,1
0.150133611111,2022-01-24T13:09:00.481Z,XBTUSDT,1,33289,-0.0281569907749,1
0.150283611111,2022-01-24T13:09:01.021Z,XBTUSDT,1,33289,-0.0281569907749,1
0.1512425,2022-01-24T13:09:04.473Z,XBTUSDT,1,33300,-0.0278266058735,1
0.151248333333,2022-01-24T13:09:04.494Z,XBTUSDT,1,33300,-0.0278266058735,1
0.151435555556,2022-01-24T13:09:05.168Z,XBTUSDT,1,33326.5,-0.0270311265553,1
0.1520125,2022-01-24T13:09:07.245Z,XBTUSDT,1,33338,-0.026686115339,1
0.153377777778,2022-01-24T13:09:12.160Z,XBTUSDT,1,33353.5535156,-0.0262196839819,6
0.153386388889,2022-01-24T13:09:12.191Z,XBTUSDT,1,33374.9438596,-0.0255785682488,8
0.153391111111,2022-01-24T13:09:12.208Z,XBTUSDT,1,33391.7337248,-0.0250756267772,2
0.153428055556,2022-01-24T13:09:12.341Z,XBTUSDT,1,33392,-0.025067652525,1
0.153465555556,2022-01-24T13:09:12.476Z,XBTUSDT,1,33361,-0.0259964497994,1
0.153518055556,2022-01-24T13:09:12.665Z,XBTUSDT,1,33400,-0.0248281028772,1
0.153559444444,2022-01-24T13:09:12.814Z,XBTUSDT,1,33429.0138158,-0.0239598028394,2
0.153574444444,2022-01-24T13:09:12.868Z,XBTUSDT,1,33451.953554,-0.0232738157797,3
0.153575833333,2022-01-24T13:09:12.873Z,XBTUSDT,1,33454.5,-0.0231976961859,1
0.153579444444,2022-01-24T13:09:12.886Z,XBTUSDT,1,33454.5,-0.0231976961859,1
0.153640277778,2022-01-24T13:09:13.105Z,XBTUSDT,1,33433,-0.0238405666995,1
0.153706666667,2022-01-24T13:09:13.344Z,XBTUSDT,1,33443.7212693,-0.0235199388582,3
0.153711666667,2022-01-24T13:09:13.362Z,XBTUSDT,1,33454.5,-0.0231976961859,1
0.153715555556,2022-01-24T13:09:13.376Z,XBTUSDT,1,33454.5,-0.0231976961859,1
0.1537375,2022-01-24T13:09:13.455Z,XBTUSDT,1,33454.5,-0.0231976961859,1
0.153740833333,2022-01-24T13:09:13.467Z,XBTUSDT,1,33454.5,-0.0231976961859,1
0.153758333333,2022-01-24T13:09:13.530Z,XBTUSDT,1,33454.5,-0.0231976961859,1
0.153763055556,2022-01-24T13:09:13.547Z,XBTUSDT,1,33454.5,-0.0231976961859,1
0.153778055556,2022-01-24T13:09:13.601Z,XBTUSDT,1,33480.5,-0.022420823061,1
0.153804166667,2022-01-24T13:09:13.695Z,XBTUSDT,1,33406,-0.0246484782921,1
0.153826388889,2022-01-24T13:09:13.775Z,XBTUSDT,1,33480.5,-0.022420823061,1
0.153847777778,2022-01-24T13:09:13.852Z,XBTUSDT,1,33454,-0.0232126419701,1
0.153915833333,2022-01-24T13:09:14.097Z,XBTUSDT,1,33480.5,-0.022420823061,1
0.154000277778,2022-01-24T13:09:14.401Z,XBTUSDT,1,33473,-0.0226448591467,1
0.154032777778,2022-01-24T13:09:14.518Z,XBTUSDT,1,33480.5,-0.022420823061,1
0.154033611111,2022-01-24T13:09:14.521Z,XBTUSDT,1,33480.5,-0.022420823061,1
0.154048888889,2022-01-24T13:09:14.576Z,XBTUSDT,1,33480.5,-0.022420823061,1
0.154066111111,2022-01-24T13:09:14.638Z,XBTUSDT,1,33480.5,-0.022420823061,1
0.154068888889,2022-01-24T13:09:14.648Z,XBTUSDT,1,33480.5,-0.022420823061,1
0.154151111111,2022-01-24T13:09:14.944Z,XBTUSDT,1,33480.5,-0.022420823061,1
0.154177777778,2022-01-24T13:09:15.040Z,XBTUSDT,1,33480.5,-0.022420823061,1
0.154196388889,2022-01-24T13:09:15.107Z,XBTUSDT,1,33480.5,-0.022420823061,1
0.154197777778,2022-01-24T13:09:15.112Z,XBTUSDT,1,33480.5,-0.022420823061,1
0.154201388889,2022-01-24T13:09:15.125Z,XBTUSDT,1,33480.5,-0.022420823061,1
0.154213055556,2022-01-24T13:09:15.167Z,XBTUSDT,1,33480.5,-0.022420823061,1
0.154216111111,2022-01-24T13:09:15.178Z,XBTUSDT,1,33480.5,-0.022420823061,1
0.154216944444,2022-01-24T13:09:15.181Z,XBTUSDT,1,33480.5,-0.022420823061,1
0.154319444444,2022-01-24T13:09:15.550Z,XBTUSDT,1,33517.2857143,-0.0213227056355,3
0.154322777778,2022-01-24T13:09:15.562Z,XBTUSDT,1,33535,-0.0207943333082,1
0.154335833333,2022-01-24T13:09:15.609Z,XBTUSDT,1,33563.1764706,-0.0199544752457,2
0.154384444444,2022-01-24T13:09:15.784Z,XBTUSDT,1,33549.9858757,-0.0203475604346,2
0.154908611111,2022-01-24T13:09:17.671Z,XBTUSDT,1,33563.5,-0.0199448358764,2
0.154963055556,2022-01-24T13:09:17.867Z,XBTUSDT,1,33508.5,-0.0215848648699,1
0.155016944444,2022-01-24T13:09:18.061Z,XBTUSDT,1,33600,-0.0188579358907,1
0.155029166667,2022-01-24T13:09:18.105Z,XBTUSDT,1,33613.5,-0.0184562308707,1
0.155731111111,2022-01-24T13:09:20.632Z,XBTUSDT,1,33603,-0.0187686541622,1
0.155765555556,2022-01-24T13:09:20.756Z,XBTUSDT,1,33641.6576271,-0.01761889349,3
0.156355,2022-01-24T13:09:22.878Z,XBTUSDT,1,33652.5,-0.0172966553238,1
0.156569722222,2022-01-24T13:09:23.651Z,XBTUSDT,1,33652,-0.0173115131713,1
0.158778888889,2022-01-24T13:09:31.604Z,XBTUSDT,1,33552,-0.0202875287003,1
0.159361666667,2022-01-24T13:09:33.702Z,XBTUSDT,1,33552,-0.0202875287003,2
0.159734166667,2022-01-24T13:09:35.043Z,XBTUSDT,1,33551.9074074,-0.0202902883784,2
0.159883333333,2022-01-24T13:09:35.580Z,XBTUSDT,1,33555.8323353,-0.0201733144514,4
0.160205555556,2022-01-24T13:09:36.740Z,XBTUSDT,1,33601.8333333,-0.0188033738872,2
0.161110833333,2022-01-24T13:09:39.999Z,XBTUSDT,1,33599.5,-0.0188728169538,1
0.161196388889,2022-01-24T13:09:40.307Z,XBTUSDT,1,33677,-0.0165688910872,1
0.162903055556,2022-01-24T13:09:46.451Z,XBTUSDT,1,33580.5,-0.019438461506,1
0.163711388889,2022-01-24T13:09:49.361Z,XBTUSDT,1,33570.35,-0.0197407659467,2
0.164183888889,2022-01-24T13:09:51.062Z,XBTUSDT,1,33640.5,-0.0176533046076,1
0.165420833333,2022-01-24T13:09:55.515Z,XBTUSDT,1,33568.5,-0.0197958756187,1
0.165993888889,2022-01-24T13:09:57.578Z,XBTUSDT,1,33568.5,-0.0197958756187,1
0.168401111111,2022-01-24T13:10:06.244Z,XBTUSDT,1,33567.39,-0.0198289428797,3
0.169463333333,2022-01-24T13:10:10.068Z,XBTUSDT,1,33622.54625,-0.0181871415783,3
0.175016944444,2022-01-24T13:10:30.061Z,XBTUSDT,1,33607.5,-0.0186347465136,1
0.176006388889,2022-01-24T13:10:33.623Z,XBTUSDT,1,33635.0833333,-0.0178143338074,3
0.176050833333,2022-01-24T13:10:33.783Z,XBTUSDT,1,33588.3409091,-0.0192049928613,2
0.178148888889,2022-01-24T13:10:41.336Z,XBTUSDT,1,33614,-0.0184413560055,1
0.179161944444,2022-01-24T13:10:44.983Z,XBTUSDT,1,33678.7533333,-0.0165168292144,3
0.180478888889,2022-01-24T13:10:49.724Z,XBTUSDT,1,33621.5,-0.0182182595749,1
0.181630833333,2022-01-24T13:10:53.871Z,XBTUSDT,1,33665.5,-0.0169104287525,1
0.183356666667,2022-01-24T13:11:00.084Z,XBTUSDT,1,33619.5,-0.0182777470899,1
0.186381666667,2022-01-24T13:11:10.974Z,XBTUSDT,1,33677.0816667,-0.0165664660919,4
0.187477777778,2022-01-24T13:11:14.920Z,XBTUSDT,1,33649,-0.0174006648927,2
0.188311944444,2022-01-24T13:11:17.923Z,XBTUSDT,1,33681.5,-0.0164352776604,1
0.189205833333,2022-01-24T13:11:21.141Z,XBTUSDT,1,33622,-0.018203388249,3
0.1895375,2022-01-24T13:11:22.335Z,XBTUSDT,1,33672.5,-0.016702522369,1
0.189544444444,2022-01-24T13:11:22.360Z,XBTUSDT,1,33672.5,-0.016702522369,1
0.189653055556,2022-01-24T13:11:22.751Z,XBTUSDT,1,33696,-0.0160048669083,1
0.189678888889,2022-01-24T13:11:22.844Z,XBTUSDT,1,33700,-0.0158861655016,2
0.189681666667,2022-01-24T13:11:22.854Z,XBTUSDT,1,33700,-0.0158861655016,1
0.189683333333,2022-01-24T13:11:22.860Z,XBTUSDT,1,33700,-0.0158861655016,1
0.189685833333,2022-01-24T13:11:22.869Z,XBTUSDT,1,33700,-0.0158861655016,1
0.189686388889,2022-01-24T13:11:22.871Z,XBTUSDT,1,33700,-0.0158861655016,1
0.189688888889,2022-01-24T13:11:22.880Z,XBTUSDT,1,33700,-0.0158861655016,1
0.189694722222,2022-01-24T13:11:22.901Z,XBTUSDT,1,33700,-0.0158861655016,1
0.189695833333,2022-01-24T13:11:22.905Z,XBTUSDT,1,33700,-0.0158861655016,1
0.189698333333,2022-01-24T13:11:22.914Z,XBTUSDT,1,33700,-0.0158861655016,1
0.189705555556,2022-01-24T13:11:22.940Z,XBTUSDT,1,33700,-0.0158861655016,1
0.189706388889,2022-01-24T13:11:22.943Z,XBTUSDT,1,33700,-0.0158861655016,2
0.190145555556,2022-01-24T13:11:24.524Z,XBTUSDT,1,33749.76,-0.0144106966777,3
0.190197222222,2022-01-24T13:11:24.710Z,XBTUSDT,1,33750.3018018,-0.0143946433057,2
0.191059722222,2022-01-24T13:11:27.815Z,XBTUSDT,1,33728.5,-0.0150408255727,1
0.191806111111,2022-01-24T13:11:30.502Z,XBTUSDT,1,33772.3533333,-0.0137414837914,2
0.192186666667,2022-01-24T13:11:31.872Z,XBTUSDT,1,33705.8,-0.0157140734853,2
0.192757777778,2022-01-24T13:11:33.928Z,XBTUSDT,1,33685.77,-0.0163085098693,3
0.1935,2022-01-24T13:11:36.600Z,XBTUSDT,1,33720.3516667,-0.0152824407573,3
0.194388611111,2022-01-24T13:11:39.799Z,XBTUSDT,1,33661.65,-0.0170247956908,2
0.195191388889,2022-01-24T13:11:42.689Z,XBTUSDT,1,33696,-0.0160048669083,2
0.195257777778,2022-01-24T13:11:42.928Z,XBTUSDT,1,33635.5,-0.0178019460253,1
0.196164722222,2022-01-24T13:11:46.193Z,XBTUSDT,1,33622,-0.018203388249,1
0.196736388889,2022-01-24T13:11:48.251Z,XBTUSDT,1,33582.5,-0.0193789049048,1
0.1970675,2022-01-24T13:11:49.443Z,XBTUSDT,1,33646.1,-0.0174868524458,3
0.198070555556,2022-01-24T13:11:53.054Z,XBTUSDT,1,33561.5,-0.020004426193,1
0.198363333333,2022-01-24T13:11:54.108Z,XBTUSDT,1,33549.7133333,-0.0203556839397,2
0.198558888889,2022-01-24T13:11:54.812Z,XBTUSDT,1,33518.5,-0.0212864776506,1
0.199359722222,2022-01-24T13:11:57.695Z,XBTUSDT,1,33608,-0.0186198689928,1
0.200458611111,2022-01-24T13:12:01.651Z,XBTUSDT,1,33522,-0.0211820631548,1
0.2012325,2022-01-24T13:12:04.437Z,XBTUSDT,1,33587,-0.0192449155196,1
0.202029444444,2022-01-24T13:12:07.306Z,XBTUSDT,1,33572,-0.0196916166393,1
0.202803055556,2022-01-24T13:12:10.091Z,XBTUSDT,1,33615.7333333,-0.0183897915191,3
0.218136388889,2022-01-24T13:13:05.291Z,XBTUSDT,1,33540,-0.0206452464648,1
0.2192175,2022-01-24T13:13:09.183Z,XBTUSDT,1,33592.698,-0.019075280937,4
0.220503333333,2022-01-24T13:13:13.812Z,XBTUSDT,1,33560.5,-0.0200342226829,1
0.221410555556,2022-01-24T13:13:17.078Z,XBTUSDT,1,33593.5,-0.019051406986,1
0.222643055556,2022-01-24T13:13:21.515Z,XBTUSDT,1,33600,-0.0188579358907,1
0.223293333333,2022-01-24T13:13:23.856Z,XBTUSDT,1,33574.96,-0.0196034518139,4
0.224415,2022-01-24T13:13:27.894Z,XBTUSDT,1,33603.486,-0.0187541912724,3
0.224949166667,2022-01-24T13:13:29.817Z,XBTUSDT,1,33571,-0.01972140381,1
0.230891111111,2022-01-24T13:13:51.208Z,XBTUSDT,1,33523.658,-0.0211326043218,4
0.231627222222,2022-01-24T13:13:53.858Z,XBTUSDT,1,33568.412,-0.0197984971274,3
0.23246,2022-01-24T13:13:56.856Z,XBTUSDT,1,33520,-0.021241727246,1
0.233154444444,2022-01-24T13:13:59.356Z,XBTUSDT,1,33559.236,-0.0200718867167,2
0.233922777778,2022-01-24T13:14:02.122Z,XBTUSDT,1,33513.107,-0.0214473868173,6
0.234531944444,2022-01-24T13:14:04.315Z,XBTUSDT,1,33543.412,-0.0205435223604,3
0.234840833333,2022-01-24T13:14:05.427Z,XBTUSDT,1,33481.1252955,-0.0224021468265,5
0.2358025,2022-01-24T13:14:08.889Z,XBTUSDT,1,33470.668,-0.0227145296643,3
0.236532222222,2022-01-24T13:14:11.516Z,XBTUSDT,1,33511.64,-0.0214911616935,4
0.237749166667,2022-01-24T13:14:15.897Z,XBTUSDT,1,33476.276,-0.0225469940106,4
0.238500555556,2022-01-24T13:14:18.602Z,XBTUSDT,1,33505.5,-0.0216743984003,2
0.238856388889,2022-01-24T13:14:19.883Z,XBTUSDT,1,33534.276,-0.0208159229254,2
0.239615277778,2022-01-24T13:14:22.615Z,XBTUSDT,1,33489.034,-0.0221659609009,5
0.240251111111,2022-01-24T13:14:24.904Z,XBTUSDT,1,33519.254,-0.0212639828636,3
0.243873888889,2022-01-24T13:14:37.946Z,XBTUSDT,1,33503.46,-0.0217352857801,2
0.244876111111,2022-01-24T13:14:41.554Z,XBTUSDT,1,33536.8533333,-0.0207390691924,3
0.246921111111,2022-01-24T13:14:48.916Z,XBTUSDT,1,33466.5,-0.0228390643624,1
0.250373888889,2022-01-24T13:15:01.346Z,XBTUSDT,1,33466.5,-0.0228390643624,1
0.250422222222,2022-01-24T13:15:01.520Z,XBTUSDT,1,33466.5,-0.0228390643624,1
0.253208055556,2022-01-24T13:15:11.549Z,XBTUSDT,1,33497.5,-0.0219131936792,1
0.253615833333,2022-01-24T13:15:13.017Z,XBTUSDT,1,33500,-0.0218385640288,1
0.258742222222,2022-01-24T13:15:31.472Z,XBTUSDT,1,33639,-0.017697894713,1
0.259045277778,2022-01-24T13:15:32.563Z,XBTUSDT,1,33623,-0.0181736462607,1
0.261379722222,2022-01-24T13:15:40.967Z,XBTUSDT,1,33575.5,-0.0195873685287,1
0.269075555556,2022-01-24T13:16:08.672Z,XBTUSDT,1,33585.5,-0.0192895766532,1
0.293367777778,2022-01-24T13:17:36.124Z,XBTUSDT,1,33464.5,-0.022898827402,1
0.295540277778,2022-01-24T13:17:43.945Z,XBTUSDT,1,33408,-0.0245886105997,1
0.295543611111,2022-01-24T13:17:43.957Z,XBTUSDT,1,33408,-0.0245886105997,1
0.295735277778,2022-01-24T13:17:44.647Z,XBTUSDT,1,33408,-0.0245886105997,1
0.295761666667,2022-01-24T13:17:44.742Z,XBTUSDT,1,33408,-0.0245886105997,1
0.296011111111,2022-01-24T13:17:45.640Z,XBTUSDT,1,33408,-0.0245886105997,1
0.296062222222,2022-01-24T13:17:45.824Z,XBTUSDT,1,33408,-0.0245886105997,1
0.296217222222,2022-01-24T13:17:46.382Z,XBTUSDT,1,33408,-0.0245886105997,1
0.296418333333,2022-01-24T13:17:47.106Z,XBTUSDT,1,33408,-0.0245886105997,1
0.296427222222,2022-01-24T13:17:47.138Z,XBTUSDT,1,33408,-0.0245886105997,1
0.299351388889,2022-01-24T13:17:57.665Z,XBTUSDT,1,33408,-0.0245886105997,1
0.299363611111,2022-01-24T13:17:57.709Z,XBTUSDT,1,33408,-0.0245886105997,1
0.299375555556,2022-01-24T13:17:57.752Z,XBTUSDT,1,33407.7074293,-0.0245973681415,3
0.299423888889,2022-01-24T13:17:57.926Z,XBTUSDT,1,33395,-0.0249778146823,1
0.299449166667,2022-01-24T13:17:58.017Z,XBTUSDT,1,33391.8309859,-0.0250727140521,2
0.299465277778,2022-01-24T13:17:58.075Z,XBTUSDT,1,33387.5,-0.0252024244238,1
0.299482222222,2022-01-24T13:17:58.136Z,XBTUSDT,1,33385.182243,-0.0252718467364,2
0.316698888889,2022-01-24T13:19:00.116Z,XBTUSDT,1,33398.5,-0.0248730140653,1
0.316700277778,2022-01-24T13:19:00.121Z,XBTUSDT,1,33398.5,-0.0248730140653,1
0.316701666667,2022-01-24T13:19:00.126Z,XBTUSDT,1,33398.5,-0.0248730140653,1
0.3167025,2022-01-24T13:19:00.129Z,XBTUSDT,1,33370.716,-0.0257052539288,3
0.320276388889,2022-01-24T13:19:12.995Z,XBTUSDT,1,33391,-0.0250976002662,1
0.337036388889,2022-01-24T13:20:13.331Z,XBTUSDT,1,33350,-0.0263262304982,1
0.337055833333,2022-01-24T13:20:13.401Z,XBTUSDT,1,33323.957,-0.0271074351093,5
0.353955833333,2022-01-24T13:21:14.241Z,XBTUSDT,1,33404.5,-0.0246933814136,1
0.359314166667,2022-01-24T13:21:33.531Z,XBTUSDT,1,33450,-0.0233322162856,1
0.360780833333,2022-01-24T13:21:38.811Z,XBTUSDT,1,33441.5,-0.0235863591901,1
0.372385555556,2022-01-24T13:22:20.588Z,XBTUSDT,1,33463.5,-0.0229287102612,1
0.3742975,2022-01-24T13:22:27.471Z,XBTUSDT,1,33497.0975,-0.0219252095735,3
0.374695,2022-01-24T13:22:28.902Z,XBTUSDT,1,33494,-0.0220176845476,1
0.388881111111,2022-01-24T13:23:19.972Z,XBTUSDT,1,33518.5691406,-0.0212844148926,5
0.390785555556,2022-01-24T13:23:26.828Z,XBTUSDT,1,33550,-0.0203471394422,1
0.391803055556,2022-01-24T13:23:30.491Z,XBTUSDT,1,33604.5,-0.0187240162869,2
0.392174722222,2022-01-24T13:23:31.829Z,XBTUSDT,1,33620,-0.0182628748794,1
0.392230277778,2022-01-24T13:23:32.029Z,XBTUSDT,1,33620,-0.0182628748794,1
0.392275555556,2022-01-24T13:23:32.192Z,XBTUSDT,1,33620,-0.0182628748794,1
0.392332777778,2022-01-24T13:23:32.398Z,XBTUSDT,1,33620,-0.0182628748794,1
0.392380833333,2022-01-24T13:23:32.571Z,XBTUSDT,1,33620,-0.0182628748794,1
0.392441111111,2022-01-24T13:23:32.788Z,XBTUSDT,1,33620,-0.0182628748794,1
0.392491944444,2022-01-24T13:23:32.971Z,XBTUSDT,1,33620,-0.0182628748794,1
0.392536111111,2022-01-24T13:23:33.130Z,XBTUSDT,1,33620,-0.0182628748794,1
0.397789166667,2022-01-24T13:23:52.041Z,XBTUSDT,1,33595,-0.0190067564878,6
0.397796944444,2022-01-24T13:23:52.069Z,XBTUSDT,1,33595,-0.0190067564878,1
0.408938611111,2022-01-24T13:24:32.179Z,XBTUSDT,1,33606,-0.0186793804041,1
0.436450555556,2022-01-24T13:26:11.222Z,XBTUSDT,1,33553.5,-0.0202428229757,1
0.437396388889,2022-01-24T13:26:14.627Z,XBTUSDT,1,33553,-0.0202577246619,1
0.437889444444,2022-01-24T13:26:16.402Z,XBTUSDT,1,33549.5,-0.0203620426829,1
0.437953611111,2022-01-24T13:26:16.633Z,XBTUSDT,1,33549.5,-0.0203620426829,1
0.437981388889,2022-01-24T13:26:16.733Z,XBTUSDT,1,33549.5,-0.0203620426829,1
0.4379825,2022-01-24T13:26:16.737Z,XBTUSDT,1,33549.5,-0.0203620426829,1
0.437984166667,2022-01-24T13:26:16.743Z,XBTUSDT,1,33549.5,-0.0203620426829,1
0.438009166667,2022-01-24T13:26:16.833Z,XBTUSDT,1,33549.5,-0.0203620426829,1
0.438049444444,2022-01-24T13:26:16.978Z,XBTUSDT,1,33549.5,-0.0203620426829,1
0.438050277778,2022-01-24T13:26:16.981Z,XBTUSDT,1,33549.5,-0.0203620426829,1
0.4380525,2022-01-24T13:26:16.989Z,XBTUSDT,1,33549.5,-0.0203620426829,1
0.438055555556,2022-01-24T13:26:17.000Z,XBTUSDT,1,33549.5,-0.0203620426829,1
0.438058611111,2022-01-24T13:26:17.011Z,XBTUSDT,1,33549.5,-0.0203620426829,1
0.438059166667,2022-01-24T13:26:17.013Z,XBTUSDT,1,33549.5,-0.0203620426829,1
0.438081388889,2022-01-24T13:26:17.093Z,XBTUSDT,1,33549.5,-0.0203620426829,1
0.438094444444,2022-01-24T13:26:17.140Z,XBTUSDT,1,33549.5,-0.0203620426829,1
0.438100277778,2022-01-24T13:26:17.161Z,XBTUSDT,1,33549.5,-0.0203620426829,1
0.455598888889,2022-01-24T13:27:20.156Z,XBTUSDT,1,33628,-0.0180249495868,1
0.4556,2022-01-24T13:27:20.160Z,XBTUSDT,1,33628,-0.0180249495868,1
0.455601111111,2022-01-24T13:27:20.164Z,XBTUSDT,1,33628,-0.0180249495868,1
0.455601666667,2022-01-24T13:27:20.166Z,XBTUSDT,1,33628,-0.0180249495868,1
0.455602777778,2022-01-24T13:27:20.170Z,XBTUSDT,1,33628,-0.0180249495868,1
0.455603888889,2022-01-24T13:27:20.174Z,XBTUSDT,1,33628,-0.0180249495868,1
0.455604722222,2022-01-24T13:27:20.177Z,XBTUSDT,1,33628,-0.0180249495868,1
0.455605555556,2022-01-24T13:27:20.180Z,XBTUSDT,1,33628,-0.0180249495868,1
0.455606111111,2022-01-24T13:27:20.182Z,XBTUSDT,1,33628,-0.0180249495868,1
0.455606944444,2022-01-24T13:27:20.185Z,XBTUSDT,1,33628,-0.0180249495868,1
0.455608333333,2022-01-24T13:27:20.190Z,XBTUSDT,1,33628,-0.0180249495868,1
0.455609444444,2022-01-24T13:27:20.194Z,XBTUSDT,1,33628,-0.0180249495868,1
0.455613333333,2022-01-24T13:27:20.208Z,XBTUSDT,1,33628,-0.0180249495868,1
0.455689722222,2022-01-24T13:27:20.483Z,XBTUSDT,1,33628,-0.0180249495868,1
0.455915,2022-01-24T13:27:21.294Z,XBTUSDT,1,33628,-0.0180249495868,1
0.455915833333,2022-01-24T13:27:21.297Z,XBTUSDT,1,33628,-0.0180249495868,1
0.455916666667,2022-01-24T13:27:21.300Z,XBTUSDT,1,33628,-0.0180249495868,1
0.455917222222,2022-01-24T13:27:21.302Z,XBTUSDT,1,33628,-0.0180249495868,1
0.455918055556,2022-01-24T13:27:21.305Z,XBTUSDT,1,33628,-0.0180249495868,1
0.455919444444,2022-01-24T13:27:21.310Z,XBTUSDT,1,33628,-0.0180249495868,1
0.45592,2022-01-24T13:27:21.312Z,XBTUSDT,1,33628,-0.0180249495868,1
0.455920555556,2022-01-24T13:27:21.314Z,XBTUSDT,1,33628,-0.0180249495868,1
0.455921388889,2022-01-24T13:27:21.317Z,XBTUSDT,1,33628,-0.0180249495868,1
0.455921944444,2022-01-24T13:27:21.319Z,XBTUSDT,1,33628,-0.0180249495868,1
0.455923333333,2022-01-24T13:27:21.324Z,XBTUSDT,1,33628,-0.0180249495868,1
0.455923888889,2022-01-24T13:27:21.326Z,XBTUSDT,1,33628,-0.0180249495868,1
0.455926944444,2022-01-24T13:27:21.337Z,XBTUSDT,1,33628,-0.0180249495868,1
0.455927777778,2022-01-24T13:27:21.340Z,XBTUSDT,1,33628,-0.0180249495868,1
0.455931944444,2022-01-24T13:27:21.355Z,XBTUSDT,1,33628,-0.0180249495868,1
0.455933333333,2022-01-24T13:27:21.360Z,XBTUSDT,1,33628,-0.0180249495868,1
0.455933888889,2022-01-24T13:27:21.362Z,XBTUSDT,1,33628,-0.0180249495868,1
0.455935,2022-01-24T13:27:21.366Z,XBTUSDT,1,33628,-0.0180249495868,1
0.455935833333,2022-01-24T13:27:21.369Z,XBTUSDT,1,33628,-0.0180249495868,1
0.455936944444,2022-01-24T13:27:21.373Z,XBTUSDT,1,33628,-0.0180249495868,1
0.455937222222,2022-01-24T13:27:21.374Z,XBTUSDT,1,33628,-0.0180249495868,1
0.455938333333,2022-01-24T13:27:21.378Z,XBTUSDT,1,33628,-0.0180249495868,1
0.455939722222,2022-01-24T13:27:21.383Z,XBTUSDT,1,33628,-0.0180249495868,1
0.455954722222,2022-01-24T13:27:21.437Z,XBTUSDT,1,33628,-0.0180249495868,1
0.455955277778,2022-01-24T13:27:21.439Z,XBTUSDT,1,33628,-0.0180249495868,1
0.455955555556,2022-01-24T13:27:21.440Z,XBTUSDT,1,33628,-0.0180249495868,1
0.455957777778,2022-01-24T13:27:21.448Z,XBTUSDT,1,33628,-0.0180249495868,1
0.455958333333,2022-01-24T13:27:21.450Z,XBTUSDT,1,33628,-0.0180249495868,1
0.456005,2022-01-24T13:27:21.618Z,XBTUSDT,1,33628,-0.0180249495868,1
0.456006388889,2022-01-24T13:27:21.623Z,XBTUSDT,1,33628,-0.0180249495868,1
0.456085,2022-01-24T13:27:21.906Z,XBTUSDT,1,33628,-0.0180249495868,1
0.456092222222,2022-01-24T13:27:21.932Z,XBTUSDT,1,33628,-0.0180249495868,1
0.456093055556,2022-01-24T13:27:21.935Z,XBTUSDT,1,33628,-0.0180249495868,1
0.456131111111,2022-01-24T13:27:22.072Z,XBTUSDT,1,33628,-0.0180249495868,1
0.456353333333,2022-01-24T13:27:22.872Z,XBTUSDT,1,33628,-0.0180249495868,1
0.456358333333,2022-01-24T13:27:22.890Z,XBTUSDT,1,33628,-0.0180249495868,1
0.456714722222,2022-01-24T13:27:24.173Z,XBTUSDT,1,33627.9545455,-0.0180263012752,2
0.459954444444,2022-01-24T13:27:35.836Z,XBTUSDT,1,33631,-0.0179357421944,1
0.461265555556,2022-01-24T13:27:40.556Z,XBTUSDT,1,33609.5,-0.0185752377584,1
0.467766388889,2022-01-24T13:28:03.959Z,XBTUSDT,1,33578.5,-0.0194980216543,1
0.489124722222,2022-01-24T13:29:20.849Z,XBTUSDT,1,33531,-0.0209136187883,1
0.502355555556,2022-01-24T13:30:08.480Z,XBTUSDT,1,33471.5,-0.0226896723875,1
0.503587777778,2022-01-24T13:30:12.916Z,XBTUSDT,1,33501.5,-0.0217937889119,1
0.503606388889,2022-01-24T13:30:12.983Z,XBTUSDT,1,33501.5,-0.0217937889119,1
0.509194166667,2022-01-24T13:30:33.099Z,XBTUSDT,1,33558,-0.0201087177924,1
0.514662777778,2022-01-24T13:30:52.786Z,XBTUSDT,1,33626,-0.0180844256031,1
0.534008888889,2022-01-24T13:32:02.432Z,XBTUSDT,1,33591,-0.0191258289137,1
0.5428025,2022-01-24T13:32:34.089Z,XBTUSDT,1,33604.6666667,-0.018719056646,2
0.550304166667,2022-01-24T13:33:01.095Z,XBTUSDT,1,33604,-0.0187388953573,1
0.560231111111,2022-01-24T13:33:36.832Z,XBTUSDT,1,33549,-0.0203769461457,1
0.567431111111,2022-01-24T13:34:02.752Z,XBTUSDT,1,33475,-0.0225851112826,1
0.567706944444,2022-01-24T13:34:03.745Z,XBTUSDT,1,33450,-0.0233322162856,1
0.567713333333,2022-01-24T13:34:03.768Z,XBTUSDT,1,33450,-0.0233322162856,1
0.567715,2022-01-24T13:34:03.774Z,XBTUSDT,1,33450,-0.0233322162856,1
0.567717222222,2022-01-24T13:34:03.782Z,XBTUSDT,1,33450,-0.0233322162856,1
0.567741944444,2022-01-24T13:34:03.871Z,XBTUSDT,1,33450,-0.0233322162856,1
0.567742777778,2022-01-24T13:34:03.874Z,XBTUSDT,1,33450,-0.0233322162856,1
0.567745,2022-01-24T13:34:03.882Z,XBTUSDT,1,33450,-0.0233322162856,1
0.567746666667,2022-01-24T13:34:03.888Z,XBTUSDT,1,33450,-0.0233322162856,1
0.567789166667,2022-01-24T13:34:04.041Z,XBTUSDT,1,33450,-0.0233322162856,1
0.567838333333,2022-01-24T13:34:04.218Z,XBTUSDT,1,33450,-0.0233322162856,1
0.567942777778,2022-01-24T13:34:04.594Z,XBTUSDT,1,33450,-0.0233322162856,1
0.567950277778,2022-01-24T13:34:04.621Z,XBTUSDT,1,33450,-0.0233322162856,1
0.567960555556,2022-01-24T13:34:04.658Z,XBTUSDT,1,33450,-0.0233322162856,1
0.567966388889,2022-01-24T13:34:04.679Z,XBTUSDT,1,33450,-0.0233322162856,1
0.567973611111,2022-01-24T13:34:04.705Z,XBTUSDT,1,33450,-0.0233322162856,1
0.567983055556,2022-01-24T13:34:04.739Z,XBTUSDT,1,33450,-0.0233322162856,1
0.568239722222,2022-01-24T13:34:05.663Z,XBTUSDT,1,33450,-0.0233322162856,1
0.568240833333,2022-01-24T13:34:05.667Z,XBTUSDT,1,33450,-0.0233322162856,1
0.568283611111,2022-01-24T13:34:05.821Z,XBTUSDT,1,33450,-0.0233322162856,1
0.568327222222,2022-01-24T13:34:05.978Z,XBTUSDT,1,33450,-0.0233322162856,1
0.5683275,2022-01-24T13:34:05.979Z,XBTUSDT,1,33450,-0.0233322162856,1
0.568328611111,2022-01-24T13:34:05.983Z,XBTUSDT,1,33450,-0.0233322162856,1
0.569823611111,2022-01-24T13:34:11.365Z,XBTUSDT,1,33450,-0.0233322162856,1
0.569830555556,2022-01-24T13:34:11.390Z,XBTUSDT,1,33450,-0.0233322162856,1
0.570021666667,2022-01-24T13:34:12.078Z,XBTUSDT,1,33450,-0.0233322162856,1
0.570025555556,2022-01-24T13:34:12.092Z,XBTUSDT,1,33450,-0.0233322162856,2
0.570106111111,2022-01-24T13:34:12.382Z,XBTUSDT,1,33425.5,-0.0240649211206,1
0.573891111111,2022-01-24T13:34:26.008Z,XBTUSDT,1,33425,-0.0240798798719,1
0.576397222222,2022-01-24T13:34:35.030Z,XBTUSDT,1,33395.1754386,-0.024972561257,2
0.582524722222,2022-01-24T13:34:57.089Z,XBTUSDT,1,33391.5,-0.0250826262835,1
0.584840555556,2022-01-24T13:35:05.426Z,XBTUSDT,1,33421,-0.024199557938,1
0.589318611111,2022-01-24T13:35:21.547Z,XBTUSDT,1,33379,-0.0254570431336,1
0.589324166667,2022-01-24T13:35:21.567Z,XBTUSDT,1,33379,-0.0254570431336,1
0.589341111111,2022-01-24T13:35:21.628Z,XBTUSDT,1,33379,-0.0254570431336,1
0.589453611111,2022-01-24T13:35:22.033Z,XBTUSDT,1,33375,-0.0255768861395,1
0.589801944444,2022-01-24T13:35:23.287Z,XBTUSDT,1,33357.5,-0.0261013682254,1
0.5898025,2022-01-24T13:35:23.289Z,XBTUSDT,1,33357.5,-0.0261013682254,1
0.589811111111,2022-01-24T13:35:23.320Z,XBTUSDT,1,33357.5,-0.0261013682254,1
0.589827777778,2022-01-24T13:35:23.380Z,XBTUSDT,1,33357.5,-0.0261013682254,1
0.589831666667,2022-01-24T13:35:23.394Z,XBTUSDT,1,33357.5,-0.0261013682254,1
0.589832222222,2022-01-24T13:35:23.396Z,XBTUSDT,1,33357.5,-0.0261013682254,1
0.589835555556,2022-01-24T13:35:23.408Z,XBTUSDT,1,33357.5,-0.0261013682254,1
0.589938055556,2022-01-24T13:35:23.777Z,XBTUSDT,1,33350,-0.0263262304982,1
0.594171111111,2022-01-24T13:35:39.016Z,XBTUSDT,1,33408.2936267,-0.0245798215247,3
0.594214444444,2022-01-24T13:35:39.172Z,XBTUSDT,1,33408.5,-0.0245736442366,1
0.594216111111,2022-01-24T13:35:39.178Z,XBTUSDT,1,33408.5,-0.0245736442366,1
0.594216944444,2022-01-24T13:35:39.181Z,XBTUSDT,1,33408.5,-0.0245736442366,1
0.627328888889,2022-01-24T13:37:38.384Z,XBTUSDT,1,33350,-0.0263262304982,1
0.627549444444,2022-01-24T13:37:39.178Z,XBTUSDT,1,33325,-0.0270761367951,1
0.627679166667,2022-01-24T13:37:39.645Z,XBTUSDT,1,33306.334,-0.0276364137509,4
0.62805,2022-01-24T13:37:40.980Z,XBTUSDT,1,33309.5,-0.0275413612743,1
0.628051944444,2022-01-24T13:37:40.987Z,XBTUSDT,1,33309.5,-0.0275413612743,1
0.633860277778,2022-01-24T13:38:01.897Z,XBTUSDT,1,33300,-0.0278266058735,1
0.633863055556,2022-01-24T13:38:01.907Z,XBTUSDT,1,33300,-0.0278266058735,1
0.635486944444,2022-01-24T13:38:07.753Z,XBTUSDT,1,33325,-0.0270761367951,1
0.674278333333,2022-01-24T13:40:27.402Z,XBTUSDT,1,33350,-0.0263262304982,1
0.674488888889,2022-01-24T13:40:28.160Z,XBTUSDT,1,33325,-0.0270761367951,1
0.681414722222,2022-01-24T13:40:53.093Z,XBTUSDT,1,33300,-0.0278266058735,1
0.681825555556,2022-01-24T13:40:54.572Z,XBTUSDT,1,33275,-0.0285776385787,1
0.692866111111,2022-01-24T13:41:34.318Z,XBTUSDT,1,33300.1816667,-0.0278211504329,2
0.715431944444,2022-01-24T13:42:55.555Z,XBTUSDT,1,33363.5,-0.0259215148055,1
0.724037222222,2022-01-24T13:43:26.534Z,XBTUSDT,1,33398,-0.0248879849096,1
0.729654722222,2022-01-24T13:43:46.757Z,XBTUSDT,1,33400,-0.0248281028772,1
0.731680277778,2022-01-24T13:43:54.049Z,XBTUSDT,1,33418.5,-0.0242743640033,1
0.732314166667,2022-01-24T13:43:56.331Z,XBTUSDT,1,33404.5,-0.0246933814136,1
0.737117222222,2022-01-24T13:44:13.622Z,XBTUSDT,1,33398,-0.0248879849096,1
0.739776944444,2022-01-24T13:44:23.197Z,XBTUSDT,1,33410.0769231,-0.0245264440971,3
0.740804166667,2022-01-24T13:44:26.895Z,XBTUSDT,1,33392,-0.025067652525,1
0.740813333333,2022-01-24T13:44:26.928Z,XBTUSDT,1,33392,-0.025067652525,1
0.759235833333,2022-01-24T13:45:33.249Z,XBTUSDT,1,33425,-0.0240798798719,1
0.775708055556,2022-01-24T13:46:32.549Z,XBTUSDT,1,33372,-0.02566677782,1
0.792860833333,2022-01-24T13:47:34.299Z,XBTUSDT,1,33453.6517857,-0.0232230507731,3
0.808035833333,2022-01-24T13:48:28.929Z,XBTUSDT,1,33454,-0.0232126419701,1
0.808125277778,2022-01-24T13:48:29.251Z,XBTUSDT,1,33464.5,-0.022898827402,1
0.808131111111,2022-01-24T13:48:29.272Z,XBTUSDT,1,33464.5,-0.022898827402,1
0.817100833333,2022-01-24T13:49:01.563Z,XBTUSDT,1,33451.5982143,-0.0232844382257,4
0.819145,2022-01-24T13:49:08.922Z,XBTUSDT,1,33449.5,-0.0233471640805,1
0.819261111111,2022-01-24T13:49:09.340Z,XBTUSDT,1,33449.5,-0.0233471640805,1
0.819272777778,2022-01-24T13:49:09.382Z,XBTUSDT,1,33449.5,-0.0233471640805,1
0.819955833333,2022-01-24T13:49:11.841Z,XBTUSDT,1,33449.5,-0.0233471640805,1
0.820007777778,2022-01-24T13:49:12.028Z,XBTUSDT,1,33449.5,-0.0233471640805,1
0.820031666667,2022-01-24T13:49:12.114Z,XBTUSDT,1,33449.5,-0.0233471640805,1
0.820033333333,2022-01-24T13:49:12.120Z,XBTUSDT,1,33449.5,-0.0233471640805,1
0.820041666667,2022-01-24T13:49:12.150Z,XBTUSDT,1,33449.5,-0.0233471640805,1
0.820054444444,2022-01-24T13:49:12.196Z,XBTUSDT,1,33449.5,-0.0233471640805,1
0.820060833333,2022-01-24T13:49:12.219Z,XBTUSDT,1,33449.5,-0.0233471640805,1
0.820064166667,2022-01-24T13:49:12.231Z,XBTUSDT,1,33449.5,-0.0233471640805,1
0.820067777778,2022-01-24T13:49:12.244Z,XBTUSDT,1,33449.5,-0.0233471640805,1
0.820085833333,2022-01-24T13:49:12.309Z,XBTUSDT,1,33449.5,-0.0233471640805,1
0.820106388889,2022-01-24T13:49:12.383Z,XBTUSDT,1,33449.5,-0.0233471640805,1
0.820108055556,2022-01-24T13:49:12.389Z,XBTUSDT,1,33449.5,-0.0233471640805,1
0.820111388889,2022-01-24T13:49:12.401Z,XBTUSDT,1,33449.5,-0.0233471640805,1
0.820115277778,2022-01-24T13:49:12.415Z,XBTUSDT,1,33449.5,-0.0233471640805,1
0.82013,2022-01-24T13:49:12.468Z,XBTUSDT,1,33449.5,-0.0233471640805,1
0.820130833333,2022-01-24T13:49:12.471Z,XBTUSDT,1,33449.5,-0.0233471640805,1
0.820133055556,2022-01-24T13:49:12.479Z,XBTUSDT,1,33449.5,-0.0233471640805,1
0.8201425,2022-01-24T13:49:12.513Z,XBTUSDT,1,33449.5,-0.0233471640805,1
0.820146944444,2022-01-24T13:49:12.529Z,XBTUSDT,1,33449.5,-0.0233471640805,1
0.820149444444,2022-01-24T13:49:12.538Z,XBTUSDT,1,33449.5,-0.0233471640805,1
0.820156944444,2022-01-24T13:49:12.565Z,XBTUSDT,1,33449.5,-0.0233471640805,1
0.820158888889,2022-01-24T13:49:12.572Z,XBTUSDT,1,33449.5,-0.0233471640805,1
0.850218888889,2022-01-24T13:51:00.788Z,XBTUSDT,1,33400,-0.0248281028772,1
0.8622775,2022-01-24T13:51:44.199Z,XBTUSDT,1,33406,-0.0246484782921,1
0.880843055556,2022-01-24T13:52:51.035Z,XBTUSDT,1,33475,-0.0225851112826,1
0.882246388889,2022-01-24T13:52:56.087Z,XBTUSDT,1,33500,-0.0218385640288,1
0.883509444444,2022-01-24T13:53:00.634Z,XBTUSDT,1,33525,-0.0210925736921,1
0.886293888889,2022-01-24T13:53:10.658Z,XBTUSDT,1,33529,-0.0209732668647,1
0.937426666667,2022-01-24T13:56:14.736Z,XBTUSDT,1,33425,-0.0240798798719,1
0.942036111111,2022-01-24T13:56:31.330Z,XBTUSDT,1,33400.5,-0.0248131329294,1
0.943494166667,2022-01-24T13:56:36.579Z,XBTUSDT,1,33400.5,-0.0248131329294,1
0.946536388889,2022-01-24T13:56:47.531Z,XBTUSDT,1,33398.5,-0.0248730140653,2
0.948969166667,2022-01-24T13:56:56.289Z,XBTUSDT,1,33408,-0.0245886105997,1
0.948979166667,2022-01-24T13:56:56.325Z,XBTUSDT,1,33408,-0.0245886105997,1
0.948979722222,2022-01-24T13:56:56.327Z,XBTUSDT,1,33408,-0.0245886105997,1
0.948980833333,2022-01-24T13:56:56.331Z,XBTUSDT,1,33408,-0.0245886105997,1
0.948983055556,2022-01-24T13:56:56.339Z,XBTUSDT,1,33408,-0.0245886105997,1
0.948983888889,2022-01-24T13:56:56.342Z,XBTUSDT,1,33408,-0.0245886105997,1
0.948985,2022-01-24T13:56:56.346Z,XBTUSDT,1,33408,-0.0245886105997,1
0.948985833333,2022-01-24T13:56:56.349Z,XBTUSDT,1,33408,-0.0245886105997,1
0.948986388889,2022-01-24T13:56:56.351Z,XBTUSDT,1,33408,-0.0245886105997,1
0.948986944444,2022-01-24T13:56:56.353Z,XBTUSDT,1,33408,-0.0245886105997,1
0.948988055556,2022-01-24T13:56:56.357Z,XBTUSDT,1,33408,-0.0245886105997,1
0.948988888889,2022-01-24T13:56:56.360Z,XBTUSDT,1,33408,-0.0245886105997,1
0.948989722222,2022-01-24T13:56:56.363Z,XBTUSDT,1,33408,-0.0245886105997,1
0.948990277778,2022-01-24T13:56:56.365Z,XBTUSDT,1,33408,-0.0245886105997,1
0.948991666667,2022-01-24T13:56:56.370Z,XBTUSDT,1,33408,-0.0245886105997,1
0.948994722222,2022-01-24T13:56:56.381Z,XBTUSDT,1,33408,-0.0245886105997,1
0.9490475,2022-01-24T13:56:56.571Z,XBTUSDT,1,33408,-0.0245886105997,1
0.9490575,2022-01-24T13:56:56.607Z,XBTUSDT,1,33408,-0.0245886105997,1
0.954223611111,2022-01-24T13:57:15.205Z,XBTUSDT,1,33392,-0.025067652525,1
0.954316388889,2022-01-24T13:57:15.539Z,XBTUSDT,1,33392,-0.025067652525,1
0.956308888889,2022-01-24T13:57:22.712Z,XBTUSDT,1,33386,-0.0252473524267,1
0.965665277778,2022-01-24T13:57:56.395Z,XBTUSDT,1,33447.1666667,-0.0234169234108,2
0.966826111111,2022-01-24T13:58:00.574Z,XBTUSDT,1,33427,-0.0240200462094,1
0.966911388889,2022-01-24T13:58:00.881Z,XBTUSDT,1,33427,-0.0240200462094,1
0.966925833333,2022-01-24T13:58:00.933Z,XBTUSDT,1,33427,-0.0240200462094,1
0.966996111111,2022-01-24T13:58:01.186Z,XBTUSDT,1,33427,-0.0240200462094,1
0.967078333333,2022-01-24T13:58:01.482Z,XBTUSDT,1,33427,-0.0240200462094,1
0.967138055556,2022-01-24T13:58:01.697Z,XBTUSDT,1,33427,-0.0240200462094,1
0.967181111111,2022-01-24T13:58:01.852Z,XBTUSDT,1,33427,-0.0240200462094,1
0.967331944444,2022-01-24T13:58:02.395Z,XBTUSDT,1,33427,-0.0240200462094,1
0.9676475,2022-01-24T13:58:03.531Z,XBTUSDT,1,33434.5,-0.0237957018549,1
0.967667777778,2022-01-24T13:58:03.604Z,XBTUSDT,1,33444.7181208,-0.0234901324666,5
0.967686111111,2022-01-24T13:58:03.670Z,XBTUSDT,1,33450.5,-0.0233172687142,1
0.967689722222,2022-01-24T13:58:03.683Z,XBTUSDT,1,33450.5,-0.0233172687142,1
0.967693611111,2022-01-24T13:58:03.697Z,XBTUSDT,1,33450.5,-0.0233172687142,1
0.967704444444,2022-01-24T13:58:03.736Z,XBTUSDT,1,33450.5,-0.0233172687142,1
0.967705555556,2022-01-24T13:58:03.740Z,XBTUSDT,1,33451.5119681,-0.0232870164675,3
0.967718055556,2022-01-24T13:58:03.785Z,XBTUSDT,1,33463.5,-0.0229287102612,1
0.967718888889,2022-01-24T13:58:03.788Z,XBTUSDT,1,33463.5,-0.0229287102612,1
0.96772,2022-01-24T13:58:03.792Z,XBTUSDT,1,33463.5,-0.0229287102612,1
0.967721111111,2022-01-24T13:58:03.796Z,XBTUSDT,1,33467.566474,-0.0228071979588,2
0.9677225,2022-01-24T13:58:03.801Z,XBTUSDT,1,33474,-0.0226149847684,1
0.967723055556,2022-01-24T13:58:03.803Z,XBTUSDT,1,33479.2416107,-0.0224584095042,2
0.967726388889,2022-01-24T13:58:03.815Z,XBTUSDT,1,33479.5,-0.0224506916392,1
0.9677275,2022-01-24T13:58:03.819Z,XBTUSDT,1,33482.2,-0.0223700485253,2
0.967729722222,2022-01-24T13:58:03.827Z,XBTUSDT,1,33493,-0.0220475410869,1
0.967730833333,2022-01-24T13:58:03.831Z,XBTUSDT,1,33493,-0.0220475410869,1
0.967731388889,2022-01-24T13:58:03.833Z,XBTUSDT,1,33493,-0.0220475410869,1
0.967732222222,2022-01-24T13:58:03.836Z,XBTUSDT,1,33493,-0.0220475410869,1
0.967735,2022-01-24T13:58:03.846Z,XBTUSDT,1,33493,-0.0220475410869,1
0.967736388889,2022-01-24T13:58:03.851Z,XBTUSDT,1,33493,-0.0220475410869,1
0.967737777778,2022-01-24T13:58:03.856Z,XBTUSDT,1,33493,-0.0220475410869,1
0.967738611111,2022-01-24T13:58:03.859Z,XBTUSDT,1,33493,-0.0220475410869,1
0.967742777778,2022-01-24T13:58:03.874Z,XBTUSDT,1,33493,-0.0220475410869,1
0.967745,2022-01-24T13:58:03.882Z,XBTUSDT,1,33493,-0.0220475410869,1
0.967749722222,2022-01-24T13:58:03.899Z,XBTUSDT,1,33493,-0.0220475410869,1
0.967767222222,2022-01-24T13:58:03.962Z,XBTUSDT,1,33493,-0.0220475410869,1
0.967784722222,2022-01-24T13:58:04.025Z,XBTUSDT,1,33495.5,-0.0219729014099,1
0.967789166667,2022-01-24T13:58:04.041Z,XBTUSDT,1,33495.5,-0.0219729014099,1
0.967791111111,2022-01-24T13:58:04.048Z,XBTUSDT,1,33500.0069729,-0.0218383558817,3
0.967990833333,2022-01-24T13:58:04.767Z,XBTUSDT,1,33521.6,-0.0211939956883,2
0.968296666667,2022-01-24T13:58:05.868Z,XBTUSDT,1,33519,-0.0212715606266,1
0.9683125,2022-01-24T13:58:05.925Z,XBTUSDT,1,33519,-0.0212715606266,1
0.968315277778,2022-01-24T13:58:05.935Z,XBTUSDT,1,33518,-0.0213013948972,2
0.968318888889,2022-01-24T13:58:05.948Z,XBTUSDT,1,33515,-0.0213909030499,1
0.968343055556,2022-01-24T13:58:06.035Z,XBTUSDT,1,33548.5,-0.0203918498306,1
0.968348333333,2022-01-24T13:58:06.054Z,XBTUSDT,1,33548.5,-0.0203918498306,1
0.968621111111,2022-01-24T13:58:07.036Z,XBTUSDT,1,33549.5054054,-0.0203618815656,2
0.969449722222,2022-01-24T13:58:10.019Z,XBTUSDT,1,33565.5,-0.0198852491106,1
0.969505277778,2022-01-24T13:58:10.219Z,XBTUSDT,1,33567.739726,-0.0198185243096,2
0.96993,2022-01-24T13:58:11.748Z,XBTUSDT,1,33530.8488372,-0.0209181269488,3
0.970074444444,2022-01-24T13:58:12.268Z,XBTUSDT,1,33530.5,-0.0209285304738,2
0.970147777778,2022-01-24T13:58:12.532Z,XBTUSDT,1,33530.5,-0.0209285304738,1
0.971441111111,2022-01-24T13:58:17.188Z,XBTUSDT,1,33568.5,-0.0197958756187,1
0.971441944444,2022-01-24T13:58:17.191Z,XBTUSDT,1,33568.5,-0.0197958756187,1
0.971498055556,2022-01-24T13:58:17.393Z,XBTUSDT,1,33575,-0.0196022604506,1
0.971956111111,2022-01-24T13:58:19.042Z,XBTUSDT,1,33569,-0.0197809808133,1
0.972031111111,2022-01-24T13:58:19.312Z,XBTUSDT,1,33569,-0.0197809808133,1
0.973110277778,2022-01-24T13:58:23.197Z,XBTUSDT,1,33562,-0.0199895282809,1
0.974432777778,2022-01-24T13:58:27.958Z,XBTUSDT,1,33573.5,-0.0196469375469,1
0.977973333333,2022-01-24T13:58:40.704Z,XBTUSDT,1,33548.5,-0.0203918498306,1
0.984559444444,2022-01-24T13:59:04.414Z,XBTUSDT,1,33517,-0.0213312300579,1
0.984563611111,2022-01-24T13:59:04.429Z,XBTUSDT,1,33517,-0.0213312300579,1
0.985204166667,2022-01-24T13:59:06.735Z,XBTUSDT,1,33487,-0.022226699045,1
0.985216666667,2022-01-24T13:59:06.780Z,XBTUSDT,1,33487,-0.022226699045,1
0.985218055556,2022-01-24T13:59:06.785Z,XBTUSDT,1,33487,-0.022226699045,1
0.985229166667,2022-01-24T13:59:06.825Z,XBTUSDT,1,33487,-0.022226699045,1
0.985233888889,2022-01-24T13:59:06.842Z,XBTUSDT,1,33487,-0.022226699045,1
0.985239722222,2022-01-24T13:59:06.863Z,XBTUSDT,1,33487,-0.022226699045,1
0.985245277778,2022-01-24T13:59:06.883Z,XBTUSDT,1,33487,-0.022226699045,1
0.985249722222,2022-01-24T13:59:06.899Z,XBTUSDT,1,33487,-0.022226699045,1
0.985250555556,2022-01-24T13:59:06.902Z,XBTUSDT,1,33487,-0.022226699045,1
0.985252222222,2022-01-24T13:59:06.908Z,XBTUSDT,1,33487,-0.022226699045,1
0.985264166667,2022-01-24T13:59:06.951Z,XBTUSDT,1,33487,-0.022226699045,1
0.985282222222,2022-01-24T13:59:07.016Z,XBTUSDT,1,33487,-0.022226699045,1
0.985292222222,2022-01-24T13:59:07.052Z,XBTUSDT,1,33487,-0.022226699045,1
0.985295,2022-01-24T13:59:07.062Z,XBTUSDT,1,33487,-0.022226699045,1
0.985310833333,2022-01-24T13:59:07.119Z,XBTUSDT,1,33487,-0.022226699045,1
0.985330555556,2022-01-24T13:59:07.190Z,XBTUSDT,1,33487,-0.022226699045,1
0.98535,2022-01-24T13:59:07.260Z,XBTUSDT,1,33487,-0.022226699045,1
0.985377777778,2022-01-24T13:59:07.360Z,XBTUSDT,1,33487,-0.022226699045,1
0.985379444444,2022-01-24T13:59:07.366Z,XBTUSDT,1,33487,-0.022226699045,1
0.985379722222,2022-01-24T13:59:07.367Z,XBTUSDT,1,33487,-0.022226699045,1
0.985380277778,2022-01-24T13:59:07.369Z,XBTUSDT,1,33487,-0.022226699045,1
0.986915833333,2022-01-24T13:59:12.897Z,XBTUSDT,1,33458.5,-0.0230781379534,1
0.987376111111,2022-01-24T13:59:14.554Z,XBTUSDT,1,33474.5,-0.022600047914,1
0.988904722222,2022-01-24T13:59:20.057Z,XBTUSDT,1,33448.0952381,-0.0233891614617,2
0.988933055556,2022-01-24T13:59:20.159Z,XBTUSDT,1,33447.5,-0.0234069574942,1
0.989291666667,2022-01-24T13:59:21.450Z,XBTUSDT,1,33426.5,-0.0240350042894,1
0.989293611111,2022-01-24T13:59:21.457Z,XBTUSDT,1,33426.5,-0.0240350042894,1
0.989295555556,2022-01-24T13:59:21.464Z,XBTUSDT,1,33426.5,-0.0240350042894,1
0.989367222222,2022-01-24T13:59:21.722Z,XBTUSDT,1,33418.3888889,-0.0242776888472,2
0.989750833333,2022-01-24T13:59:23.103Z,XBTUSDT,1,33406,-0.0246484782921,1
0.990248611111,2022-01-24T13:59:24.895Z,XBTUSDT,1,33379,-0.0254570431336,1
0.990255555556,2022-01-24T13:59:24.920Z,XBTUSDT,1,33379,-0.0254570431336,1
0.990361944444,2022-01-24T13:59:25.303Z,XBTUSDT,1,33375.25,-0.0255693955308,2
0.9923125,2022-01-24T13:59:32.325Z,XBTUSDT,1,33379.5,-0.0254420637677,1
0.993287222222,2022-01-24T13:59:35.834Z,XBTUSDT,1,33403.5,-0.0247233179482,1
0.993287777778,2022-01-24T13:59:35.836Z,XBTUSDT,1,33403.5,-0.0247233179482,1
0.993328611111,2022-01-24T13:59:35.983Z,XBTUSDT,1,33403.5,-0.0247233179482,1
0.99333,2022-01-24T13:59:35.988Z,XBTUSDT,1,33403.5,-0.0247233179482,1
0.994096666667,2022-01-24T13:59:38.748Z,XBTUSDT,1,33382.5,-0.0253521922839,1
0.994126388889,2022-01-24T13:59:38.855Z,XBTUSDT,1,33379.5,-0.0254420637677,1
0.994130555556,2022-01-24T13:59:38.870Z,XBTUSDT,1,33379.5,-0.0254420637677,1
0.994155555556,2022-01-24T13:59:38.960Z,XBTUSDT,1,33379.5,-0.0254420637677,1
0.994156111111,2022-01-24T13:59:38.962Z,XBTUSDT,1,33379.5,-0.0254420637677,1
0.994157222222,2022-01-24T13:59:38.966Z,XBTUSDT,1,33379.5,-0.0254420637677,1
0.994158055556,2022-01-24T13:59:38.969Z,XBTUSDT,1,33379.5,-0.0254420637677,1
0.998443888889,2022-01-24T13:59:54.398Z,XBTUSDT,1,33354,-0.0262062976605,1
0.998584166667,2022-01-24T13:59:54.903Z,XBTUSDT,1,33350,-0.0263262304982,1
0.998629166667,2022-01-24T13:59:55.065Z,XBTUSDT,1,33337.5,-0.0267011133517,1
0.998631111111,2022-01-24T13:59:55.072Z,XBTUSDT,1,33337.5,-0.0267011133517,1
0.998697222222,2022-01-24T13:59:55.310Z,XBTUSDT,1,33335.5,-0.0267611076523,1
0.998698611111,2022-01-24T13:59:55.315Z,XBTUSDT,1,33335.5,-0.0267611076523,1
0.998802222222,2022-01-24T13:59:55.688Z,XBTUSDT,1,33332,-0.0268661063399,1
0.998810555556,2022-01-24T13:59:55.718Z,XBTUSDT,1,33332,-0.0268661063399,1
0.998815277778,2022-01-24T13:59:55.735Z,XBTUSDT,1,33332,-0.0268661063399,1
0.998816944444,2022-01-24T13:59:55.741Z,XBTUSDT,1,33331.5652174,-0.026879150425,2
0.998829166667,2022-01-24T13:59:55.785Z,XBTUSDT,1,33331.5,-0.0268811070524,1
0.9988325,2022-01-24T13:59:55.797Z,XBTUSDT,1,33331.5,-0.0268811070524,1
0.998836666667,2022-01-24T13:59:55.812Z,XBTUSDT,1,33331.5,-0.0268811070524,1
0.998846944444,2022-01-24T13:59:55.849Z,XBTUSDT,1,33331.5,-0.0268811070524,1
1.00022861111,2022-01-24T14:00:00.823Z,XBTUSDT,1,33329.4130435,-0.026943721152,2
1.00027472222,2022-01-24T14:00:00.989Z,XBTUSDT,1,33327.5,-0.0270011208542,1
1.00047166667,2022-01-24T14:00:01.698Z,XBTUSDT,1,33315.3571429,-0.027365536721,2
1.00047583333,2022-01-24T14:00:01.713Z,XBTUSDT,1,33311.5,-0.0274813201461,1
1.0005625,2022-01-24T14:00:02.025Z,XBTUSDT,1,33306.5,-0.0276314297264,1
1.00124861111,2022-01-24T14:00:04.495Z,XBTUSDT,1,33305.3395,-0.0276662733821,5
1.00626555556,2022-01-24T14:00:22.556Z,XBTUSDT,1,33316,-0.0273462407868,1
1.00820055556,2022-01-24T14:00:29.522Z,XBTUSDT,1,33303.8773437,-0.0277101759025,2
1.00823083333,2022-01-24T14:00:29.631Z,XBTUSDT,1,33296,-0.0279467332086,1
1.00823222222,2022-01-24T14:00:29.636Z,XBTUSDT,1,33296,-0.0279467332086,1
1.00823833333,2022-01-24T14:00:29.658Z,XBTUSDT,1,33296,-0.0279467332086,1
1.00823916667,2022-01-24T14:00:29.661Z,XBTUSDT,1,33296,-0.0279467332086,1
1.00824,2022-01-24T14:00:29.664Z,XBTUSDT,1,33296,-0.0279467332086,1
1.00824222222,2022-01-24T14:00:29.672Z,XBTUSDT,1,33296,-0.0279467332086,1
1.008245,2022-01-24T14:00:29.682Z,XBTUSDT,1,33296,-0.0279467332086,1
1.00824638889,2022-01-24T14:00:29.687Z,XBTUSDT,1,33296,-0.0279467332086,1
1.0082475,2022-01-24T14:00:29.691Z,XBTUSDT,1,33286.9319913,-0.0282191155892,7
1.00825055556,2022-01-24T14:00:29.702Z,XBTUSDT,1,33267.4246479,-0.0288053234635,4
1.0082525,2022-01-24T14:00:29.709Z,XBTUSDT,1,33240,-0.0296300328726,1
1.00826027778,2022-01-24T14:00:29.737Z,XBTUSDT,1,33240.5,-0.0296149908678,1
1.00828916667,2022-01-24T14:00:29.841Z,XBTUSDT,1,33227.3021754,-0.0300121102053,4
1.00835555556,2022-01-24T14:00:30.080Z,XBTUSDT,1,33236.2205556,-0.0297437410352,7
1.00851416667,2022-01-24T14:00:30.651Z,XBTUSDT,1,33246.5,-0.0294345044565,1
1.00851583333,2022-01-24T14:00:30.657Z,XBTUSDT,1,33246.5,-0.0294345044565,1
1.00868722222,2022-01-24T14:00:31.274Z,XBTUSDT,1,33231,-0.029900827657,1
1.02517333333,2022-01-24T14:01:30.624Z,XBTUSDT,1,33201,-0.0308040069091,2
1.02524222222,2022-01-24T14:01:30.872Z,XBTUSDT,1,33200,-0.0308341269374,1
1.02781611111,2022-01-24T14:01:40.138Z,XBTUSDT,1,33196.7111111,-0.0309331947628,2
1.04878972222,2022-01-24T14:02:55.643Z,XBTUSDT,1,33256.7371094,-0.0291266364518,6
1.04999055556,2022-01-24T14:02:59.966Z,XBTUSDT,1,33260.5,-0.0290134961353,1
1.05674333333,2022-01-24T14:03:24.276Z,XBTUSDT,1,33308.5,-0.0275713831903,2
1.07963861111,2022-01-24T14:04:46.699Z,XBTUSDT,1,33281.5,-0.0283823158072,1
1.08946666667,2022-01-24T14:05:22.080Z,XBTUSDT,1,33285,-0.0282771578072,1
1.08947527778,2022-01-24T14:05:22.111Z,XBTUSDT,1,33285,-0.0282771578072,1
1.09633888889,2022-01-24T14:05:46.820Z,XBTUSDT,1,33265.5,-0.0288631789658,1
1.09869722222,2022-01-24T14:05:55.310Z,XBTUSDT,1,33241.7,-0.0295788909794,2
1.10169083333,2022-01-24T14:06:06.087Z,XBTUSDT,1,33257.5,-0.0291036972839,1
1.10551805556,2022-01-24T14:06:19.865Z,XBTUSDT,1,33257.5,-0.0291036972839,1
1.10631722222,2022-01-24T14:06:22.742Z,XBTUSDT,1,33257.5,-0.0291036972839,1
1.10771222222,2022-01-24T14:06:27.764Z,XBTUSDT,1,33256.6,-0.0291307592152,3
1.10797194444,2022-01-24T14:06:28.699Z,XBTUSDT,1,33236.5,-0.029735333242,1
1.10913611111,2022-01-24T14:06:32.890Z,XBTUSDT,1,33183.58,-0.0313288275949,2
1.11822111111,2022-01-24T14:07:05.596Z,XBTUSDT,1,33159,-0.0320698298629,1
1.11823416667,2022-01-24T14:07:05.643Z,XBTUSDT,1,33159,-0.0320698298629,1
1.11926472222,2022-01-24T14:07:09.353Z,XBTUSDT,1,33120,-0.0332466733428,1
1.11926805556,2022-01-24T14:07:09.365Z,XBTUSDT,1,33120,-0.0332466733428,1
1.11929166667,2022-01-24T14:07:09.450Z,XBTUSDT,1,33120,-0.0332466733428,1
1.11929277778,2022-01-24T14:07:09.454Z,XBTUSDT,1,33120,-0.0332466733428,1
1.11932916667,2022-01-24T14:07:09.585Z,XBTUSDT,1,33120,-0.0332466733428,1
1.11935111111,2022-01-24T14:07:09.664Z,XBTUSDT,1,33120,-0.0332466733428,1
1.11938,2022-01-24T14:07:09.768Z,XBTUSDT,1,33120,-0.0332466733428,1
1.11938583333,2022-01-24T14:07:09.789Z,XBTUSDT,1,33120,-0.0332466733428,1
1.11938638889,2022-01-24T14:07:09.791Z,XBTUSDT,1,33120,-0.0332466733428,1
1.12063222222,2022-01-24T14:07:14.276Z,XBTUSDT,1,33161.0615,-0.0320076616455,7
1.12723527778,2022-01-24T14:07:38.047Z,XBTUSDT,1,33146,-0.0324619571585,1
1.18182166667,2022-01-24T14:10:54.558Z,XBTUSDT,1,33205.5,-0.0306684780074,1
1.18194416667,2022-01-24T14:10:54.999Z,XBTUSDT,1,33205.5,-0.0306684780074,1
1.18204472222,2022-01-24T14:10:55.361Z,XBTUSDT,1,33205.5,-0.0306684780074,1
1.18208277778,2022-01-24T14:10:55.498Z,XBTUSDT,1,33205.5,-0.0306684780074,1
1.18209083333,2022-01-24T14:10:55.527Z,XBTUSDT,1,33205.5,-0.0306684780074,1
1.18210916667,2022-01-24T14:10:55.593Z,XBTUSDT,1,33205.5,-0.0306684780074,1
1.18212055556,2022-01-24T14:10:55.634Z,XBTUSDT,1,33205.5,-0.0306684780074,1
1.18213166667,2022-01-24T14:10:55.674Z,XBTUSDT,1,33205.5,-0.0306684780074,1
1.18213222222,2022-01-24T14:10:55.676Z,XBTUSDT,1,33205.5,-0.0306684780074,1
1.18213333333,2022-01-24T14:10:55.680Z,XBTUSDT,1,33205.5,-0.0306684780074,1
1.18213416667,2022-01-24T14:10:55.683Z,XBTUSDT,1,33205.5,-0.0306684780074,1
1.182135,2022-01-24T14:10:55.686Z,XBTUSDT,1,33205.5,-0.0306684780074,1
1.18213555556,2022-01-24T14:10:55.688Z,XBTUSDT,1,33205.5,-0.0306684780074,1
1.18213638889,2022-01-24T14:10:55.691Z,XBTUSDT,1,33205.5,-0.0306684780074,1
1.18213722222,2022-01-24T14:10:55.694Z,XBTUSDT,1,33205.5,-0.0306684780074,1
1.18213833333,2022-01-24T14:10:55.698Z,XBTUSDT,1,33205.5,-0.0306684780074,1
1.18213916667,2022-01-24T14:10:55.701Z,XBTUSDT,1,33205.5,-0.0306684780074,1
1.18213972222,2022-01-24T14:10:55.703Z,XBTUSDT,1,33205.5,-0.0306684780074,1
1.18214055556,2022-01-24T14:10:55.706Z,XBTUSDT,1,33205.5,-0.0306684780074,1
1.18214083333,2022-01-24T14:10:55.707Z,XBTUSDT,1,33205.5,-0.0306684780074,1
1.18214111111,2022-01-24T14:10:55.708Z,XBTUSDT,1,33205.5,-0.0306684780074,1
1.18214166667,2022-01-24T14:10:55.710Z,XBTUSDT,1,33205.5,-0.0306684780074,1
1.1821425,2022-01-24T14:10:55.713Z,XBTUSDT,1,33205.5,-0.0306684780074,1
1.18214305556,2022-01-24T14:10:55.715Z,XBTUSDT,1,33205.5,-0.0306684780074,1
1.18214333333,2022-01-24T14:10:55.716Z,XBTUSDT,1,33205.5,-0.0306684780074,1
1.18214416667,2022-01-24T14:10:55.719Z,XBTUSDT,1,33205.5,-0.0306684780074,1
1.18214444444,2022-01-24T14:10:55.720Z,XBTUSDT,1,33205.5,-0.0306684780074,1
1.18214472222,2022-01-24T14:10:55.721Z,XBTUSDT,1,33205.5,-0.0306684780074,1
1.18214527778,2022-01-24T14:10:55.723Z,XBTUSDT,1,33205.5,-0.0306684780074,1
1.18214611111,2022-01-24T14:10:55.726Z,XBTUSDT,1,33205.5,-0.0306684780074,1
1.18214694444,2022-01-24T14:10:55.729Z,XBTUSDT,1,33205.5,-0.0306684780074,1
1.18214916667,2022-01-24T14:10:55.737Z,XBTUSDT,1,33205.5,-0.0306684780074,1
1.18215,2022-01-24T14:10:55.740Z,XBTUSDT,1,33205.5,-0.0306684780074,1
1.18215138889,2022-01-24T14:10:55.745Z,XBTUSDT,1,33205.5,-0.0306684780074,1
1.18215166667,2022-01-24T14:10:55.746Z,XBTUSDT,1,33205.5,-0.0306684780074,1
1.18215444444,2022-01-24T14:10:55.756Z,XBTUSDT,1,33205.5,-0.0306684780074,1
1.18215666667,2022-01-24T14:10:55.764Z,XBTUSDT,1,33205.5,-0.0306684780074,1
1.1821575,2022-01-24T14:10:55.767Z,XBTUSDT,1,33205.5,-0.0306684780074,1
1.18598583333,2022-01-24T14:11:09.549Z,XBTUSDT,1,33193,-0.0310449925415,1
1.18598888889,2022-01-24T14:11:09.560Z,XBTUSDT,1,33193,-0.0310449925415,1
1.18599138889,2022-01-24T14:11:09.569Z,XBTUSDT,1,33193,-0.0310449925415,1
1.18600222222,2022-01-24T14:11:09.608Z,XBTUSDT,1,33193,-0.0310449925415,1
1.1861175,2022-01-24T14:11:10.023Z,XBTUSDT,1,33193,-0.0310449925415,1
1.18611861111,2022-01-24T14:11:10.027Z,XBTUSDT,1,33193,-0.0310449925415,1
1.18615194444,2022-01-24T14:11:10.147Z,XBTUSDT,1,33193,-0.0310449925415,1
1.18618111111,2022-01-24T14:11:10.252Z,XBTUSDT,1,33193,-0.0310449925415,1
1.18620388889,2022-01-24T14:11:10.334Z,XBTUSDT,1,33193,-0.0310449925415,1
1.18620583333,2022-01-24T14:11:10.341Z,XBTUSDT,1,33193,-0.0310449925415,1
1.18620638889,2022-01-24T14:11:10.343Z,XBTUSDT,1,33193,-0.0310449925415,1
1.1862075,2022-01-24T14:11:10.347Z,XBTUSDT,1,33193,-0.0310449925415,1
1.18624833333,2022-01-24T14:11:10.494Z,XBTUSDT,1,33193,-0.0310449925415,1
1.18624944444,2022-01-24T14:11:10.498Z,XBTUSDT,1,33193,-0.0310449925415,1
1.18626805556,2022-01-24T14:11:10.565Z,XBTUSDT,1,33193,-0.0310449925415,1
1.18626861111,2022-01-24T14:11:10.567Z,XBTUSDT,1,33193,-0.0310449925415,1
1.18627083333,2022-01-24T14:11:10.575Z,XBTUSDT,1,33193,-0.0310449925415,1
1.18632333333,2022-01-24T14:11:10.764Z,XBTUSDT,1,33193,-0.0310449925415,1
1.18632722222,2022-01-24T14:11:10.778Z,XBTUSDT,1,33193,-0.0310449925415,1
1.18633194444,2022-01-24T14:11:10.795Z,XBTUSDT,1,33193,-0.0310449925415,1
1.18633666667,2022-01-24T14:11:10.812Z,XBTUSDT,1,33193,-0.0310449925415,1
1.18664777778,2022-01-24T14:11:11.932Z,XBTUSDT,1,33193,-0.0310449925415,1
1.18664888889,2022-01-24T14:11:11.936Z,XBTUSDT,1,33193,-0.0310449925415,1
1.19117666667,2022-01-24T14:11:28.236Z,XBTUSDT,1,33172,-0.0316778562709,1
1.19119444444,2022-01-24T14:11:28.300Z,XBTUSDT,1,33172,-0.0316778562709,1
1.19119722222,2022-01-24T14:11:28.310Z,XBTUSDT,1,33172,-0.0316778562709,1
1.19119805556,2022-01-24T14:11:28.313Z,XBTUSDT,1,33172,-0.0316778562709,1
1.19120222222,2022-01-24T14:11:28.328Z,XBTUSDT,1,33172,-0.0316778562709,1
1.19719277778,2022-01-24T14:11:49.894Z,XBTUSDT,1,33178.5,-0.0314819270761,1
1.20092833333,2022-01-24T14:12:03.342Z,XBTUSDT,1,33166,-0.031858748068,1
1.20458055556,2022-01-24T14:12:16.490Z,XBTUSDT,1,33209.5,-0.0305480232907,1
1.22724361111,2022-01-24T14:13:38.077Z,XBTUSDT,1,33175.6658745,-0.0315673512673,4
1.23486694444,2022-01-24T14:14:05.521Z,XBTUSDT,1,33194.5,-0.0309998033116,1
1.23857555556,2022-01-24T14:14:18.872Z,XBTUSDT,1,33228,-0.029991108883,1
1.23858861111,2022-01-24T14:14:18.919Z,XBTUSDT,1,33233.5648649,-0.029823647738,5
1.23868555556,2022-01-24T14:14:19.268Z,XBTUSDT,1,33241.5,-0.029584907537,1
1.23868666667,2022-01-24T14:14:19.272Z,XBTUSDT,1,33256.5015848,-0.0291337184882,5
1.23871305556,2022-01-24T14:14:19.367Z,XBTUSDT,1,33241.5,-0.029584907537,1
1.23879277778,2022-01-24T14:14:19.654Z,XBTUSDT,1,33291,-0.0280969126733,1
1.23879972222,2022-01-24T14:14:19.679Z,XBTUSDT,1,33291,-0.0280969126733,1
1.23886138889,2022-01-24T14:14:19.901Z,XBTUSDT,1,33291,-0.0280969126733,1
1.23886666667,2022-01-24T14:14:19.920Z,XBTUSDT,1,33291,-0.0280969126733,1
1.23960722222,2022-01-24T14:14:22.586Z,XBTUSDT,1,33284,-0.0283072018217,1
1.25528805556,2022-01-24T14:15:19.037Z,XBTUSDT,1,33406,-0.0246484782921,1
1.25880361111,2022-01-24T14:15:31.693Z,XBTUSDT,1,33417,-0.0243192503287,1
1.25918722222,2022-01-24T14:15:33.074Z,XBTUSDT,1,33456.2111111,-0.0231465500814,2
1.25924388889,2022-01-24T14:15:33.278Z,XBTUSDT,1,33456.5,-0.0231379152829,1
1.25924666667,2022-01-24T14:15:33.288Z,XBTUSDT,1,33456.5,-0.0231379152829,1
1.25927472222,2022-01-24T14:15:33.389Z,XBTUSDT,1,33461.3333333,-0.0229934595197,2
1.25978055556,2022-01-24T14:15:35.210Z,XBTUSDT,1,33463.5,-0.0229287102612,1
1.25978138889,2022-01-24T14:15:35.213Z,XBTUSDT,1,33463.5,-0.0229287102612,1
1.25978194444,2022-01-24T14:15:35.215Z,XBTUSDT,1,33463.5,-0.0229287102612,1
1.2597825,2022-01-24T14:15:35.217Z,XBTUSDT,1,33463.5,-0.0229287102612,1
1.259785,2022-01-24T14:15:35.226Z,XBTUSDT,1,33463.5,-0.0229287102612,1
1.25978805556,2022-01-24T14:15:35.237Z,XBTUSDT,1,33463.5,-0.0229287102612,1
1.25979027778,2022-01-24T14:15:35.245Z,XBTUSDT,1,33463.5,-0.0229287102612,1
1.25979194444,2022-01-24T14:15:35.251Z,XBTUSDT,1,33463.5,-0.0229287102612,1
1.25979916667,2022-01-24T14:15:35.277Z,XBTUSDT,1,33463.5,-0.0229287102612,1
1.26099944444,2022-01-24T14:15:39.598Z,XBTUSDT,1,33471.5,-0.0226896723875,1
1.26100861111,2022-01-24T14:15:39.631Z,XBTUSDT,1,33475,-0.0225851112826,1
1.26172888889,2022-01-24T14:15:42.224Z,XBTUSDT,1,33466,-0.0228540047875,1
1.26172972222,2022-01-24T14:15:42.227Z,XBTUSDT,1,33466,-0.0228540047875,1
1.26177972222,2022-01-24T14:15:42.407Z,XBTUSDT,1,33463.5,-0.0229287102612,1
1.26179472222,2022-01-24T14:15:42.461Z,XBTUSDT,1,33463.5,-0.0229287102612,1
1.26419722222,2022-01-24T14:15:51.110Z,XBTUSDT,1,33455,-0.0231827506251,1
1.26570277778,2022-01-24T14:15:56.530Z,XBTUSDT,1,33473.5,-0.022629921846,1
1.26570555556,2022-01-24T14:15:56.540Z,XBTUSDT,1,33480.16,-0.0224309782775,2
1.26573055556,2022-01-24T14:15:56.630Z,XBTUSDT,1,33494.0256696,-0.0220169181526,9
1.26577111111,2022-01-24T14:15:56.776Z,XBTUSDT,1,33484.5,-0.0223013576685,1
1.26599055556,2022-01-24T14:15:57.566Z,XBTUSDT,1,33504.5,-0.0217042446919,1
1.26599083333,2022-01-24T14:15:57.567Z,XBTUSDT,1,33504.5,-0.0217042446919,1
1.26602111111,2022-01-24T14:15:57.676Z,XBTUSDT,1,33541.1,-0.0206124503419,2
1.26706888889,2022-01-24T14:16:01.448Z,XBTUSDT,1,33479.5,-0.0224506916392,1
1.27062361111,2022-01-24T14:16:14.245Z,XBTUSDT,1,33539.5,-0.020660154149,1
1.27092166667,2022-01-24T14:16:15.318Z,XBTUSDT,1,33481,-0.0224058891064,2
1.27093055556,2022-01-24T14:16:15.350Z,XBTUSDT,1,33481,-0.0224058891064,1
1.27511333333,2022-01-24T14:16:30.408Z,XBTUSDT,1,33488.5,-0.0221819065462,1
1.28799333333,2022-01-24T14:17:16.776Z,XBTUSDT,1,33464,-0.02291376872,1
1.2881375,2022-01-24T14:17:17.295Z,XBTUSDT,1,33464,-0.02291376872,1
1.28874555556,2022-01-24T14:17:19.484Z,XBTUSDT,1,33466.9256671,-0.0228263452438,5
1.28895555556,2022-01-24T14:17:20.240Z,XBTUSDT,1,33466,-0.0228540047875,1
1.28898861111,2022-01-24T14:17:20.359Z,XBTUSDT,1,33466,-0.0228540047875,1
1.29126972222,2022-01-24T14:17:28.571Z,XBTUSDT,1,33431,-0.0239003896237,1
1.29393138889,2022-01-24T14:17:38.153Z,XBTUSDT,1,33407.5,-0.0246035771868,1
1.29394388889,2022-01-24T14:17:38.198Z,XBTUSDT,1,33388.5,-0.0251724735432,1
1.29396194444,2022-01-24T14:17:38.263Z,XBTUSDT,1,33382.5,-0.0253521922839,1
1.2943,2022-01-24T14:17:39.480Z,XBTUSDT,1,33374,-0.0256068491352,1
1.29771805556,2022-01-24T14:17:51.785Z,XBTUSDT,1,33387.5,-0.0252024244238,1
1.31170944444,2022-01-24T14:18:42.154Z,XBTUSDT,1,33385.9089844,-0.0252500785918,5
1.31172694444,2022-01-24T14:18:42.217Z,XBTUSDT,1,33390,-0.0251275489043,1
1.31174055556,2022-01-24T14:18:42.266Z,XBTUSDT,1,33393.5,-0.0250227325948,1
1.31174222222,2022-01-24T14:18:42.272Z,XBTUSDT,1,33393.5,-0.0250227325948,1
1.31175361111,2022-01-24T14:18:42.313Z,XBTUSDT,1,33393.5,-0.0250227325948,1
1.31176222222,2022-01-24T14:18:42.344Z,XBTUSDT,1,33393.5,-0.0250227325948,1
1.31177277778,2022-01-24T14:18:42.382Z,XBTUSDT,1,33393.5,-0.0250227325948,1
1.31183,2022-01-24T14:18:42.588Z,XBTUSDT,1,33397,-0.0249179272706,1
1.31184833333,2022-01-24T14:18:42.654Z,XBTUSDT,1,33397,-0.0249179272706,1
1.31185527778,2022-01-24T14:18:42.679Z,XBTUSDT,1,33397,-0.0249179272706,1
1.33467944444,2022-01-24T14:20:04.846Z,XBTUSDT,1,33436,-0.023750839023,1
1.33944055556,2022-01-24T14:20:21.986Z,XBTUSDT,1,33401,-0.0247981632057,1
1.34021055556,2022-01-24T14:20:24.758Z,XBTUSDT,1,33400,-0.0248281028772,1
1.34022555556,2022-01-24T14:20:24.812Z,XBTUSDT,1,33385.781407,-0.0252538998921,3
1.34040833333,2022-01-24T14:20:25.470Z,XBTUSDT,1,33385.5,-0.0252623288762,1
1.35068111111,2022-01-24T14:21:02.452Z,XBTUSDT,1,33397.5,-0.024902955978,1
1.43944,2022-01-24T14:26:21.984Z,XBTUSDT,1,33500,-0.0218385640288,1
1.44469972222,2022-01-24T14:26:40.919Z,XBTUSDT,1,33525,-0.0210925736921,1
1.45014583333,2022-01-24T14:27:00.525Z,XBTUSDT,1,33550,-0.0203471394422,1
1.45085527778,2022-01-24T14:27:03.079Z,XBTUSDT,1,33575,-0.0196022604506,1
1.45338333333,2022-01-24T14:27:12.180Z,XBTUSDT,1,33600,-0.0188579358907,1
1.45432805556,2022-01-24T14:27:15.581Z,XBTUSDT,1,33625,-0.0181141649379,2
1.4670175,2022-01-24T14:28:01.263Z,XBTUSDT,1,33650,-0.0173709467691,1
1.50282361111,2022-01-24T14:30:10.165Z,XBTUSDT,1,33490.7407407,-0.022114998032,2
1.50285694444,2022-01-24T14:30:10.285Z,XBTUSDT,1,33482,-0.0223760218663,1
1.50431,2022-01-24T14:30:15.516Z,XBTUSDT,1,33482,-0.0223760218663,1
1.50432111111,2022-01-24T14:30:15.556Z,XBTUSDT,1,33482,-0.0223760218663,1
1.50434277778,2022-01-24T14:30:15.634Z,XBTUSDT,1,33482,-0.0223760218663,1
1.50503027778,2022-01-24T14:30:18.109Z,XBTUSDT,1,33475,-0.0225851112826,1
1.5074925,2022-01-24T14:30:26.973Z,XBTUSDT,1,33450,-0.0233322162856,1
1.50763833333,2022-01-24T14:30:27.498Z,XBTUSDT,1,33425,-0.0240798798719,1
1.51521527778,2022-01-24T14:30:54.775Z,XBTUSDT,1,33499,-0.0218684152207,1
1.51525388889,2022-01-24T14:30:54.914Z,XBTUSDT,1,33499,-0.0218684152207,1
1.51527055556,2022-01-24T14:30:54.974Z,XBTUSDT,1,33499,-0.0218684152207,1
1.51527138889,2022-01-24T14:30:54.977Z,XBTUSDT,1,33499,-0.0218684152207,1
1.51527222222,2022-01-24T14:30:54.980Z,XBTUSDT,1,33499,-0.0218684152207,1
1.51527277778,2022-01-24T14:30:54.982Z,XBTUSDT,1,33499,-0.0218684152207,1
1.51527416667,2022-01-24T14:30:54.987Z,XBTUSDT,1,33499,-0.0218684152207,1
1.5167075,2022-01-24T14:31:00.147Z,XBTUSDT,1,33495.5,-0.0219729014099,1
1.51799444444,2022-01-24T14:31:04.780Z,XBTUSDT,1,33499,-0.0218684152207,1
1.5181375,2022-01-24T14:31:05.295Z,XBTUSDT,1,33517.5,-0.0213163123663,1
1.51828333333,2022-01-24T14:31:05.820Z,XBTUSDT,1,33540.5,-0.0206303390029,1
1.51837722222,2022-01-24T14:31:06.158Z,XBTUSDT,1,33560.5,-0.0200342226829,1
1.53214583333,2022-01-24T14:31:55.725Z,XBTUSDT,1,33675,-0.0166282805634,1
1.53228388889,2022-01-24T14:31:56.222Z,XBTUSDT,1,33700,-0.0158861655016,3
1.5322875,2022-01-24T14:31:56.235Z,XBTUSDT,1,33710.5,-0.01557464133,1
1.53230305556,2022-01-24T14:31:56.291Z,XBTUSDT,1,33710.5,-0.01557464133,1
1.53263888889,2022-01-24T14:31:57.500Z,XBTUSDT,1,33724.5,-0.0151594266728,1
1.53300111111,2022-01-24T14:31:58.804Z,XBTUSDT,1,33724.516129,-0.0151589484143,2
1.533095,2022-01-24T14:31:59.142Z,XBTUSDT,1,33725,-0.015144600766,1
1.53363888889,2022-01-24T14:32:01.100Z,XBTUSDT,1,33750,-0.0144035855413,1
1.53544861111,2022-01-24T14:32:07.615Z,XBTUSDT,1,33752.5,-0.0143295142106,1
1.53648277778,2022-01-24T14:32:11.338Z,XBTUSDT,1,33753,-0.0143147006028,1
1.53852972222,2022-01-24T14:32:18.707Z,XBTUSDT,1,33775,-0.0136631190136,1
1.53854944444,2022-01-24T14:32:18.778Z,XBTUSDT,1,33810.325,-0.0126177736456,2
1.53857111111,2022-01-24T14:32:18.856Z,XBTUSDT,1,33816.4925,-0.0124353755898,2
1.54075416667,2022-01-24T14:32:26.715Z,XBTUSDT,1,33825,-0.012183828803,1
1.54110972222,2022-01-24T14:32:27.995Z,XBTUSDT,1,33850,-0.0114450035016,1
1.54196527778,2022-01-24T14:32:31.075Z,XBTUSDT,1,33869.5,-0.0108690984657,1
1.54196555556,2022-01-24T14:32:31.076Z,XBTUSDT,1,33869.5,-0.0108690984657,1
1.54196611111,2022-01-24T14:32:31.078Z,XBTUSDT,1,33869.5,-0.0108690984657,1
1.54197083333,2022-01-24T14:32:31.095Z,XBTUSDT,1,33834.95,-0.0118897109365,2
1.54466694444,2022-01-24T14:32:40.801Z,XBTUSDT,1,33875,-0.01070672366,1
1.54665722222,2022-01-24T14:32:47.966Z,XBTUSDT,1,33818.5,-0.0123760128272,1
1.54665916667,2022-01-24T14:32:47.973Z,XBTUSDT,1,33818.5,-0.0123760128272,1
1.54678111111,2022-01-24T14:32:48.412Z,XBTUSDT,1,33818.5,-0.0123760128272,1
1.54701305556,2022-01-24T14:32:49.247Z,XBTUSDT,1,33783.31125,-0.0134170723056,4
1.55464138889,2022-01-24T14:33:16.709Z,XBTUSDT,1,33795.5,-0.013056345329,1
1.57356694444,2022-01-24T14:34:24.841Z,XBTUSDT,1,33711,-0.015559809266,1
1.57372027778,2022-01-24T14:34:25.393Z,XBTUSDT,1,33688.0102041,-0.0162420091007,2
1.57401083333,2022-01-24T14:34:26.439Z,XBTUSDT,1,33687.5,-0.0162571541907,1
1.57585138889,2022-01-24T14:34:33.065Z,XBTUSDT,1,33693,-0.0160939022109,1
1.57643,2022-01-24T14:34:35.148Z,XBTUSDT,1,33692.7946429,-0.0160999971792,2
1.57646888889,2022-01-24T14:34:35.288Z,XBTUSDT,1,33690.75,-0.0161606838904,2
1.57667611111,2022-01-24T14:34:36.034Z,XBTUSDT,1,33687.5,-0.0162571541907,1
1.57696916667,2022-01-24T14:34:37.089Z,XBTUSDT,1,33688,-0.0162423120002,1
1.58188722222,2022-01-24T14:34:54.794Z,XBTUSDT,1,33732.5,-0.0149222385371,1
1.58350722222,2022-01-24T14:35:00.626Z,XBTUSDT,1,33713.5,-0.0154856522459,1
1.60073444444,2022-01-24T14:36:02.644Z,XBTUSDT,1,33702.255,-0.0158192537936,2
1.60426444444,2022-01-24T14:36:15.352Z,XBTUSDT,1,33739,-0.0147295645927,1
1.60498638889,2022-01-24T14:36:17.951Z,XBTUSDT,1,33750.5,-0.0143887708363,1
1.60502027778,2022-01-24T14:36:18.073Z,XBTUSDT,1,33751.5,-0.0143591420845,1
1.605025,2022-01-24T14:36:18.090Z,XBTUSDT,1,33751.5,-0.0143591420845,1
1.60502722222,2022-01-24T14:36:18.098Z,XBTUSDT,1,33751.5,-0.0143591420845,1
1.60502972222,2022-01-24T14:36:18.107Z,XBTUSDT,1,33751.5,-0.0143591420845,1
1.6050425,2022-01-24T14:36:18.153Z,XBTUSDT,1,33751.5,-0.0143591420845,1
1.60506694444,2022-01-24T14:36:18.241Z,XBTUSDT,1,33751.5,-0.0143591420845,1
1.60506805556,2022-01-24T14:36:18.245Z,XBTUSDT,1,33751.5,-0.0143591420845,1
1.64329055556,2022-01-24T14:38:35.846Z,XBTUSDT,1,33850,-0.0114450035016,1
1.64329166667,2022-01-24T14:38:35.850Z,XBTUSDT,1,33850,-0.0114450035016,1
1.64411722222,2022-01-24T14:38:38.822Z,XBTUSDT,1,33875,-0.01070672366,1
1.64534472222,2022-01-24T14:38:43.241Z,XBTUSDT,1,33829,-0.0120655800667,1
1.64536083333,2022-01-24T14:38:43.299Z,XBTUSDT,1,33829,-0.0120655800667,1
1.64537444444,2022-01-24T14:38:43.348Z,XBTUSDT,1,33829,-0.0120655800667,1
1.64540611111,2022-01-24T14:38:43.462Z,XBTUSDT,1,33826.0409836,-0.012153053708,4
1.65104277778,2022-01-24T14:39:03.754Z,XBTUSDT,1,33900,-0.00996898847346,1
1.65483555556,2022-01-24T14:39:17.408Z,XBTUSDT,1,33925,-0.00923179713894,1
1.65501277778,2022-01-24T14:39:18.046Z,XBTUSDT,1,33925,-0.00923179713894,1
1.65510416667,2022-01-24T14:39:18.375Z,XBTUSDT,1,33925,-0.00923179713894,1
1.65514777778,2022-01-24T14:39:18.532Z,XBTUSDT,1,33925,-0.00923179713894,1
1.65517472222,2022-01-24T14:39:18.629Z,XBTUSDT,1,33925,-0.00923179713894,1
1.65522861111,2022-01-24T14:39:18.823Z,XBTUSDT,1,33925,-0.00923179713894,1
1.65523138889,2022-01-24T14:39:18.833Z,XBTUSDT,1,33925,-0.00923179713894,1
1.65523277778,2022-01-24T14:39:18.838Z,XBTUSDT,1,33925,-0.00923179713894,1
1.65523361111,2022-01-24T14:39:18.841Z,XBTUSDT,1,33925,-0.00923179713894,1
1.65523444444,2022-01-24T14:39:18.844Z,XBTUSDT,1,33925,-0.00923179713894,1
1.65523527778,2022-01-24T14:39:18.847Z,XBTUSDT,1,33925,-0.00923179713894,2
1.65523583333,2022-01-24T14:39:18.849Z,XBTUSDT,1,33925,-0.00923179713894,1
1.65523611111,2022-01-24T14:39:18.850Z,XBTUSDT,1,33925,-0.00923179713894,1
1.65523666667,2022-01-24T14:39:18.852Z,XBTUSDT,1,33925,-0.00923179713894,1
1.65523777778,2022-01-24T14:39:18.856Z,XBTUSDT,1,33925,-0.00923179713894,1
1.65523805556,2022-01-24T14:39:18.857Z,XBTUSDT,1,33925,-0.00923179713894,1
1.65523972222,2022-01-24T14:39:18.863Z,XBTUSDT,1,33925,-0.00923179713894,2
1.65524194444,2022-01-24T14:39:18.871Z,XBTUSDT,1,33925,-0.00923179713894,1
1.6558725,2022-01-24T14:39:21.141Z,XBTUSDT,1,33975,-0.00775904282266,1
1.6560025,2022-01-24T14:39:21.609Z,XBTUSDT,1,34000,-0.00702347824371,2
1.6562975,2022-01-24T14:39:22.671Z,XBTUSDT,1,33981.5,-0.00756774397649,1
1.65630611111,2022-01-24T14:39:22.702Z,XBTUSDT,1,33981.5,-0.00756774397649,1
1.66906194444,2022-01-24T14:40:08.623Z,XBTUSDT,1,33988.8398438,-0.00735177201592,5
1.66909194444,2022-01-24T14:40:08.731Z,XBTUSDT,1,33996,-0.00714113222349,1
1.66909416667,2022-01-24T14:40:08.739Z,XBTUSDT,1,33996,-0.00714113222349,1
1.6691,2022-01-24T14:40:08.760Z,XBTUSDT,1,33996,-0.00714113222349,1
1.66911388889,2022-01-24T14:40:08.810Z,XBTUSDT,1,33996,-0.00714113222349,2
1.66921277778,2022-01-24T14:40:09.166Z,XBTUSDT,1,34025,-0.00628845432234,2
1.669255,2022-01-24T14:40:09.318Z,XBTUSDT,1,34040,-0.00584769915469,1
1.66934138889,2022-01-24T14:40:09.629Z,XBTUSDT,1,34052.5,-0.00548055152051,1
1.66935972222,2022-01-24T14:40:09.695Z,XBTUSDT,1,34054,-0.00543650286142,1
1.66941861111,2022-01-24T14:40:09.907Z,XBTUSDT,1,33945.4863281,-0.00862810826457,8
1.67138861111,2022-01-24T14:40:16.999Z,XBTUSDT,1,34037.3800781,-0.00592466809425,7
1.68031388889,2022-01-24T14:40:49.130Z,XBTUSDT,1,34079.4566406,-0.00468924466949,3
1.68336666667,2022-01-24T14:41:00.120Z,XBTUSDT,1,34026,-0.00625906459992,1
1.68379416667,2022-01-24T14:41:01.659Z,XBTUSDT,1,34055.0140625,-0.00540672523171,4
1.68380694444,2022-01-24T14:41:01.705Z,XBTUSDT,1,34056,-0.00537777433402,1
1.68494333333,2022-01-24T14:41:05.796Z,XBTUSDT,1,33997.5,-0.00709701035889,1
1.68494611111,2022-01-24T14:41:05.806Z,XBTUSDT,1,33997.5,-0.00709701035889,1
1.68499555556,2022-01-24T14:41:05.984Z,XBTUSDT,1,33984.5,-0.0074794645426,1
1.68547611111,2022-01-24T14:41:07.714Z,XBTUSDT,1,33968.5,-0.00795037827108,1
1.68547722222,2022-01-24T14:41:07.718Z,XBTUSDT,1,33968.5,-0.00795037827108,1
1.68721083333,2022-01-24T14:41:13.959Z,XBTUSDT,1,34027.3835937,-0.00621840258792,2
1.68766527778,2022-01-24T14:41:15.595Z,XBTUSDT,1,33958.4296875,-0.00824688254766,2
1.68827166667,2022-01-24T14:41:17.778Z,XBTUSDT,1,33960.5,-0.00818591832134,1
1.69080805556,2022-01-24T14:41:26.909Z,XBTUSDT,1,33942.5,-0.00871608636757,1
1.69270027778,2022-01-24T14:41:33.721Z,XBTUSDT,1,33915.5,-0.0095118658313,1
1.69517388889,2022-01-24T14:41:42.626Z,XBTUSDT,1,33938.5,-0.00883393966981,1
1.69611694444,2022-01-24T14:41:46.021Z,XBTUSDT,1,33989.7316406,-0.00732553442794,4
1.6962475,2022-01-24T14:41:46.491Z,XBTUSDT,1,33969,-0.00793565885986,1
1.69627805556,2022-01-24T14:41:46.601Z,XBTUSDT,1,33946.3181818,-0.00860360298888,3
1.70101083333,2022-01-24T14:42:03.639Z,XBTUSDT,1,33969.5,-0.00792093966529,1
1.70101472222,2022-01-24T14:42:03.653Z,XBTUSDT,1,33969.5,-0.00792093966529,1
1.70145388889,2022-01-24T14:42:05.234Z,XBTUSDT,1,34008.6726562,-0.0067684326456,4
1.70145694444,2022-01-24T14:42:05.245Z,XBTUSDT,1,34017.2548246,-0.00651611213562,8
1.70151,2022-01-24T14:42:05.436Z,XBTUSDT,1,34009,-0.00675880738977,1
1.70175611111,2022-01-24T14:42:06.322Z,XBTUSDT,1,34006.8882813,-0.00682090225625,4
1.70198027778,2022-01-24T14:42:07.129Z,XBTUSDT,1,33990,-0.00731763915184,1
1.70625333333,2022-01-24T14:42:22.512Z,XBTUSDT,1,33967.1381215,-0.00799047146784,3
1.71657,2022-01-24T14:42:59.652Z,XBTUSDT,1,33897,-0.0100574879646,1
1.72023333333,2022-01-24T14:43:12.840Z,XBTUSDT,1,33900,-0.00996898847346,1
1.73160333333,2022-01-24T14:43:53.772Z,XBTUSDT,1,33801.5,-0.0128788226574,1
1.73160583333,2022-01-24T14:43:53.781Z,XBTUSDT,1,33801.5,-0.0128788226574,1
1.73160694444,2022-01-24T14:43:53.785Z,XBTUSDT,1,33801.5,-0.0128788226574,1
1.73161388889,2022-01-24T14:43:53.810Z,XBTUSDT,1,33801.5,-0.0128788226574,1
1.73205777778,2022-01-24T14:43:55.408Z,XBTUSDT,1,33784.5,-0.0133818854325,1
1.73210194444,2022-01-24T14:43:55.567Z,XBTUSDT,1,33770,-0.0138111684624,1
1.73211861111,2022-01-24T14:43:55.627Z,XBTUSDT,1,33770,-0.0138111684624,1
1.7357675,2022-01-24T14:44:08.763Z,XBTUSDT,1,33832.5,-0.0119621238913,1
1.7357725,2022-01-24T14:44:08.781Z,XBTUSDT,1,33835.1679739,-0.011883268688,3
1.73791083333,2022-01-24T14:44:16.479Z,XBTUSDT,1,33763.728125,-0.0139969089862,2
1.737925,2022-01-24T14:44:16.530Z,XBTUSDT,1,33751.5,-0.0143591420845,1
1.73818583333,2022-01-24T14:44:17.469Z,XBTUSDT,1,33753,-0.0143147006028,1
1.74019638889,2022-01-24T14:44:24.707Z,XBTUSDT,1,33752,-0.0143443280378,1
1.74039305556,2022-01-24T14:44:25.415Z,XBTUSDT,1,33751.5,-0.0143591420845,1
1.74463444444,2022-01-24T14:44:40.684Z,XBTUSDT,1,33751.5,-0.0143591420845,2
1.74466638889,2022-01-24T14:44:40.799Z,XBTUSDT,1,33744.6666667,-0.0145616227199,2
1.74470527778,2022-01-24T14:44:40.939Z,XBTUSDT,1,33737,-0.0147888449294,1
1.74472444444,2022-01-24T14:44:41.008Z,XBTUSDT,1,33731,-0.0149667070274,3
1.74524944444,2022-01-24T14:44:42.898Z,XBTUSDT,1,33720.5,-0.0152780418409,1
1.74531416667,2022-01-24T14:44:43.131Z,XBTUSDT,1,33711.5,-0.015544977422,1
1.74531638889,2022-01-24T14:44:43.139Z,XBTUSDT,1,33711.5,-0.015544977422,1
1.7457475,2022-01-24T14:44:44.691Z,XBTUSDT,1,33676.6648936,-0.0165788417375,9
1.74579666667,2022-01-24T14:44:44.868Z,XBTUSDT,1,33697,-0.0159751902357,1
1.74580527778,2022-01-24T14:44:44.899Z,XBTUSDT,1,33668.5025,-0.0168212464704,2
1.74685583333,2022-01-24T14:44:48.681Z,XBTUSDT,1,33699.5,-0.0159010024069,1
1.74739611111,2022-01-24T14:44:50.626Z,XBTUSDT,1,33690.41,-0.0161707757321,3
1.74866583333,2022-01-24T14:44:55.197Z,XBTUSDT,1,33686.8333333,-0.0162769441205,2
1.74869166667,2022-01-24T14:44:55.290Z,XBTUSDT,1,33686.5,-0.0162868392324,1
1.75021694444,2022-01-24T14:45:00.781Z,XBTUSDT,1,33687.2714286,-0.0162639392654,3
1.75023638889,2022-01-24T14:45:00.851Z,XBTUSDT,1,33686.5,-0.0162868392324,1
1.75025555556,2022-01-24T14:45:00.920Z,XBTUSDT,1,33686.5,-0.0162868392324,1
1.75026916667,2022-01-24T14:45:00.969Z,XBTUSDT,1,33682.3053691,-0.0164113666262,4
1.75157833333,2022-01-24T14:45:05.682Z,XBTUSDT,1,33687.5,-0.0162571541907,1
1.75158027778,2022-01-24T14:45:05.689Z,XBTUSDT,1,33687.5,-0.0162571541907,1
1.75222305556,2022-01-24T14:45:08.003Z,XBTUSDT,1,33666.5,-0.016880725194,2
1.75318888889,2022-01-24T14:45:11.480Z,XBTUSDT,1,33658.7882353,-0.017109814885,2
1.75320416667,2022-01-24T14:45:11.535Z,XBTUSDT,1,33648.5,-0.0174155242857,1
1.75320777778,2022-01-24T14:45:11.548Z,XBTUSDT,1,33648.5,-0.0174155242857,1
1.7547025,2022-01-24T14:45:16.929Z,XBTUSDT,1,33625,-0.0181141649379,1
1.7547075,2022-01-24T14:45:16.947Z,XBTUSDT,1,33625,-0.0181141649379,1
1.755655,2022-01-24T14:45:20.358Z,XBTUSDT,1,33602.5,-0.0187835338967,1
1.75876944444,2022-01-24T14:45:31.570Z,XBTUSDT,1,33602.5,-0.0187835338967,1
1.75878333333,2022-01-24T14:45:31.620Z,XBTUSDT,1,33602.5,-0.0187835338967,1
1.75880638889,2022-01-24T14:45:31.703Z,XBTUSDT,1,33602,-0.0187984138527,2
1.75889944444,2022-01-24T14:45:32.038Z,XBTUSDT,1,33570.1375,-0.0197470959573,4
1.76838944444,2022-01-24T14:46:06.202Z,XBTUSDT,1,33666.64,-0.0168765667662,2
1.77939972222,2022-01-24T14:46:45.839Z,XBTUSDT,1,33748.5,-0.0144480309735,1
1.78163805556,2022-01-24T14:46:53.897Z,XBTUSDT,1,33796,-0.0130415505693,1
1.79185472222,2022-01-24T14:47:30.677Z,XBTUSDT,1,33643.028,-0.0175781599153,2
1.80193916667,2022-01-24T14:48:06.981Z,XBTUSDT,1,33675,-0.0166282805634,1
1.82744138889,2022-01-24T14:49:38.789Z,XBTUSDT,1,33695.5,-0.0160197055749,1
1.83062472222,2022-01-24T14:49:50.249Z,XBTUSDT,1,33695,-0.0160345444617,1
1.83626555556,2022-01-24T14:50:10.556Z,XBTUSDT,1,33650.4333333,-0.0173580691898,2
1.83849416667,2022-01-24T14:50:18.579Z,XBTUSDT,1,33647.5,-0.0174452437341,1
1.84484583333,2022-01-24T14:50:41.445Z,XBTUSDT,1,33625,-0.0181141649379,1
1.84571361111,2022-01-24T14:50:44.569Z,XBTUSDT,1,33591.632948,-0.0191069863066,5
1.84810583333,2022-01-24T14:50:53.181Z,XBTUSDT,1,33601.3636364,-0.0188173522987,3
1.85359555556,2022-01-24T14:51:12.944Z,XBTUSDT,1,33575,-0.0196022604506,1
1.85721722222,2022-01-24T14:51:25.982Z,XBTUSDT,1,33550,-0.0203471394422,1
1.85787666667,2022-01-24T14:51:28.356Z,XBTUSDT,1,33525,-0.0210925736921,1
1.85817416667,2022-01-24T14:51:29.427Z,XBTUSDT,1,33500,-0.0218385640288,1
1.85887611111,2022-01-24T14:51:31.954Z,XBTUSDT,1,33467.7875,-0.0228005937953,3
1.85889416667,2022-01-24T14:51:32.019Z,XBTUSDT,1,33462.621875,-0.0229549518833,4
1.85900055556,2022-01-24T14:51:32.402Z,XBTUSDT,1,33455.5,-0.0231678052877,1
1.86075722222,2022-01-24T14:51:38.726Z,XBTUSDT,1,33455.5,-0.0231678052877,1
1.86080777778,2022-01-24T14:51:38.908Z,XBTUSDT,1,33455.5,-0.0231678052877,1
1.86136277778,2022-01-24T14:51:40.906Z,XBTUSDT,1,33470.5,-0.0227195489971,1
1.87629472222,2022-01-24T14:52:34.661Z,XBTUSDT,1,33538,-0.0207048785349,1
1.87899444444,2022-01-24T14:52:44.380Z,XBTUSDT,1,33491.5,-0.0220923275674,3
1.88027583333,2022-01-24T14:52:48.993Z,XBTUSDT,1,33524,-0.0211224026232,1
1.88150055556,2022-01-24T14:52:53.402Z,XBTUSDT,1,33552,-0.0202875287003,1
1.88542055556,2022-01-24T14:53:07.514Z,XBTUSDT,1,33538.5,-0.020689970184,1
1.88576444444,2022-01-24T14:53:08.752Z,XBTUSDT,1,33561.5,-0.020004426193,1
1.88576916667,2022-01-24T14:53:08.769Z,XBTUSDT,1,33561.5,-0.020004426193,1
1.88577805556,2022-01-24T14:53:08.801Z,XBTUSDT,1,33561.5,-0.020004426193,1
1.88655305556,2022-01-24T14:53:11.591Z,XBTUSDT,1,33534,-0.0208241533443,1
1.89125222222,2022-01-24T14:53:28.508Z,XBTUSDT,1,33543.5,-0.0205408988979,1
1.89768611111,2022-01-24T14:53:51.670Z,XBTUSDT,1,33539.5,-0.020660154149,1
1.89816805556,2022-01-24T14:53:53.405Z,XBTUSDT,1,33592.5,-0.0190811750924,1
1.90026472222,2022-01-24T14:54:00.953Z,XBTUSDT,1,33540.5,-0.0206303390029,1
1.9025525,2022-01-24T14:54:09.189Z,XBTUSDT,1,33592,-0.019096059478,1
1.90258527778,2022-01-24T14:54:09.307Z,XBTUSDT,1,33592,-0.019096059478,1
1.90273611111,2022-01-24T14:54:09.850Z,XBTUSDT,1,33592,-0.019096059478,1
1.90274277778,2022-01-24T14:54:09.874Z,XBTUSDT,1,33592,-0.019096059478,1
1.90283138889,2022-01-24T14:54:10.193Z,XBTUSDT,1,33592,-0.019096059478,1
1.90283222222,2022-01-24T14:54:10.196Z,XBTUSDT,1,33592,-0.019096059478,1
1.90546388889,2022-01-24T14:54:19.670Z,XBTUSDT,1,33679.5165289,-0.0164941684307,4
1.90548666667,2022-01-24T14:54:19.752Z,XBTUSDT,1,33688,-0.0162423120002,1
1.90561027778,2022-01-24T14:54:20.197Z,XBTUSDT,1,33702,-0.0158268200815,1
1.90561111111,2022-01-24T14:54:20.200Z,XBTUSDT,1,33702,-0.0158268200815,1
1.90561166667,2022-01-24T14:54:20.202Z,XBTUSDT,1,33702,-0.0158268200815,1
1.90561388889,2022-01-24T14:54:20.210Z,XBTUSDT,1,33702,-0.0158268200815,1
1.90561638889,2022-01-24T14:54:20.219Z,XBTUSDT,1,33702,-0.0158268200815,1
1.90561805556,2022-01-24T14:54:20.225Z,XBTUSDT,1,33702,-0.0158268200815,1
1.90562611111,2022-01-24T14:54:20.254Z,XBTUSDT,1,33702,-0.0158268200815,1
1.9056575,2022-01-24T14:54:20.367Z,XBTUSDT,1,33700,-0.0158861655016,1
1.90576583333,2022-01-24T14:54:20.757Z,XBTUSDT,1,33715.5,-0.015426330589,1
1.90577027778,2022-01-24T14:54:20.773Z,XBTUSDT,1,33715.5,-0.015426330589,1
1.90579583333,2022-01-24T14:54:20.865Z,XBTUSDT,1,33715.5,-0.015426330589,1
1.90580555556,2022-01-24T14:54:20.900Z,XBTUSDT,1,33715.5,-0.015426330589,1
1.90580638889,2022-01-24T14:54:20.903Z,XBTUSDT,1,33715.5,-0.015426330589,1
1.90580916667,2022-01-24T14:54:20.913Z,XBTUSDT,1,33715.5,-0.015426330589,1
1.90581333333,2022-01-24T14:54:20.928Z,XBTUSDT,1,33715.5,-0.015426330589,1
1.90618694444,2022-01-24T14:54:22.273Z,XBTUSDT,1,33717,-0.0153818416556,1
1.90760305556,2022-01-24T14:54:27.371Z,XBTUSDT,1,33711.5,-0.015544977422,1
1.90761694444,2022-01-24T14:54:27.421Z,XBTUSDT,1,33711,-0.015559809266,1
1.90761805556,2022-01-24T14:54:27.425Z,XBTUSDT,1,33711,-0.015559809266,1
1.90761916667,2022-01-24T14:54:27.429Z,XBTUSDT,1,33711.0714286,-0.0155576904177,2
1.90762027778,2022-01-24T14:54:27.433Z,XBTUSDT,1,33711.5,-0.015544977422,1
1.90770333333,2022-01-24T14:54:27.732Z,XBTUSDT,1,33681.375,-0.0164389889034,2
1.908075,2022-01-24T14:54:29.070Z,XBTUSDT,1,33680.5,-0.0164649679902,1
1.90820305556,2022-01-24T14:54:29.531Z,XBTUSDT,1,33664,-0.0169549857446,2
1.90827833333,2022-01-24T14:54:29.802Z,XBTUSDT,1,33649,-0.0174006648927,1
1.90827888889,2022-01-24T14:54:29.804Z,XBTUSDT,1,33649,-0.0174006648927,1
1.90833666667,2022-01-24T14:54:30.012Z,XBTUSDT,1,33649,-0.0174006648927,1
1.90833916667,2022-01-24T14:54:30.021Z,XBTUSDT,1,33649,-0.0174006648927,1
1.91138638889,2022-01-24T14:54:40.991Z,XBTUSDT,1,33625,-0.0181141649379,1
1.91198305556,2022-01-24T14:54:43.139Z,XBTUSDT,1,33639,-0.017697894713,1
1.91199388889,2022-01-24T14:54:43.178Z,XBTUSDT,1,33639,-0.017697894713,1
1.91201972222,2022-01-24T14:54:43.271Z,XBTUSDT,1,33639,-0.017697894713,1
1.91202083333,2022-01-24T14:54:43.275Z,XBTUSDT,1,33639,-0.017697894713,1
1.91202277778,2022-01-24T14:54:43.282Z,XBTUSDT,1,33639,-0.017697894713,1
1.91358,2022-01-24T14:54:48.888Z,XBTUSDT,1,33602.025,-0.0187976698496,4
1.91607083333,2022-01-24T14:54:57.855Z,XBTUSDT,1,33598.5,-0.0189025797444,1
1.91962777778,2022-01-24T14:55:10.660Z,XBTUSDT,1,33578.2,-0.0195069559825,3
1.92375111111,2022-01-24T14:55:25.504Z,XBTUSDT,1,33625,-0.0181141649379,1
1.92477666667,2022-01-24T14:55:29.196Z,XBTUSDT,1,33650,-0.0173709467691,1
1.92581166667,2022-01-24T14:55:32.922Z,XBTUSDT,1,33675,-0.0166282805634,1
1.92611833333,2022-01-24T14:55:34.026Z,XBTUSDT,1,33700,-0.0158861655016,1
1.9261225,2022-01-24T14:55:34.041Z,XBTUSDT,1,33700,-0.0158861655016,1
1.92615694444,2022-01-24T14:55:34.165Z,XBTUSDT,1,33716,-0.0154115007246,1
1.92835361111,2022-01-24T14:55:42.073Z,XBTUSDT,1,33725,-0.015144600766,1
1.93171388889,2022-01-24T14:55:54.170Z,XBTUSDT,1,33735,-0.0148481287805,1
1.93187611111,2022-01-24T14:55:54.754Z,XBTUSDT,1,33713,-0.01550048321,1
1.93458527778,2022-01-24T14:56:04.507Z,XBTUSDT,1,33750,-0.0144035855413,1
1.93739333333,2022-01-24T14:56:14.616Z,XBTUSDT,1,33781.1976744,-0.013479636975,2
1.93743055556,2022-01-24T14:56:14.750Z,XBTUSDT,1,33781.5,-0.0134706874927,1
1.9377075,2022-01-24T14:56:15.747Z,XBTUSDT,1,33776.5694444,-0.0136166524561,2
1.94446,2022-01-24T14:56:40.056Z,XBTUSDT,1,33714,-0.0154708215018,1
1.94583472222,2022-01-24T14:56:45.005Z,XBTUSDT,1,33692.5,-0.0161087421987,1
1.95354083333,2022-01-24T14:57:12.747Z,XBTUSDT,1,33650,-0.0173709467691,1
1.95394305556,2022-01-24T14:57:14.195Z,XBTUSDT,1,33625,-0.0181141649379,1
1.95629222222,2022-01-24T14:57:22.652Z,XBTUSDT,1,33604.5,-0.0187240162869,1
1.95632333333,2022-01-24T14:57:22.764Z,XBTUSDT,1,33600,-0.0188579358907,1
1.96613444444,2022-01-24T14:57:58.084Z,XBTUSDT,1,33615.4305556,-0.0183987985855,2
1.97286333333,2022-01-24T14:58:22.308Z,XBTUSDT,1,33666,-0.016895576863,1
1.97286638889,2022-01-24T14:58:22.319Z,XBTUSDT,1,33666,-0.016895576863,1
1.97287111111,2022-01-24T14:58:22.336Z,XBTUSDT,1,33666,-0.016895576863,1
1.97296638889,2022-01-24T14:58:22.679Z,XBTUSDT,1,33666,-0.016895576863,1
1.9730475,2022-01-24T14:58:22.971Z,XBTUSDT,1,33666,-0.016895576863,1
1.97348027778,2022-01-24T14:58:24.529Z,XBTUSDT,1,33676.25,-0.0165911617275,2
1.97351277778,2022-01-24T14:58:24.646Z,XBTUSDT,1,33676.5,-0.0165837381256,1
1.97386277778,2022-01-24T14:58:25.906Z,XBTUSDT,1,33676.5,-0.0165837381256,1
1.9739025,2022-01-24T14:58:26.049Z,XBTUSDT,1,33676.5,-0.0165837381256,1
1.97838444444,2022-01-24T14:58:42.184Z,XBTUSDT,1,33615,-0.0184116069389,1
1.97910222222,2022-01-24T14:58:44.768Z,XBTUSDT,1,33615,-0.0184116069389,1
1.97914277778,2022-01-24T14:58:44.914Z,XBTUSDT,1,33615,-0.0184116069389,1
1.97946055556,2022-01-24T14:58:46.058Z,XBTUSDT,1,33600,-0.0188579358907,1
1.98672361111,2022-01-24T14:59:12.205Z,XBTUSDT,1,33624,-0.0181439051571,1
1.98676416667,2022-01-24T14:59:12.351Z,XBTUSDT,1,33625,-0.0181141649379,1
1.98685111111,2022-01-24T14:59:12.664Z,XBTUSDT,1,33632,-0.0179060081653,1
1.9873675,2022-01-24T14:59:14.523Z,XBTUSDT,1,33650,-0.0173709467691,1
1.99083777778,2022-01-24T14:59:27.016Z,XBTUSDT,1,33675,-0.0166282805634,1
1.9913775,2022-01-24T14:59:28.959Z,XBTUSDT,1,33667,-0.0168658737456,2
1.99768638889,2022-01-24T14:59:51.671Z,XBTUSDT,1,33649,-0.0174006648927,1
1.99959694444,2022-01-24T14:59:58.549Z,XBTUSDT,1,33625,-0.0181141649379,1
2.00208694444,2022-01-24T15:00:07.513Z,XBTUSDT,1,33603.025,-0.0187679101812,2
2.00394555556,2022-01-24T15:00:14.204Z,XBTUSDT,1,33627,-0.0180546871528,1
2.00395277778,2022-01-24T15:00:14.230Z,XBTUSDT,1,33627,-0.0180546871528,1
2.00395333333,2022-01-24T15:00:14.232Z,XBTUSDT,1,33627,-0.0180546871528,1
2.00396305556,2022-01-24T15:00:14.267Z,XBTUSDT,1,33627,-0.0180546871528,1
2.00396444444,2022-01-24T15:00:14.272Z,XBTUSDT,1,33627,-0.0180546871528,1
2.00397083333,2022-01-24T15:00:14.295Z,XBTUSDT,1,33627,-0.0180546871528,1
2.00652611111,2022-01-24T15:00:23.494Z,XBTUSDT,1,33646.5,-0.0174749640658,1
2.00767305556,2022-01-24T15:00:27.623Z,XBTUSDT,1,33700,-0.0158861655016,1
2.00767916667,2022-01-24T15:00:27.645Z,XBTUSDT,1,33700,-0.0158861655016,1
2.00845638889,2022-01-24T15:00:30.443Z,XBTUSDT,1,33725,-0.015144600766,1
2.00860055556,2022-01-24T15:00:30.962Z,XBTUSDT,1,33715.2,-0.0154352286132,2
2.01010527778,2022-01-24T15:00:36.379Z,XBTUSDT,1,33750,-0.0144035855413,1
2.01087666667,2022-01-24T15:00:39.156Z,XBTUSDT,1,33748,-0.0144628465565,1
2.01148555556,2022-01-24T15:00:41.348Z,XBTUSDT,1,33747.0384615,-0.0144913386793,2
2.01148666667,2022-01-24T15:00:41.352Z,XBTUSDT,1,33747,-0.0144924783811,1
2.01151722222,2022-01-24T15:00:41.462Z,XBTUSDT,1,33747,-0.0144924783811,1
2.01188083333,2022-01-24T15:00:42.771Z,XBTUSDT,1,33747,-0.0144924783811,1
2.01446833333,2022-01-24T15:00:52.086Z,XBTUSDT,1,33766.5,-0.0139148161197,1
2.01446861111,2022-01-24T15:00:52.087Z,XBTUSDT,1,33766.5,-0.0139148161197,1
2.01447027778,2022-01-24T15:00:52.093Z,XBTUSDT,1,33766.5,-0.0139148161197,1
2.01447166667,2022-01-24T15:00:52.098Z,XBTUSDT,1,33766.5,-0.0139148161197,1
2.01447222222,2022-01-24T15:00:52.100Z,XBTUSDT,1,33766.5,-0.0139148161197,1
2.01447305556,2022-01-24T15:00:52.103Z,XBTUSDT,1,33766.5,-0.0139148161197,1
2.01447555556,2022-01-24T15:00:52.112Z,XBTUSDT,1,33766.5,-0.0139148161197,1
2.0144775,2022-01-24T15:00:52.119Z,XBTUSDT,1,33766.5,-0.0139148161197,1
2.01447861111,2022-01-24T15:00:52.123Z,XBTUSDT,1,33766.5,-0.0139148161197,1
2.01447972222,2022-01-24T15:00:52.127Z,XBTUSDT,1,33766.5,-0.0139148161197,1
2.01448,2022-01-24T15:00:52.128Z,XBTUSDT,1,33766.5,-0.0139148161197,1
2.01448055556,2022-01-24T15:00:52.130Z,XBTUSDT,1,33766.5,-0.0139148161197,1
2.01448111111,2022-01-24T15:00:52.132Z,XBTUSDT,1,33766.5,-0.0139148161197,1
2.01448194444,2022-01-24T15:00:52.135Z,XBTUSDT,1,33766.5,-0.0139148161197,1
2.01448388889,2022-01-24T15:00:52.142Z,XBTUSDT,1,33766.5,-0.0139148161197,1
2.014485,2022-01-24T15:00:52.146Z,XBTUSDT,1,33766.5,-0.0139148161197,1
2.01448555556,2022-01-24T15:00:52.148Z,XBTUSDT,1,33766.5,-0.0139148161197,1
2.01448638889,2022-01-24T15:00:52.151Z,XBTUSDT,1,33766.5,-0.0139148161197,1
2.0144875,2022-01-24T15:00:52.155Z,XBTUSDT,1,33766.5,-0.0139148161197,1
2.02318361111,2022-01-24T15:01:23.461Z,XBTUSDT,1,33641.9992188,-0.0176087397127,6
2.02321333333,2022-01-24T15:01:23.568Z,XBTUSDT,1,33641.5,-0.0176235789751,1
2.03654694444,2022-01-24T15:02:11.569Z,XBTUSDT,1,33666.5,-0.016880725194,1
2.05537,2022-01-24T15:03:19.332Z,XBTUSDT,1,33625,-0.0181141649379,1
2.05811416667,2022-01-24T15:03:29.211Z,XBTUSDT,1,33600,-0.0188579358907,1
2.05851972222,2022-01-24T15:03:30.671Z,XBTUSDT,1,33575,-0.0196022604506,1
2.06529388889,2022-01-24T15:03:55.058Z,XBTUSDT,1,33644.5,-0.0175344073792,1
2.06998611111,2022-01-24T15:04:11.950Z,XBTUSDT,1,33658,-0.017133233569,1
2.07880472222,2022-01-24T15:04:43.697Z,XBTUSDT,1,33572,-0.0196916166393,2
2.08100138889,2022-01-24T15:04:51.605Z,XBTUSDT,1,33585.5,-0.0192895766532,1
2.08512805556,2022-01-24T15:05:06.461Z,XBTUSDT,1,33550,-0.0203471394422,1
2.09205861111,2022-01-24T15:05:31.411Z,XBTUSDT,1,33525,-0.0210925736921,1
2.10138166667,2022-01-24T15:06:04.974Z,XBTUSDT,1,33600.5,-0.018843055049,2
2.10141666667,2022-01-24T15:06:05.100Z,XBTUSDT,1,33609,-0.0185901146152,1
2.10141888889,2022-01-24T15:06:05.108Z,XBTUSDT,1,33609,-0.0185901146152,1
2.10144583333,2022-01-24T15:06:05.205Z,XBTUSDT,1,33619.5,-0.0182777470899,1
2.10147055556,2022-01-24T15:06:05.294Z,XBTUSDT,1,33619.5,-0.0182777470899,1
2.11765805556,2022-01-24T15:07:03.569Z,XBTUSDT,1,33650,-0.0173709467691,1
2.13517305556,2022-01-24T15:08:06.623Z,XBTUSDT,1,33641.5,-0.0176235789751,1
2.13779888889,2022-01-24T15:08:16.076Z,XBTUSDT,1,33625,-0.0181141649379,1
2.15998333333,2022-01-24T15:09:35.940Z,XBTUSDT,1,33575,-0.0196022604506,1
2.15998388889,2022-01-24T15:09:35.942Z,XBTUSDT,1,33575,-0.0196022604506,1
2.16141944444,2022-01-24T15:09:41.110Z,XBTUSDT,1,33550,-0.0203471394422,1
2.16274805556,2022-01-24T15:09:45.893Z,XBTUSDT,1,33525,-0.0210925736921,1
2.16794027778,2022-01-24T15:10:04.585Z,XBTUSDT,1,33500,-0.0218385640288,1
2.1715075,2022-01-24T15:10:17.427Z,XBTUSDT,1,33475,-0.0225851112826,2
2.17540583333,2022-01-24T15:10:31.461Z,XBTUSDT,1,33441.3,-0.0235923398009,2
2.17567138889,2022-01-24T15:10:32.417Z,XBTUSDT,1,33435.5,-0.0237657930766,1
2.18142916667,2022-01-24T15:10:53.145Z,XBTUSDT,1,33425.5,-0.0240649211206,1
2.18177722222,2022-01-24T15:10:54.398Z,XBTUSDT,1,33426.5,-0.0240350042894,1
2.18177805556,2022-01-24T15:10:54.401Z,XBTUSDT,1,33421.6386719,-0.0241804482234,7
2.18185305556,2022-01-24T15:10:54.671Z,XBTUSDT,1,33418.9166667,-0.0242618959372,2
2.18189694444,2022-01-24T15:10:54.829Z,XBTUSDT,1,33404.5694836,-0.0246913013497,5
2.18190611111,2022-01-24T15:10:54.862Z,XBTUSDT,1,33400.5,-0.0248131329294,1
2.18200611111,2022-01-24T15:10:55.222Z,XBTUSDT,1,33414,-0.0244090290243,1
2.1820275,2022-01-24T15:10:55.299Z,XBTUSDT,1,33387.0879536,-0.0252147658364,3
2.18203805556,2022-01-24T15:10:55.337Z,XBTUSDT,1,33398,-0.0248879849096,1
2.1820525,2022-01-24T15:10:55.389Z,XBTUSDT,1,33392.1744966,-0.0250624268366,2
2.18206444444,2022-01-24T15:10:55.432Z,XBTUSDT,1,33401,-0.0247981632057,1
2.18207222222,2022-01-24T15:10:55.460Z,XBTUSDT,1,33401,-0.0247981632057,1
2.18207638889,2022-01-24T15:10:55.475Z,XBTUSDT,1,33384,-0.0253072595706,1
2.18208972222,2022-01-24T15:10:55.523Z,XBTUSDT,1,33380.076853,-0.0254247822628,2
2.1821075,2022-01-24T15:10:55.587Z,XBTUSDT,1,33401,-0.0247981632057,1
2.18216305556,2022-01-24T15:10:55.787Z,XBTUSDT,1,33368.5,-0.0257716616613,1
2.18217027778,2022-01-24T15:10:55.813Z,XBTUSDT,1,33327.3404908,-0.0270059069793,4
2.18224333333,2022-01-24T15:10:56.076Z,XBTUSDT,1,33298,-0.0278866677372,1
2.18240444444,2022-01-24T15:10:56.656Z,XBTUSDT,1,33272,-0.0286678004193,1
2.18244333333,2022-01-24T15:10:56.796Z,XBTUSDT,1,33298.5,-0.0278716519331,1
2.18282944444,2022-01-24T15:10:58.186Z,XBTUSDT,1,33276.5,-0.0285325607067,1
2.18290666667,2022-01-24T15:10:58.464Z,XBTUSDT,1,33276.5,-0.0285325607067,1
2.18292361111,2022-01-24T15:10:58.525Z,XBTUSDT,1,33276.5,-0.0285325607067,1
2.1839,2022-01-24T15:11:02.040Z,XBTUSDT,1,33263.9317757,-0.0289103227414,5
2.18407638889,2022-01-24T15:11:02.675Z,XBTUSDT,1,33322.4492188,-0.0271526822978,8
2.18426527778,2022-01-24T15:11:03.355Z,XBTUSDT,1,33323.2897271,-0.0271274591285,2
2.18487638889,2022-01-24T15:11:05.555Z,XBTUSDT,1,33334.0367309,-0.0268050038342,6
2.18530527778,2022-01-24T15:11:07.099Z,XBTUSDT,1,33257.5,-0.0291036972839,1
2.18614861111,2022-01-24T15:11:10.135Z,XBTUSDT,1,33268.2099448,-0.0287817181618,2
2.18856,2022-01-24T15:11:18.816Z,XBTUSDT,1,33257.5,-0.0291036972839,1
2.18856555556,2022-01-24T15:11:18.836Z,XBTUSDT,1,33257.5,-0.0291036972839,1
2.18856666667,2022-01-24T15:11:18.840Z,XBTUSDT,1,33257.5,-0.0291036972839,1
2.18856777778,2022-01-24T15:11:18.844Z,XBTUSDT,1,33257.5,-0.0291036972839,1
2.19080638889,2022-01-24T15:11:26.903Z,XBTUSDT,1,33260.4425781,-0.0290152225653,2
2.19432166667,2022-01-24T15:11:39.558Z,XBTUSDT,1,33342,-0.026566139334,1
2.1943275,2022-01-24T15:11:39.579Z,XBTUSDT,1,33342,-0.026566139334,1
2.20420138889,2022-01-24T15:12:15.125Z,XBTUSDT,1,33475,-0.0225851112826,2
2.20439027778,2022-01-24T15:12:15.805Z,XBTUSDT,1,33492.5,-0.0220624696909,1
2.20439361111,2022-01-24T15:12:15.817Z,XBTUSDT,1,33492.5,-0.0220624696909,1
2.2056675,2022-01-24T15:12:20.403Z,XBTUSDT,1,33500,-0.0218385640288,1
2.21934555556,2022-01-24T15:13:09.644Z,XBTUSDT,1,33400,-0.0248281028772,2
2.22513611111,2022-01-24T15:13:30.490Z,XBTUSDT,1,33432.1590909,-0.0238657190839,2
2.234835,2022-01-24T15:14:05.406Z,XBTUSDT,1,33376.5,-0.0255319433292,1
2.23484583333,2022-01-24T15:14:05.445Z,XBTUSDT,1,33376.5,-0.0255319433292,1
2.23488722222,2022-01-24T15:14:05.594Z,XBTUSDT,1,33375,-0.0255768861395,1
2.23488833333,2022-01-24T15:14:05.598Z,XBTUSDT,1,33375,-0.0255768861395,1
2.2354325,2022-01-24T15:14:07.557Z,XBTUSDT,1,33342.3566667,-0.0265554421725,6
2.23778222222,2022-01-24T15:14:16.016Z,XBTUSDT,1,33418,-0.0242893258879,1
2.23918805556,2022-01-24T15:14:21.077Z,XBTUSDT,1,33422.5,-0.0241546769847,1
2.23981805556,2022-01-24T15:14:23.345Z,XBTUSDT,1,33450,-0.0233322162856,1
2.2399775,2022-01-24T15:14:23.919Z,XBTUSDT,1,33475,-0.0225851112826,2
2.24041277778,2022-01-24T15:14:25.486Z,XBTUSDT,1,33500,-0.0218385640288,1
2.24048111111,2022-01-24T15:14:25.732Z,XBTUSDT,1,33501,-0.0218087137281,1
2.2409175,2022-01-24T15:14:27.303Z,XBTUSDT,1,33528.25,-0.0209956358106,2
2.24176944444,2022-01-24T15:14:30.370Z,XBTUSDT,1,33499,-0.0218684152207,1
2.24177416667,2022-01-24T15:14:30.387Z,XBTUSDT,1,33499,-0.0218684152207,1
2.24455472222,2022-01-24T15:14:40.397Z,XBTUSDT,1,33496.5,-0.021943047099,1
2.25189722222,2022-01-24T15:15:06.830Z,XBTUSDT,1,33473.5,-0.022629921846,1
2.25190277778,2022-01-24T15:15:06.850Z,XBTUSDT,1,33473.5,-0.022629921846,1
2.25191388889,2022-01-24T15:15:06.890Z,XBTUSDT,1,33473.5,-0.022629921846,1
2.25193944444,2022-01-24T15:15:06.982Z,XBTUSDT,1,33473.5,-0.022629921846,1
2.25613583333,2022-01-24T15:15:22.089Z,XBTUSDT,1,33404,-0.0247083495689,1
2.2561375,2022-01-24T15:15:22.095Z,XBTUSDT,1,33425.833114,-0.0240549553048,6
2.25618138889,2022-01-24T15:15:22.253Z,XBTUSDT,1,33413,-0.0244389570474,1
2.26588472222,2022-01-24T15:15:57.185Z,XBTUSDT,1,33350,-0.0263262304982,1
2.27567194444,2022-01-24T15:16:32.419Z,XBTUSDT,1,33326.4,-0.0270341271749,3
2.27594861111,2022-01-24T15:16:33.415Z,XBTUSDT,1,33350,-0.0263262304982,1
2.28096055556,2022-01-24T15:16:51.458Z,XBTUSDT,1,33389.5,-0.0251425235597,1
2.281025,2022-01-24T15:16:51.690Z,XBTUSDT,1,33389.5,-0.0251425235597,1
2.2810275,2022-01-24T15:16:51.699Z,XBTUSDT,1,33389.5,-0.0251425235597,1
2.28111083333,2022-01-24T15:16:51.999Z,XBTUSDT,1,33389.5,-0.0251425235597,1
2.28111277778,2022-01-24T15:16:52.006Z,XBTUSDT,1,33389.5,-0.0251425235597,1
2.281115,2022-01-24T15:16:52.014Z,XBTUSDT,1,33389.5,-0.0251425235597,1
2.28111944444,2022-01-24T15:16:52.030Z,XBTUSDT,1,33389.5,-0.0251425235597,1
2.28113083333,2022-01-24T15:16:52.071Z,XBTUSDT,1,33389.5,-0.0251425235597,1
2.28503722222,2022-01-24T15:17:06.134Z,XBTUSDT,1,33459.5,-0.0230482506286,1
2.30098972222,2022-01-24T15:18:03.563Z,XBTUSDT,1,33375,-0.0255768861395,1
2.302305,2022-01-24T15:18:08.298Z,XBTUSDT,1,33371,-0.0256967435093,1
2.31337833333,2022-01-24T15:18:48.162Z,XBTUSDT,1,33400,-0.0248281028772,1
2.31427027778,2022-01-24T15:18:51.373Z,XBTUSDT,1,33448.0241667,-0.0233912862913,6
2.31604055556,2022-01-24T15:18:57.746Z,XBTUSDT,1,33407.5,-0.0246035771868,1
2.32290666667,2022-01-24T15:19:22.464Z,XBTUSDT,1,33393.75,-0.0250152461359,2
2.32442,2022-01-24T15:19:27.912Z,XBTUSDT,1,33361,-0.0259964497994,1
2.33443972222,2022-01-24T15:20:03.983Z,XBTUSDT,1,33413.5,-0.0244239929239,1
2.33717833333,2022-01-24T15:20:13.842Z,XBTUSDT,1,33475,-0.0225851112826,1
2.35909916667,2022-01-24T15:21:32.757Z,XBTUSDT,1,33500,-0.0218385640288,1
2.37095916667,2022-01-24T15:22:15.453Z,XBTUSDT,1,33425,-0.0240798798719,1
2.37505333333,2022-01-24T15:22:30.192Z,XBTUSDT,1,33451,-0.0233023213663,1
2.37981083333,2022-01-24T15:22:47.319Z,XBTUSDT,1,33476.5,-0.0225403027272,1
2.38265944444,2022-01-24T15:22:57.574Z,XBTUSDT,1,33524.5016103,-0.0211074400127,2
2.38268527778,2022-01-24T15:22:57.667Z,XBTUSDT,1,33531.4642857,-0.0208997724222,2
2.38290527778,2022-01-24T15:22:58.459Z,XBTUSDT,1,33532,-0.0208837960843,4
2.38562361111,2022-01-24T15:23:08.245Z,XBTUSDT,1,33550,-0.0203471394422,1
2.39334333333,2022-01-24T15:23:36.036Z,XBTUSDT,1,33575,-0.0196022604506,1
2.39376805556,2022-01-24T15:23:37.565Z,XBTUSDT,1,33600,-0.0188579358907,1
2.39912666667,2022-01-24T15:23:56.856Z,XBTUSDT,1,33625,-0.0181141649379,1
2.40198555556,2022-01-24T15:24:07.148Z,XBTUSDT,1,33650,-0.0173709467691,1
2.41216805556,2022-01-24T15:24:43.805Z,XBTUSDT,1,33660,-0.0170738140972,1
2.41436944444,2022-01-24T15:24:51.730Z,XBTUSDT,1,33675,-0.0166282805634,1
2.41511916667,2022-01-24T15:24:54.429Z,XBTUSDT,1,33673,-0.016687673567,1
2.41928166667,2022-01-24T15:25:09.414Z,XBTUSDT,1,33705.9517127,-0.0157095724109,12
2.41934861111,2022-01-24T15:25:09.655Z,XBTUSDT,1,33732.9180572,-0.0149098453074,6
2.41941055556,2022-01-24T15:25:09.878Z,XBTUSDT,1,33754.5635452,-0.0142683785296,2
2.41948388889,2022-01-24T15:25:10.142Z,XBTUSDT,1,33782.8942982,-0.0134294143263,3
2.41950388889,2022-01-24T15:25:10.214Z,XBTUSDT,1,33798.2585937,-0.0129747225931,3
2.41955111111,2022-01-24T15:25:10.384Z,XBTUSDT,1,33801.9817668,-0.0128645699352,2
2.41955333333,2022-01-24T15:25:10.392Z,XBTUSDT,1,33802,-0.0128640305238,1
2.41956111111,2022-01-24T15:25:10.420Z,XBTUSDT,1,33801.8942256,-0.0128671597643,2
2.41957944444,2022-01-24T15:25:10.486Z,XBTUSDT,1,33801.2283465,-0.0128868594201,3
2.41958166667,2022-01-24T15:25:10.494Z,XBTUSDT,1,33802,-0.0128640305238,1
2.41965888889,2022-01-24T15:25:10.772Z,XBTUSDT,1,33802,-0.0128640305238,1
2.41966444444,2022-01-24T15:25:10.792Z,XBTUSDT,1,33802,-0.0128640305238,1
2.41967805556,2022-01-24T15:25:10.841Z,XBTUSDT,1,33815.9983845,-0.0124499873689,2
2.41968,2022-01-24T15:25:10.848Z,XBTUSDT,1,33816,-0.0124499395954,1
2.41968611111,2022-01-24T15:25:10.870Z,XBTUSDT,1,33816,-0.0124499395954,1
2.41971666667,2022-01-24T15:25:10.980Z,XBTUSDT,1,33816,-0.0124499395954,1
2.41971861111,2022-01-24T15:25:10.987Z,XBTUSDT,1,33816,-0.0124499395954,1
2.41972694444,2022-01-24T15:25:11.017Z,XBTUSDT,1,33816,-0.0124499395954,1
2.41983638889,2022-01-24T15:25:11.411Z,XBTUSDT,1,33845.9405099,-0.0115649365451,2
2.41990805556,2022-01-24T15:25:11.669Z,XBTUSDT,1,33846,-0.011563178874,1
2.41990861111,2022-01-24T15:25:11.671Z,XBTUSDT,1,33846,-0.011563178874,1
2.41998305556,2022-01-24T15:25:11.939Z,XBTUSDT,1,33816.86875,-0.0124242494238,3
2.42008388889,2022-01-24T15:25:12.302Z,XBTUSDT,1,33850,-0.0114450035016,1
2.42015027778,2022-01-24T15:25:12.541Z,XBTUSDT,1,33820.0975197,-0.0123287759007,3
2.42025805556,2022-01-24T15:25:12.929Z,XBTUSDT,1,33887.5,-0.0103377880351,2
2.42046861111,2022-01-24T15:25:13.687Z,XBTUSDT,1,33849.5,-0.0114597746594,2
2.42047222222,2022-01-24T15:25:13.700Z,XBTUSDT,1,33849.5,-0.0114597746594,1
2.42047555556,2022-01-24T15:25:13.712Z,XBTUSDT,1,33827.043222,-0.012123424951,5
2.42047583333,2022-01-24T15:25:13.713Z,XBTUSDT,1,33849.5,-0.0114597746594,1
2.42047694444,2022-01-24T15:25:13.717Z,XBTUSDT,1,33849.5,-0.0114597746594,1
2.42081444444,2022-01-24T15:25:14.932Z,XBTUSDT,1,33886.5,-0.0103672978766,1
2.42147972222,2022-01-24T15:25:17.327Z,XBTUSDT,1,33951.7975,-0.00844220474863,3
2.42166944444,2022-01-24T15:25:18.010Z,XBTUSDT,1,33952.5,-0.00842151386378,1
2.42554805556,2022-01-24T15:25:31.973Z,XBTUSDT,1,33927.5,-0.00915810788648,1
2.425985,2022-01-24T15:25:33.546Z,XBTUSDT,1,33927,-0.00917284530257,1
2.42823361111,2022-01-24T15:25:41.641Z,XBTUSDT,1,33933.5587687,-0.00897954395651,3
2.42888277778,2022-01-24T15:25:43.978Z,XBTUSDT,1,33940,-0.00878974305379,1
2.42927861111,2022-01-24T15:25:45.403Z,XBTUSDT,1,33951,-0.00846569420795,1
2.4292825,2022-01-24T15:25:45.417Z,XBTUSDT,1,33951,-0.00846569420795,1
2.42941444444,2022-01-24T15:25:45.892Z,XBTUSDT,1,33951,-0.00846569420795,2
2.43088333333,2022-01-24T15:25:51.180Z,XBTUSDT,1,33923.5,-0.009276013297,1
2.43094472222,2022-01-24T15:25:51.401Z,XBTUSDT,1,33923.5,-0.009276013297,1
2.43381277778,2022-01-24T15:26:01.726Z,XBTUSDT,1,33945.5,-0.00862770550491,1
2.43382666667,2022-01-24T15:26:01.776Z,XBTUSDT,1,33945.5,-0.00862770550491,1
2.43383,2022-01-24T15:26:01.788Z,XBTUSDT,1,33945.5,-0.00862770550491,1
2.43389888889,2022-01-24T15:26:02.036Z,XBTUSDT,1,33913.3019531,-0.00957667743971,6
2.43401166667,2022-01-24T15:26:02.442Z,XBTUSDT,1,33901.5,-0.00992474166476,1
2.43401416667,2022-01-24T15:26:02.451Z,XBTUSDT,1,33901.5,-0.00992474166476,1
2.43634083333,2022-01-24T15:26:10.827Z,XBTUSDT,1,33863.5,-0.0110462646924,1
2.46139083333,2022-01-24T15:27:41.007Z,XBTUSDT,1,33991,-0.00728821916685,1
2.46249222222,2022-01-24T15:27:44.972Z,XBTUSDT,1,34032.81075,-0.00605892151932,8
2.46313611111,2022-01-24T15:27:47.290Z,XBTUSDT,1,34028.6242938,-0.00618194144146,3
2.46314222222,2022-01-24T15:27:47.312Z,XBTUSDT,1,34031,-0.00611212894278,1
2.46315222222,2022-01-24T15:27:47.348Z,XBTUSDT,1,34031,-0.00611212894278,1
2.46317305556,2022-01-24T15:27:47.423Z,XBTUSDT,1,34031,-0.00611212894278,1
2.46752111111,2022-01-24T15:28:03.076Z,XBTUSDT,1,34036.5,-0.00595052465257,1
2.46774944444,2022-01-24T15:28:03.898Z,XBTUSDT,1,34036.5,-0.00595052465257,1
2.46775083333,2022-01-24T15:28:03.903Z,XBTUSDT,1,34036.5,-0.00595052465257,1
2.46777833333,2022-01-24T15:28:04.002Z,XBTUSDT,1,34036.5,-0.00595052465257,1
2.46778777778,2022-01-24T15:28:04.036Z,XBTUSDT,1,34036.5,-0.00595052465257,1
2.46803638889,2022-01-24T15:28:04.931Z,XBTUSDT,1,34036.5,-0.00595052465257,1
2.46805916667,2022-01-24T15:28:05.013Z,XBTUSDT,1,34036.5,-0.00595052465257,1
2.47018694444,2022-01-24T15:28:12.673Z,XBTUSDT,1,33991,-0.00728821916685,1
2.49338944444,2022-01-24T15:29:36.202Z,XBTUSDT,1,33915.5,-0.0095118658313,1
2.49339,2022-01-24T15:29:36.204Z,XBTUSDT,1,33915.5,-0.0095118658313,1
2.49581805556,2022-01-24T15:29:44.945Z,XBTUSDT,1,33896,-0.0100869895356,1
2.51079055556,2022-01-24T15:30:38.846Z,XBTUSDT,1,33944.34475,-0.00866173857729,5
2.52497055556,2022-01-24T15:31:29.894Z,XBTUSDT,1,33950,-0.00849514885516,1
2.52497111111,2022-01-24T15:31:29.896Z,XBTUSDT,1,33950,-0.00849514885516,1
2.54302583333,2022-01-24T15:32:34.893Z,XBTUSDT,1,33992.5,-0.00724409081216,1
2.54339194444,2022-01-24T15:32:36.211Z,XBTUSDT,1,34013,-0.00664119838079,1
2.55276527778,2022-01-24T15:33:09.955Z,XBTUSDT,1,34098,-0.00414527131683,1
2.55276916667,2022-01-24T15:33:09.969Z,XBTUSDT,1,34098,-0.00414527131683,1
2.55277333333,2022-01-24T15:33:09.984Z,XBTUSDT,1,34098,-0.00414527131683,1
2.55543777778,2022-01-24T15:33:19.576Z,XBTUSDT,1,34100,-0.0040866185704,1
2.5554475,2022-01-24T15:33:19.611Z,XBTUSDT,1,34099.5,-0.0041012814345,1
2.55592833333,2022-01-24T15:33:21.342Z,XBTUSDT,1,34125,-0.00335374935474,1
2.5560825,2022-01-24T15:33:21.897Z,XBTUSDT,1,34139,-0.00294357707664,1
2.55608472222,2022-01-24T15:33:21.905Z,XBTUSDT,1,34139,-0.00294357707664,1
2.5560975,2022-01-24T15:33:21.951Z,XBTUSDT,1,34139,-0.00294357707664,1
2.55652277778,2022-01-24T15:33:23.482Z,XBTUSDT,1,34137.6912752,-0.00298191299503,3
2.55658527778,2022-01-24T15:33:23.707Z,XBTUSDT,1,34175,-0.00188962024986,1
2.55658722222,2022-01-24T15:33:23.714Z,XBTUSDT,1,34175,-0.00188962024986,1
2.55659555556,2022-01-24T15:33:23.744Z,XBTUSDT,1,34175,-0.00188962024986,1
2.55659638889,2022-01-24T15:33:23.747Z,XBTUSDT,1,34175.375,-0.00187864737663,2
2.5566825,2022-01-24T15:33:24.057Z,XBTUSDT,1,34199.5,-0.00117297878122,1
2.55676138889,2022-01-24T15:33:24.341Z,XBTUSDT,1,34200,-0.00115835879131,1
2.55676861111,2022-01-24T15:33:24.367Z,XBTUSDT,1,34200,-0.00115835879131,1
2.55683805556,2022-01-24T15:33:24.617Z,XBTUSDT,1,34176.5,-0.00184572947935,1
2.55713166667,2022-01-24T15:33:25.674Z,XBTUSDT,1,34221,-0.000544512145998,1
2.55908194444,2022-01-24T15:33:32.695Z,XBTUSDT,1,34229,-0.000310764884158,1
2.55908472222,2022-01-24T15:33:32.705Z,XBTUSDT,1,34229,-0.000310764884158,1
2.55908583333,2022-01-24T15:33:32.709Z,XBTUSDT,1,34229,-0.000310764884158,1
2.55908722222,2022-01-24T15:33:32.714Z,XBTUSDT,1,34229,-0.000310764884158,1
2.55908944444,2022-01-24T15:33:32.722Z,XBTUSDT,1,34229,-0.000310764884158,1
2.5590925,2022-01-24T15:33:32.733Z,XBTUSDT,1,34229,-0.000310764884158,1
2.55909638889,2022-01-24T15:33:32.747Z,XBTUSDT,1,34229,-0.000310764884158,1
2.55909805556,2022-01-24T15:33:32.753Z,XBTUSDT,1,34229,-0.000310764884158,1
2.55909888889,2022-01-24T15:33:32.756Z,XBTUSDT,1,34229,-0.000310764884158,1
2.5591,2022-01-24T15:33:32.760Z,XBTUSDT,1,34229,-0.000310764884158,1
2.55910083333,2022-01-24T15:33:32.763Z,XBTUSDT,1,34229,-0.000310764884158,1
2.55910222222,2022-01-24T15:33:32.768Z,XBTUSDT,1,34229,-0.000310764884158,1
2.55910333333,2022-01-24T15:33:32.772Z,XBTUSDT,1,34229,-0.000310764884158,1
2.55910444444,2022-01-24T15:33:32.776Z,XBTUSDT,1,34229,-0.000310764884158,1
2.55910527778,2022-01-24T15:33:32.779Z,XBTUSDT,1,34229,-0.000310764884158,1
2.55910694444,2022-01-24T15:33:32.785Z,XBTUSDT,1,34229,-0.000310764884158,1
2.55910805556,2022-01-24T15:33:32.789Z,XBTUSDT,1,34229,-0.000310764884158,1
2.55910944444,2022-01-24T15:33:32.794Z,XBTUSDT,1,34229,-0.000310764884158,1
2.5591125,2022-01-24T15:33:32.805Z,XBTUSDT,1,34229,-0.000310764884158,1
2.55911416667,2022-01-24T15:33:32.811Z,XBTUSDT,1,34229,-0.000310764884158,1
2.55911611111,2022-01-24T15:33:32.818Z,XBTUSDT,1,34229,-0.000310764884158,1
2.55911722222,2022-01-24T15:33:32.822Z,XBTUSDT,1,34229,-0.000310764884158,1
2.55911805556,2022-01-24T15:33:32.825Z,XBTUSDT,1,34229,-0.000310764884158,1
2.55911916667,2022-01-24T15:33:32.829Z,XBTUSDT,1,34229,-0.000310764884158,1
2.55912,2022-01-24T15:33:32.832Z,XBTUSDT,1,34229,-0.000310764884158,1
2.55912083333,2022-01-24T15:33:32.835Z,XBTUSDT,1,34229,-0.000310764884158,1
2.55912194444,2022-01-24T15:33:32.839Z,XBTUSDT,1,34229,-0.000310764884158,1
2.55912333333,2022-01-24T15:33:32.844Z,XBTUSDT,1,34229,-0.000310764884158,1
2.55912416667,2022-01-24T15:33:32.847Z,XBTUSDT,1,34229,-0.000310764884158,1
2.55912555556,2022-01-24T15:33:32.852Z,XBTUSDT,1,34229,-0.000310764884158,1
2.55912666667,2022-01-24T15:33:32.856Z,XBTUSDT,1,34229,-0.000310764884158,1
2.55912777778,2022-01-24T15:33:32.860Z,XBTUSDT,1,34229,-0.000310764884158,1
2.55912888889,2022-01-24T15:33:32.864Z,XBTUSDT,1,34229,-0.000310764884158,1
2.55913027778,2022-01-24T15:33:32.869Z,XBTUSDT,1,34229,-0.000310764884158,1
2.55913111111,2022-01-24T15:33:32.872Z,XBTUSDT,1,34229,-0.000310764884158,1
2.55913277778,2022-01-24T15:33:32.878Z,XBTUSDT,1,34229,-0.000310764884158,1
2.55913388889,2022-01-24T15:33:32.882Z,XBTUSDT,1,34229,-0.000310764884158,1
2.55913611111,2022-01-24T15:33:32.890Z,XBTUSDT,1,34229,-0.000310764884158,1
2.55913833333,2022-01-24T15:33:32.898Z,XBTUSDT,1,34229,-0.000310764884158,1
2.55913972222,2022-01-24T15:33:32.903Z,XBTUSDT,1,34229,-0.000310764884158,1
2.559425,2022-01-24T15:33:33.930Z,XBTUSDT,1,34208,-0.000924468017233,1
2.55942611111,2022-01-24T15:33:33.934Z,XBTUSDT,1,34208,-0.000924468017233,1
2.56448944444,2022-01-24T15:33:52.162Z,XBTUSDT,1,34151,-0.00259213469493,1
2.56515027778,2022-01-24T15:33:54.541Z,XBTUSDT,1,34136,-0.00303145697417,1
2.5679525,2022-01-24T15:34:04.629Z,XBTUSDT,1,34083.5,-0.00457060664147,1
2.56796722222,2022-01-24T15:34:04.682Z,XBTUSDT,1,34068.61275,-0.00500748965613,11
2.56980472222,2022-01-24T15:34:11.297Z,XBTUSDT,1,34108.5,-0.00383738277005,1
2.57366194444,2022-01-24T15:34:25.183Z,XBTUSDT,1,34127.5,-0.00328049196487,1
2.57992777778,2022-01-24T15:34:47.740Z,XBTUSDT,1,34227.5,-0.000354588334094,1
2.57992944444,2022-01-24T15:34:47.746Z,XBTUSDT,1,34227.5,-0.000354588334094,1
2.57994111111,2022-01-24T15:34:47.788Z,XBTUSDT,1,34230.5263158,-0.000266174573012,2
2.58747027778,2022-01-24T15:35:14.893Z,XBTUSDT,1,34076.5,-0.00477600570323,1
2.58819111111,2022-01-24T15:35:17.488Z,XBTUSDT,1,34035.3472222,-0.00598439409566,2
2.58849222222,2022-01-24T15:35:18.572Z,XBTUSDT,1,34026,-0.00625906459992,1
2.58852194444,2022-01-24T15:35:18.679Z,XBTUSDT,1,34006.5,-0.00683232004501,1
2.60024111111,2022-01-24T15:36:00.868Z,XBTUSDT,1,34107.5,-0.00386670140498,1
2.60189416667,2022-01-24T15:36:06.819Z,XBTUSDT,1,34139.5,-0.00292893117786,2
2.60241444444,2022-01-24T15:36:08.692Z,XBTUSDT,1,34226.8350877,-0.000374014781809,4
2.60243833333,2022-01-24T15:36:08.778Z,XBTUSDT,1,34212,-0.000807543141333,1
2.60244083333,2022-01-24T15:36:08.787Z,XBTUSDT,1,34212,-0.000807543141333,1
2.60244111111,2022-01-24T15:36:08.788Z,XBTUSDT,1,34212,-0.000807543141333,1
2.60252027778,2022-01-24T15:36:09.073Z,XBTUSDT,1,34219.5,-0.000588345840967,1
2.60252083333,2022-01-24T15:36:09.075Z,XBTUSDT,1,34219.5,-0.000588345840967,1
2.60252638889,2022-01-24T15:36:09.095Z,XBTUSDT,1,34231.5,-0.000237730068431,1
2.60501222222,2022-01-24T15:36:18.044Z,XBTUSDT,1,34196,-0.00127532469588,1
2.60548222222,2022-01-24T15:36:19.736Z,XBTUSDT,1,34193.5,-0.00134843533424,1
2.62183666667,2022-01-24T15:37:18.612Z,XBTUSDT,1,34197.5,-0.00123146087841,1
2.6301525,2022-01-24T15:37:48.549Z,XBTUSDT,1,34244,0.00012736402037,1
2.63115111111,2022-01-24T15:37:52.144Z,XBTUSDT,1,34292,0.00152808795664,1
2.63115222222,2022-01-24T15:37:52.148Z,XBTUSDT,1,34292,0.00152808795664,1
2.63116,2022-01-24T15:37:52.176Z,XBTUSDT,1,34292,0.00152808795664,1
2.64683805556,2022-01-24T15:38:48.617Z,XBTUSDT,1,34196.7027027,-0.00125477564094,3
2.64686111111,2022-01-24T15:38:48.700Z,XBTUSDT,1,34197,-0.00124608193712,1
2.6468625,2022-01-24T15:38:48.705Z,XBTUSDT,1,34197,-0.00124608193712,1
2.64694888889,2022-01-24T15:38:49.016Z,XBTUSDT,1,34198.5,-0.00120221940229,1
2.66983194444,2022-01-24T15:40:11.395Z,XBTUSDT,1,34127.065,-0.00329323836506,4
2.67012,2022-01-24T15:40:12.432Z,XBTUSDT,1,34119.5,-0.00351493450555,1
2.67068305556,2022-01-24T15:40:14.459Z,XBTUSDT,1,34119,-0.00352958898945,1
2.67477694444,2022-01-24T15:40:29.197Z,XBTUSDT,1,34112.225,-0.00372817841892,4
2.68653722222,2022-01-24T15:41:11.534Z,XBTUSDT,1,34102,-0.00402796926391,1
2.68909694444,2022-01-24T15:41:20.749Z,XBTUSDT,1,34176.9132,-0.00183363937351,21
2.69051277778,2022-01-24T15:41:25.846Z,XBTUSDT,1,34094,-0.00426258713114,1
2.69440527778,2022-01-24T15:41:39.859Z,XBTUSDT,1,34072,-0.00490807023896,1
2.69628694444,2022-01-24T15:41:46.633Z,XBTUSDT,1,34058.2329,-0.00531221094423,23
2.69931694444,2022-01-24T15:41:57.541Z,XBTUSDT,1,34083.2351562,-0.00457837711044,4
2.69931916667,2022-01-24T15:41:57.549Z,XBTUSDT,1,34094.2328947,-0.00425575619486,7
2.69932138889,2022-01-24T15:41:57.557Z,XBTUSDT,1,34059.5,-0.00527500770959,1
2.69933,2022-01-24T15:41:57.588Z,XBTUSDT,1,34109.378626,-0.00381162336586,6
2.69934111111,2022-01-24T15:41:57.628Z,XBTUSDT,1,34138.4138889,-0.00296074559776,2
2.69952972222,2022-01-24T15:41:58.307Z,XBTUSDT,1,34138.5,-0.00295822318993,1
2.69960194444,2022-01-24T15:41:58.567Z,XBTUSDT,1,34133.9476562,-0.00309158134283,4
2.69964888889,2022-01-24T15:41:58.736Z,XBTUSDT,1,34165.4634503,-0.00216870965862,2
2.69968527778,2022-01-24T15:41:58.867Z,XBTUSDT,1,34151.9064748,-0.00256559190584,4
2.69970111111,2022-01-24T15:41:58.924Z,XBTUSDT,1,34164.5,-0.00219690959445,1
2.6997425,2022-01-24T15:41:59.073Z,XBTUSDT,1,34121.0929688,-0.00346824766767,6
2.69979972222,2022-01-24T15:41:59.279Z,XBTUSDT,1,34140,-0.00291428549357,1
2.7004125,2022-01-24T15:42:01.485Z,XBTUSDT,1,34171.7292818,-0.00198532982569,3
2.71365055556,2022-01-24T15:42:49.142Z,XBTUSDT,1,34180,-0.00174332517242,1
2.71748055556,2022-01-24T15:43:02.930Z,XBTUSDT,1,34172.5,-0.0019627758152,1
2.71748222222,2022-01-24T15:43:02.936Z,XBTUSDT,1,34172.5,-0.0019627758152,1
2.71748888889,2022-01-24T15:43:02.960Z,XBTUSDT,1,34172.5,-0.0019627758152,1
2.73460361111,2022-01-24T15:44:04.573Z,XBTUSDT,1,34178,-0.00180184063515,1
2.73498666667,2022-01-24T15:44:05.952Z,XBTUSDT,1,34178,-0.00180184063515,1
2.73499111111,2022-01-24T15:44:05.968Z,XBTUSDT,1,34178,-0.00180184063515,1
2.73499388889,2022-01-24T15:44:05.978Z,XBTUSDT,1,34178,-0.00180184063515,1
2.73500777778,2022-01-24T15:44:06.028Z,XBTUSDT,1,34178,-0.00180184063515,1
2.73501222222,2022-01-24T15:44:06.044Z,XBTUSDT,1,34178,-0.00180184063515,1
2.73501416667,2022-01-24T15:44:06.051Z,XBTUSDT,1,34178,-0.00180184063515,1
2.73501472222,2022-01-24T15:44:06.053Z,XBTUSDT,1,34178,-0.00180184063515,1
2.73502305556,2022-01-24T15:44:06.083Z,XBTUSDT,1,34178,-0.00180184063515,1
2.73503722222,2022-01-24T15:44:06.134Z,XBTUSDT,1,34178,-0.00180184063515,1
2.73915861111,2022-01-24T15:44:20.971Z,XBTUSDT,1,34205.5,-0.000997553007801,1
2.74037861111,2022-01-24T15:44:25.363Z,XBTUSDT,1,34238.5,-3.32609571583e-05,1
2.74137861111,2022-01-24T15:44:28.963Z,XBTUSDT,1,34245.5,0.000171166355042,1
2.74779722222,2022-01-24T15:44:52.070Z,XBTUSDT,1,34251,0.000331758502432,1
2.7497325,2022-01-24T15:44:59.037Z,XBTUSDT,1,34249,0.000273364341831,1
2.75584305556,2022-01-24T15:45:21.035Z,XBTUSDT,1,34194.5,-0.00131919043747,1
2.76670972222,2022-01-24T15:46:00.155Z,XBTUSDT,1,34147.5,-0.00269462596496,1
2.77031777778,2022-01-24T15:46:13.144Z,XBTUSDT,1,34099.92,-0.0040889646142,5
2.77036416667,2022-01-24T15:46:13.311Z,XBTUSDT,1,34129.5,-0.00322188991671,1
2.79617527778,2022-01-24T15:47:46.231Z,XBTUSDT,1,34078.37965,-0.0047208475103,19
2.79628861111,2022-01-24T15:47:46.639Z,XBTUSDT,1,34107.5,-0.00386670140498,1
2.79706277778,2022-01-24T15:47:49.426Z,XBTUSDT,1,34077.64,-0.00474255212285,4
2.79781333333,2022-01-24T15:47:52.128Z,XBTUSDT,1,34066,-0.00508418342148,1
2.79783833333,2022-01-24T15:47:52.218Z,XBTUSDT,1,34066,-0.00508418342148,1
2.79785555556,2022-01-24T15:47:52.280Z,XBTUSDT,1,34066,-0.00508418342148,1
2.79785861111,2022-01-24T15:47:52.291Z,XBTUSDT,1,34066,-0.00508418342148,1
2.79845666667,2022-01-24T15:47:54.444Z,XBTUSDT,1,34109.74185,-0.00380097461978,24
2.80136888889,2022-01-24T15:48:04.928Z,XBTUSDT,1,34048.23495,-0.00560580861234,23
2.80314833333,2022-01-24T15:48:11.334Z,XBTUSDT,1,34086,-0.00449726005682,1
2.80634805556,2022-01-24T15:48:22.853Z,XBTUSDT,1,34090.5,-0.00436524975983,1
2.80707583333,2022-01-24T15:48:25.473Z,XBTUSDT,1,34114.9321,-0.0036488229213,22
2.82601944444,2022-01-24T15:49:33.670Z,XBTUSDT,1,34014.207,-0.00660571257876,16
2.82732722222,2022-01-24T15:49:38.378Z,XBTUSDT,1,34071.4569167,-0.00492400965142,9
2.84250777778,2022-01-24T15:50:33.028Z,XBTUSDT,1,34048.7328333,-0.00559118583692,17
2.84403305556,2022-01-24T15:50:38.519Z,XBTUSDT,1,34094.0178333,-0.00426206406759,10
2.84723833333,2022-01-24T15:50:50.058Z,XBTUSDT,1,34046.3215833,-0.00566200595804,11
2.84839361111,2022-01-24T15:50:54.217Z,XBTUSDT,1,34098.07025,-0.00414321108081,15
2.84953055556,2022-01-24T15:50:58.310Z,XBTUSDT,1,34039.595,-0.00585959699281,17
2.85114138889,2022-01-24T15:51:04.109Z,XBTUSDT,1,34080.698,-0.00465281988783,12
2.8559925,2022-01-24T15:51:21.573Z,XBTUSDT,1,34084.0708333,-0.00455385869736,8
2.85769166667,2022-01-24T15:51:27.690Z,XBTUSDT,1,34047.6728333,-0.00562231817025,3
2.85908,2022-01-24T15:51:32.688Z,XBTUSDT,1,34047.4028333,-0.0056302482591,8
2.86046305556,2022-01-24T15:51:37.667Z,XBTUSDT,1,34018.2826667,-0.00648589727606,8
2.86247944444,2022-01-24T15:51:44.926Z,XBTUSDT,1,34061.2603333,-0.00522332498247,9
2.86388111111,2022-01-24T15:51:49.972Z,XBTUSDT,1,34015.8098333,-0.00655859122239,9
2.86614,2022-01-24T15:51:58.104Z,XBTUSDT,1,34004.5758333,-0.0068889039659,9
2.86731055556,2022-01-24T15:52:02.318Z,XBTUSDT,1,34064.1746667,-0.00513776711895,7
2.87188638889,2022-01-24T15:52:18.791Z,XBTUSDT,1,34000.1695,-0.00701849296202,8
2.87275305556,2022-01-24T15:52:21.911Z,XBTUSDT,1,34038,-0.00590645528738,2
2.87307111111,2022-01-24T15:52:23.056Z,XBTUSDT,1,34082.5,-0.00459994678172,1
2.87432166667,2022-01-24T15:52:27.558Z,XBTUSDT,1,34026.684,-0.00623896252724,6
2.87547805556,2022-01-24T15:52:31.721Z,XBTUSDT,1,34090.671,-0.00436023371222,7
2.87731527778,2022-01-24T15:52:38.335Z,XBTUSDT,1,34049.71125,-0.00556245047652,10
2.87841638889,2022-01-24T15:52:42.299Z,XBTUSDT,1,34098.80875,-0.0041215531982,7
2.87969027778,2022-01-24T15:52:46.885Z,XBTUSDT,1,34147.9415,-0.00268169684435,7
2.88117944444,2022-01-24T15:52:52.246Z,XBTUSDT,1,34117.0245,-0.0035874909559,3
2.88153222222,2022-01-24T15:52:53.516Z,XBTUSDT,1,34117,-0.00358820907271,1
2.883205,2022-01-24T15:52:59.538Z,XBTUSDT,1,34124.7505,-0.00336106073678,6
2.88439222222,2022-01-24T15:53:03.812Z,XBTUSDT,1,34064.829,-0.00511855846189,11
2.89075861111,2022-01-24T15:53:26.731Z,XBTUSDT,1,34138.84,-0.00294826380955,2
2.890775,2022-01-24T15:53:26.790Z,XBTUSDT,1,34139,-0.00294357707664,1
2.89077666667,2022-01-24T15:53:26.796Z,XBTUSDT,1,34139,-0.00294357707664,1
2.895625,2022-01-24T15:53:44.250Z,XBTUSDT,1,34149,-0.00265069984868,1
2.89741388889,2022-01-24T15:53:50.690Z,XBTUSDT,1,34155.5,-0.00246037563813,1
2.89942361111,2022-01-24T15:53:57.925Z,XBTUSDT,1,34249.8775,0.000298985199635,5
2.89955138889,2022-01-24T15:53:58.385Z,XBTUSDT,1,34202.5,-0.00108526204774,1
2.9009875,2022-01-24T15:54:03.555Z,XBTUSDT,1,34205.7515,-0.000990200416101,7
2.906155,2022-01-24T15:54:22.158Z,XBTUSDT,1,34194.0135,-0.00133341797292,9
2.90827861111,2022-01-24T15:54:29.803Z,XBTUSDT,1,34225.75975,-0.000405433246572,6
2.9114275,2022-01-24T15:54:41.139Z,XBTUSDT,1,34274.64225,0.00102178489728,9
2.91247027778,2022-01-24T15:54:44.893Z,XBTUSDT,1,34241.22,4.61786200319e-05,8
2.91322916667,2022-01-24T15:54:47.625Z,XBTUSDT,1,34275.5,0.00104681037416,1
2.91343166667,2022-01-24T15:54:48.354Z,XBTUSDT,1,34252.3465,0.000371070450504,6
2.91367888889,2022-01-24T15:54:49.244Z,XBTUSDT,1,34295,0.00161556809142,1
2.91368,2022-01-24T15:54:49.248Z,XBTUSDT,1,34295,0.00161556809142,1
2.91378222222,2022-01-24T15:54:49.616Z,XBTUSDT,1,34295,0.00161556809142,1
2.91378416667,2022-01-24T15:54:49.623Z,XBTUSDT,1,34295,0.00161556809142,1
2.91378527778,2022-01-24T15:54:49.627Z,XBTUSDT,1,34295,0.00161556809142,1
2.91379777778,2022-01-24T15:54:49.672Z,XBTUSDT,1,34295,0.00161556809142,1
2.91379888889,2022-01-24T15:54:49.676Z,XBTUSDT,1,34295,0.00161556809142,1
2.91380027778,2022-01-24T15:54:49.681Z,XBTUSDT,1,34295,0.00161556809142,1
2.91385861111,2022-01-24T15:54:49.891Z,XBTUSDT,1,34295,0.00161556809142,1
2.91385944444,2022-01-24T15:54:49.894Z,XBTUSDT,1,34295,0.00161556809142,1
2.91386111111,2022-01-24T15:54:49.900Z,XBTUSDT,1,34295,0.00161556809142,1
2.91386555556,2022-01-24T15:54:49.916Z,XBTUSDT,1,34295,0.00161556809142,1
2.91388055556,2022-01-24T15:54:49.970Z,XBTUSDT,1,34295,0.00161556809142,1
2.91388666667,2022-01-24T15:54:49.992Z,XBTUSDT,1,34295,0.00161556809142,1
2.91389055556,2022-01-24T15:54:50.006Z,XBTUSDT,1,34295,0.00161556809142,1
2.91389305556,2022-01-24T15:54:50.015Z,XBTUSDT,1,34295,0.00161556809142,1
2.91393027778,2022-01-24T15:54:50.149Z,XBTUSDT,1,34295,0.00161556809142,1
2.91393583333,2022-01-24T15:54:50.169Z,XBTUSDT,1,34295,0.00161556809142,1
2.9142525,2022-01-24T15:54:51.309Z,XBTUSDT,1,34295.5,0.00163014736989,2
2.91472888889,2022-01-24T15:54:53.024Z,XBTUSDT,1,34317.19525,0.0022625449355,7
2.916615,2022-01-24T15:54:59.814Z,XBTUSDT,1,34352.59875,0.00329366796863,10
2.91875583333,2022-01-24T15:55:07.521Z,XBTUSDT,1,34279.515,0.00116394257826,6
2.91961805556,2022-01-24T15:55:10.625Z,XBTUSDT,1,34277.5,0.00110515938881,2
2.91990027778,2022-01-24T15:55:11.641Z,XBTUSDT,1,34267.5,0.00081338026353,1
2.94395166667,2022-01-24T15:56:38.226Z,XBTUSDT,1,34238.67125,-2.82592902714e-05,7
2.94504861111,2022-01-24T15:56:42.175Z,XBTUSDT,1,34199.6525,-0.00116851966164,9
2.94637194444,2022-01-24T15:56:46.939Z,XBTUSDT,1,34238.8840206,-2.20449732513e-05,3
2.95017083333,2022-01-24T15:57:00.615Z,XBTUSDT,1,34234.764,-0.000142383840616,3
2.95147444444,2022-01-24T15:57:05.308Z,XBTUSDT,1,34254.8065,0.000442887768648,3
2.95290027778,2022-01-24T15:57:10.441Z,XBTUSDT,1,34251.897,0.000357947175884,4
2.95407111111,2022-01-24T15:57:14.656Z,XBTUSDT,1,34235.7725,-0.000112925914575,3
2.95551416667,2022-01-24T15:57:19.851Z,XBTUSDT,1,34252.4285,0.000373464444207,2
2.95663388889,2022-01-24T15:57:23.882Z,XBTUSDT,1,34290.6235,0.00148794659342,9
2.9578125,2022-01-24T15:57:28.125Z,XBTUSDT,1,34336.363,0.00282093552694,8
2.95901194444,2022-01-24T15:57:32.443Z,XBTUSDT,1,34288.2755,0.00141947072008,5
2.96174888889,2022-01-24T15:57:42.296Z,XBTUSDT,1,34283.402,0.00127732748585,5
2.963365,2022-01-24T15:57:48.114Z,XBTUSDT,1,34356.0285,0.00339350259319,5
2.96568444444,2022-01-24T15:57:56.464Z,XBTUSDT,1,34320.5305,0.00235972909964,4
2.9670075,2022-01-24T15:58:01.227Z,XBTUSDT,1,34269.762,0.000879388152811,5
2.9683325,2022-01-24T15:58:05.997Z,XBTUSDT,1,34270.6115,0.000904176462434,8
2.96912166667,2022-01-24T15:58:08.838Z,XBTUSDT,1,34296,0.00164472643581,1
2.96912722222,2022-01-24T15:58:08.858Z,XBTUSDT,1,34296,0.00164472643581,1
2.96913,2022-01-24T15:58:08.868Z,XBTUSDT,1,34296.2083333,0.00165080098388,2
2.96913444444,2022-01-24T15:58:08.884Z,XBTUSDT,1,34296.5,0.00165930528918,1
2.969135,2022-01-24T15:58:08.886Z,XBTUSDT,1,34296.5,0.00165930528918,1
2.96913666667,2022-01-24T15:58:08.892Z,XBTUSDT,1,34296.5,0.00165930528918,1
2.96935972222,2022-01-24T15:58:09.695Z,XBTUSDT,1,34334.141,0.00275622069681,4
2.97077055556,2022-01-24T15:58:14.774Z,XBTUSDT,1,34322.046,0.00240388536758,4
2.9716825,2022-01-24T15:58:18.057Z,XBTUSDT,1,34280.76,0.00120026098568,6
2.97266666667,2022-01-24T15:58:21.600Z,XBTUSDT,1,34276.3925,0.0010728490426,6
2.97363138889,2022-01-24T15:58:25.073Z,XBTUSDT,1,34304.4925,0.00189231941171,4
2.97723527778,2022-01-24T15:58:38.047Z,XBTUSDT,1,34244.803,0.000150813108831,6
2.9781925,2022-01-24T15:58:41.493Z,XBTUSDT,1,34257.953,0.000534739272664,2
2.97898333333,2022-01-24T15:58:44.340Z,XBTUSDT,1,34257.069,0.000508934712606,5
2.979865,2022-01-24T15:58:47.514Z,XBTUSDT,1,34228.003,-0.000339892656523,5
2.98082972222,2022-01-24T15:58:50.987Z,XBTUSDT,1,34223,-0.000486070208046,1
2.98171361111,2022-01-24T15:58:54.169Z,XBTUSDT,1,34232.806,-0.000199578801691,4
2.98325361111,2022-01-24T15:58:59.713Z,XBTUSDT,1,34231.5,-0.000237730068431,1
2.98427722222,2022-01-24T15:59:03.398Z,XBTUSDT,1,34188.294,-0.00150069808447,4
2.98545472222,2022-01-24T15:59:07.637Z,XBTUSDT,1,34183.489,-0.0016412531438,3
2.98644972222,2022-01-24T15:59:11.219Z,XBTUSDT,1,34205.788,-0.00098913334466,3
2.9876875,2022-01-24T15:59:15.675Z,XBTUSDT,1,34230.195,-0.00027585357677,2
2.98871388889,2022-01-24T15:59:19.370Z,XBTUSDT,1,34201.567,-0.0011125411275,3
2.99016027778,2022-01-24T15:59:24.577Z,XBTUSDT,1,34194.313,-0.00132465916816,5
2.99148083333,2022-01-24T15:59:29.331Z,XBTUSDT,1,34222.44,-0.000502433606398,2
2.99605388889,2022-01-24T15:59:45.794Z,XBTUSDT,1,34211,-0.000836773078637,1
2.99731083333,2022-01-24T15:59:50.319Z,XBTUSDT,1,34192.5,-0.0013776810863,1
2.99848,2022-01-24T15:59:54.528Z,XBTUSDT,1,34166.499,-0.00213840027863,2
2.99961527778,2022-01-24T15:59:58.615Z,XBTUSDT,1,34212,-0.000807543141333,1
3.00148,2022-01-24T16:00:05.328Z,XBTUSDT,1,34229.912,-0.000284121165368,2
3.0028225,2022-01-24T16:00:10.161Z,XBTUSDT,1,34192.47,-0.00137855847208,5
3.00401416667,2022-01-24T16:00:14.451Z,XBTUSDT,1,34186.7,-0.00154732331709,4
3.005095,2022-01-24T16:00:18.342Z,XBTUSDT,1,34215.537,-0.000704163707899,4
3.00660111111,2022-01-24T16:00:23.764Z,XBTUSDT,1,34187,-0.00153854801314,1
3.00660583333,2022-01-24T16:00:23.781Z,XBTUSDT,1,34187,-0.00153854801314,2
3.01456333333,2022-01-24T16:00:52.428Z,XBTUSDT,1,34116,-0.00361752040301,1
3.01624166667,2022-01-24T16:00:58.470Z,XBTUSDT,1,34140.5,-0.00289964002378,2
3.01690166667,2022-01-24T16:01:00.846Z,XBTUSDT,1,34116,-0.00361752040301,1
3.01698888889,2022-01-24T16:01:01.160Z,XBTUSDT,1,34116,-0.00361752040301,1
3.01741027778,2022-01-24T16:01:02.677Z,XBTUSDT,1,34104,-0.00396932339696,1
3.01880944444,2022-01-24T16:01:07.714Z,XBTUSDT,1,34081.5,-0.00462928778284,1
3.02027944444,2022-01-24T16:01:13.006Z,XBTUSDT,1,34088,-0.00443858666226,1
3.02278166667,2022-01-24T16:01:22.014Z,XBTUSDT,1,34117.5,-0.00357355372974,1
3.02418277778,2022-01-24T16:01:27.058Z,XBTUSDT,1,34100.5,-0.0040719559213,1
3.02579361111,2022-01-24T16:01:32.857Z,XBTUSDT,1,34063,-0.00517225164506,1
3.03024527778,2022-01-24T16:01:48.883Z,XBTUSDT,1,34069.5,-0.00498144696243,2
3.03143777778,2022-01-24T16:01:53.176Z,XBTUSDT,1,34095.2575,-0.00422570448873,2
3.03390861111,2022-01-24T16:02:02.071Z,XBTUSDT,1,34073.5,-0.00486404678912,1
3.03413305556,2022-01-24T16:02:02.879Z,XBTUSDT,1,34115,-0.00364683259248,1
3.03548305556,2022-01-24T16:02:07.739Z,XBTUSDT,1,34079.5,-0.00468797236788,1
3.03607611111,2022-01-24T16:02:09.874Z,XBTUSDT,1,34169.5,-0.00205056955849,1
3.03674777778,2022-01-24T16:02:12.292Z,XBTUSDT,1,34159.01,-0.0023576156241,2
3.03776333333,2022-01-24T16:02:15.948Z,XBTUSDT,1,34166,-0.002153005335,1
3.03973972222,2022-01-24T16:02:23.063Z,XBTUSDT,1,34119.28,-0.00352138245201,2
3.04118305556,2022-01-24T16:02:28.259Z,XBTUSDT,1,34086.5,-0.00448259138544,1
3.06044805556,2022-01-24T16:03:37.613Z,XBTUSDT,1,34067.5,-0.00504015221803,1
3.06141333333,2022-01-24T16:03:41.088Z,XBTUSDT,1,34098.5,-0.0041306078077,1
3.06247805556,2022-01-24T16:03:44.921Z,XBTUSDT,1,34067.5,-0.00504015221803,1
3.06248027778,2022-01-24T16:03:44.929Z,XBTUSDT,1,34067.5,-0.00504015221803,1
3.062495,2022-01-24T16:03:44.982Z,XBTUSDT,1,34067.5,-0.00504015221803,1
3.06620277778,2022-01-24T16:03:58.330Z,XBTUSDT,1,34087,-0.00446792292922,1
3.0674825,2022-01-24T16:04:02.937Z,XBTUSDT,1,34057,-0.00534841136366,1
3.068395,2022-01-24T16:04:06.222Z,XBTUSDT,1,34063.15,-0.00516784804967,3
3.06957527778,2022-01-24T16:04:10.471Z,XBTUSDT,1,34111.5,-0.00374943202241,1
3.07100611111,2022-01-24T16:04:15.622Z,XBTUSDT,1,34095,-0.00423325688725,1
3.07213472222,2022-01-24T16:04:19.685Z,XBTUSDT,1,34056.7933333,-0.00535447964019,2
3.10077138889,2022-01-24T16:06:02.777Z,XBTUSDT,1,34009.1,-0.00675586699597,2
3.10097027778,2022-01-24T16:06:03.493Z,XBTUSDT,1,34003.5,-0.00692054236532,1
3.11093666667,2022-01-24T16:06:39.372Z,XBTUSDT,1,34042,-0.00578894647409,1
3.11192055556,2022-01-24T16:06:42.914Z,XBTUSDT,1,34068.5,-0.00501079915944,1
3.11201722222,2022-01-24T16:06:43.262Z,XBTUSDT,1,34068.5,-0.00501079915944,1
3.11202138889,2022-01-24T16:06:43.277Z,XBTUSDT,1,34068.5,-0.00501079915944,1
3.11202388889,2022-01-24T16:06:43.286Z,XBTUSDT,1,34068.5,-0.00501079915944,1
3.11205638889,2022-01-24T16:06:43.403Z,XBTUSDT,1,34068.5,-0.00501079915944,1
3.11574833333,2022-01-24T16:06:56.694Z,XBTUSDT,1,34083.5,-0.00457060664147,1
3.11708944444,2022-01-24T16:07:01.522Z,XBTUSDT,1,34033,-0.00605336072462,1
3.11809,2022-01-24T16:07:05.124Z,XBTUSDT,1,34035,-0.00599459595995,1
3.11959166667,2022-01-24T16:07:10.530Z,XBTUSDT,1,34062,-0.00520160944322,1
3.12363194444,2022-01-24T16:07:25.075Z,XBTUSDT,1,34033.5,-0.0060386692097,1
3.12478666667,2022-01-24T16:07:29.232Z,XBTUSDT,1,33977.5,-0.0076854620125,1
3.12680277778,2022-01-24T16:07:36.490Z,XBTUSDT,1,33993.5,-0.00721467299085,1
3.12794083333,2022-01-24T16:07:40.587Z,XBTUSDT,1,34000.5,-0.00700877246948,1
3.12895916667,2022-01-24T16:07:44.253Z,XBTUSDT,1,33998.68,-0.00706230252677,2
3.12986472222,2022-01-24T16:07:47.513Z,XBTUSDT,1,33970.88,-0.00788031581243,2
3.13124138889,2022-01-24T16:07:52.469Z,XBTUSDT,1,33981.5,-0.00756774397649,1
3.13222805556,2022-01-24T16:07:56.021Z,XBTUSDT,1,34000.5,-0.00700877246948,1
3.13309055556,2022-01-24T16:07:59.126Z,XBTUSDT,1,34036.5,-0.00595052465257,1
3.13404333333,2022-01-24T16:08:02.556Z,XBTUSDT,1,34000.5,-0.00700877246948,1
3.13488555556,2022-01-24T16:08:05.588Z,XBTUSDT,1,33989,-0.0073470600024,1
3.13584722222,2022-01-24T16:08:09.050Z,XBTUSDT,1,34023.5,-0.00633254052557,1
3.13741305556,2022-01-24T16:08:14.687Z,XBTUSDT,1,34030,-0.00614151434705,1
3.13825111111,2022-01-24T16:08:17.704Z,XBTUSDT,1,34007.5,-0.00680291433442,1
3.14211277778,2022-01-24T16:08:31.606Z,XBTUSDT,1,34007.5,-0.00680291433442,1
3.14323361111,2022-01-24T16:08:35.641Z,XBTUSDT,1,34029.5,-0.00615620737301,2
3.14459777778,2022-01-24T16:08:40.552Z,XBTUSDT,1,34026.32,-0.00624966007117,2
3.14715194444,2022-01-24T16:08:49.747Z,XBTUSDT,1,34009.945,-0.00673102101349,3
3.14765027778,2022-01-24T16:08:51.541Z,XBTUSDT,1,34030,-0.00614151434705,1
3.14768611111,2022-01-24T16:08:51.670Z,XBTUSDT,1,34030,-0.00614151434705,1
3.14768722222,2022-01-24T16:08:51.674Z,XBTUSDT,1,34030,-0.00614151434705,1
3.14768972222,2022-01-24T16:08:51.683Z,XBTUSDT,1,34030,-0.00614151434705,1
3.14769305556,2022-01-24T16:08:51.695Z,XBTUSDT,1,34030,-0.00614151434705,1
3.14769611111,2022-01-24T16:08:51.706Z,XBTUSDT,1,34030,-0.00614151434705,1
3.14941611111,2022-01-24T16:08:57.898Z,XBTUSDT,1,34099.5923077,-0.00409857442802,2
3.15093194444,2022-01-24T16:09:03.355Z,XBTUSDT,1,34084.8384615,-0.00453133733936,2
3.15186666667,2022-01-24T16:09:06.720Z,XBTUSDT,1,34117,-0.00358820907271,1
3.15319138889,2022-01-24T16:09:11.489Z,XBTUSDT,1,34099.4,-0.00410421403311,2
3.15369666667,2022-01-24T16:09:13.308Z,XBTUSDT,1,34069,-0.00499612295324,1
3.15505833333,2022-01-24T16:09:18.210Z,XBTUSDT,1,34088.0076923,-0.004438361002,3
3.15675277778,2022-01-24T16:09:24.310Z,XBTUSDT,1,34069,-0.00499612295324,1
3.15683638889,2022-01-24T16:09:24.611Z,XBTUSDT,1,34051,-0.00552460211997,1
3.15736111111,2022-01-24T16:09:26.500Z,XBTUSDT,1,34072,-0.00490807023896,1
3.15845527778,2022-01-24T16:09:30.439Z,XBTUSDT,1,34056.5,-0.00536309274106,1
3.16202055556,2022-01-24T16:09:43.274Z,XBTUSDT,1,34076.5,-0.00477600570323,1
3.16310222222,2022-01-24T16:09:47.168Z,XBTUSDT,1,34035,-0.00599459595995,1
3.16396444444,2022-01-24T16:09:50.272Z,XBTUSDT,1,34053.8863636,-0.00543983981312,4
3.16541055556,2022-01-24T16:09:55.478Z,XBTUSDT,1,34085,-0.00452659804512,2
3.1665375,2022-01-24T16:09:59.535Z,XBTUSDT,1,34086.5,-0.00448259138544,1
3.16765888889,2022-01-24T16:10:03.572Z,XBTUSDT,1,34055.5,-0.00539245614252,1
3.16902222222,2022-01-24T16:10:08.480Z,XBTUSDT,1,34048.7409091,-0.00559094865462,3
3.17036694444,2022-01-24T16:10:13.321Z,XBTUSDT,1,34090.5,-0.00436524975983,1
3.17728888889,2022-01-24T16:10:38.240Z,XBTUSDT,1,34115,-0.00364683259248,1
3.17855361111,2022-01-24T16:10:42.793Z,XBTUSDT,1,34044.725,-0.00570890150199,3
3.17953722222,2022-01-24T16:10:46.334Z,XBTUSDT,1,34030.5,-0.00612682153698,1
3.18060416667,2022-01-24T16:10:50.175Z,XBTUSDT,1,34035,-0.00599459595995,1
3.18078388889,2022-01-24T16:10:50.822Z,XBTUSDT,1,34021.5,-0.00639132515341,1
3.18150805556,2022-01-24T16:10:53.429Z,XBTUSDT,1,34002.7923077,-0.00694135491909,2
3.18177833333,2022-01-24T16:10:54.402Z,XBTUSDT,1,34002.5,-0.0069499515351,1
3.18217611111,2022-01-24T16:10:55.834Z,XBTUSDT,1,34002.5,-0.0069499515351,1
3.18262416667,2022-01-24T16:10:57.447Z,XBTUSDT,1,34002.5,-0.0069499515351,1
3.18269027778,2022-01-24T16:10:57.685Z,XBTUSDT,1,33975.0630631,-0.00775718666359,2
3.18271222222,2022-01-24T16:10:57.764Z,XBTUSDT,1,33974.1582278,-0.00778381935188,2
3.18273111111,2022-01-24T16:10:57.832Z,XBTUSDT,1,33963.7,-0.00809169564364,2
3.18329583333,2022-01-24T16:10:59.865Z,XBTUSDT,1,33983.9,-0.00749711980593,2
3.18354277778,2022-01-24T16:11:00.754Z,XBTUSDT,1,33984,-0.00749417724039,1
3.18354388889,2022-01-24T16:11:00.758Z,XBTUSDT,1,33984,-0.00749417724039,1
3.18441944444,2022-01-24T16:11:03.910Z,XBTUSDT,1,34021.5,-0.00639132515341,1
3.18549861111,2022-01-24T16:11:07.795Z,XBTUSDT,1,33990.44375,-0.00730458392668,3
3.18700694444,2022-01-24T16:11:13.225Z,XBTUSDT,1,33990.5625,-0.00730109030378,2
3.18823,2022-01-24T16:11:17.628Z,XBTUSDT,1,34024.6875,-0.00629763878773,2
3.18957166667,2022-01-24T16:11:22.458Z,XBTUSDT,1,34022.5,-0.00636193240753,1
3.19086555556,2022-01-24T16:11:27.116Z,XBTUSDT,1,34018.5,-0.00647950857498,1
3.19469944444,2022-01-24T16:11:40.918Z,XBTUSDT,1,34074.5,-0.00483469889924,1
3.19577444444,2022-01-24T16:11:44.788Z,XBTUSDT,1,34100,-0.0040866185704,1
3.19723888889,2022-01-24T16:11:50.060Z,XBTUSDT,1,34099.5,-0.0041012814345,1
3.1986975,2022-01-24T16:11:55.311Z,XBTUSDT,1,34067,-0.00505482907043,2
3.20213361111,2022-01-24T16:12:07.681Z,XBTUSDT,1,34060.875,-0.00523463799641,2
3.20346666667,2022-01-24T16:12:12.480Z,XBTUSDT,1,34090.3833333,-0.00436867202897,2
3.20448222222,2022-01-24T16:12:16.136Z,XBTUSDT,1,34077.5,-0.00474666039701,1
3.20553916667,2022-01-24T16:12:19.941Z,XBTUSDT,1,34054.4583333,-0.00542304393591,3
3.20672527778,2022-01-24T16:12:24.211Z,XBTUSDT,1,34054.5,-0.00542182040622,1
3.20772305556,2022-01-24T16:12:27.803Z,XBTUSDT,1,34077,-0.00476133294247,1
3.20894388889,2022-01-24T16:12:32.198Z,XBTUSDT,1,34075.5,-0.00480535187062,1
3.21012722222,2022-01-24T16:12:36.458Z,XBTUSDT,1,34027.5,-0.00621498163578,1
3.21241638889,2022-01-24T16:12:44.699Z,XBTUSDT,1,34083.7166667,-0.00456424972455,2
3.21290833333,2022-01-24T16:12:46.470Z,XBTUSDT,1,34107,-0.00388136104479,2
3.21367638889,2022-01-24T16:12:49.235Z,XBTUSDT,1,34161,-0.00229936036329,1
3.214755,2022-01-24T16:12:53.118Z,XBTUSDT,1,34161,-0.00229936036329,1
3.21503083333,2022-01-24T16:12:54.111Z,XBTUSDT,1,34184.5,-0.00161167789916,1
3.21642666667,2022-01-24T16:12:59.136Z,XBTUSDT,1,34139,-0.00294357707664,1
3.2174325,2022-01-24T16:13:02.757Z,XBTUSDT,1,34110,-0.00379340642931,1
3.22745583333,2022-01-24T16:13:38.841Z,XBTUSDT,1,34137.5,-0.00298751606005,1
3.22880916667,2022-01-24T16:13:43.713Z,XBTUSDT,1,34110.5,-0.00377874807882,1
3.23045444444,2022-01-24T16:13:49.636Z,XBTUSDT,1,34160.5,-0.00231399704428,1
3.23047027778,2022-01-24T16:13:49.693Z,XBTUSDT,1,34160.5,-0.00231399704428,1
3.23145305556,2022-01-24T16:13:53.231Z,XBTUSDT,1,34132.85,-0.00312373917908,2
3.23256416667,2022-01-24T16:13:57.231Z,XBTUSDT,1,34161,-0.00229936036329,1
3.23260166667,2022-01-24T16:13:57.366Z,XBTUSDT,1,34164.7125,-0.00219068970717,3
3.23306055556,2022-01-24T16:13:59.018Z,XBTUSDT,1,34166.5,-0.00213837101019,1
3.23307916667,2022-01-24T16:13:59.085Z,XBTUSDT,1,34166.5,-0.00213837101019,1
3.23320861111,2022-01-24T16:13:59.551Z,XBTUSDT,1,34166.5,-0.00213837101019,1
3.234765,2022-01-24T16:14:05.154Z,XBTUSDT,1,34155.5,-0.00246037563813,1
3.23588194444,2022-01-24T16:14:09.175Z,XBTUSDT,1,34184,-0.00162630451814,1
3.23736222222,2022-01-24T16:14:14.504Z,XBTUSDT,1,34183,-0.00165555839794,1
3.23856638889,2022-01-24T16:14:18.839Z,XBTUSDT,1,34148.9,-0.0026536281964,2
3.24020472222,2022-01-24T16:14:24.737Z,XBTUSDT,1,34154.5,-0.00248965392828,1
3.24142138889,2022-01-24T16:14:29.117Z,XBTUSDT,1,34170.25,-0.00202862040005,2
3.24281694444,2022-01-24T16:14:34.141Z,XBTUSDT,1,34177,-0.00183109965059,1
3.2434175,2022-01-24T16:14:36.303Z,XBTUSDT,1,34159.5,-0.00234327104896,1
3.24360444444,2022-01-24T16:14:36.976Z,XBTUSDT,1,34145.5,-0.00275319712161,1
3.24360833333,2022-01-24T16:14:36.990Z,XBTUSDT,1,34145.5,-0.00275319712161,1
3.24544861111,2022-01-24T16:14:43.615Z,XBTUSDT,1,34102,-0.00402796926391,2
3.24686333333,2022-01-24T16:14:48.708Z,XBTUSDT,1,34148.5,-0.00266534167305,1
3.24707138889,2022-01-24T16:14:49.457Z,XBTUSDT,1,34126.5,-0.00330979427683,1
3.24846,2022-01-24T16:14:54.456Z,XBTUSDT,1,34170,-0.00203593673267,2
3.24977638889,2022-01-24T16:14:59.195Z,XBTUSDT,1,34161.5,-0.00228472389653,1
3.25056527778,2022-01-24T16:15:02.035Z,XBTUSDT,1,34161.5,-0.00228472389653,1
3.25057277778,2022-01-24T16:15:02.062Z,XBTUSDT,1,34161.5,-0.00228472389653,1
3.25070305556,2022-01-24T16:15:02.531Z,XBTUSDT,1,34161.5,-0.00228472389653,1
3.25078333333,2022-01-24T16:15:02.820Z,XBTUSDT,1,34161.5,-0.00228472389653,1
3.251685,2022-01-24T16:15:06.066Z,XBTUSDT,1,34157,-0.00241645981013,1
3.25283833333,2022-01-24T16:15:10.218Z,XBTUSDT,1,34142,-0.00285570490131,3
3.25427083333,2022-01-24T16:15:15.375Z,XBTUSDT,1,34146.5,-0.00272391111446,1
3.25549527778,2022-01-24T16:15:19.783Z,XBTUSDT,1,34168,-0.0020944693207,1
3.25687333333,2022-01-24T16:15:24.744Z,XBTUSDT,1,34139.5,-0.00292893117786,1
3.25847527778,2022-01-24T16:15:30.511Z,XBTUSDT,1,34184.5,-0.00161167789916,1
3.26015222222,2022-01-24T16:15:36.548Z,XBTUSDT,1,34157.3875,-0.00240511520135,2
3.26559888889,2022-01-24T16:15:56.156Z,XBTUSDT,1,34157.5,-0.00240182162936,1
3.26654166667,2022-01-24T16:15:59.550Z,XBTUSDT,1,34193.7272727,-0.0013417886917,2
3.26658361111,2022-01-24T16:15:59.701Z,XBTUSDT,1,34194,-0.00133381277895,1
3.26660083333,2022-01-24T16:15:59.763Z,XBTUSDT,1,34194,-0.00133381277895,1
3.2669625,2022-01-24T16:16:01.065Z,XBTUSDT,1,34194,-0.00133381277895,1
3.267635,2022-01-24T16:16:03.486Z,XBTUSDT,1,34194,-0.00133381277895,1
3.26794111111,2022-01-24T16:16:04.588Z,XBTUSDT,1,34200.5,-0.00114373901514,1
3.26801833333,2022-01-24T16:16:04.866Z,XBTUSDT,1,34225.9923414,-0.000398637471458,2
3.26803916667,2022-01-24T16:16:04.941Z,XBTUSDT,1,34227.5,-0.000354588334094,1
3.26814444444,2022-01-24T16:16:05.320Z,XBTUSDT,1,34250.0654045,0.000304471466253,5
3.26834027778,2022-01-24T16:16:06.025Z,XBTUSDT,1,34256.5,0.000492324864124,1
3.26834083333,2022-01-24T16:16:06.027Z,XBTUSDT,1,34256.5,0.000492324864124,1
3.26962583333,2022-01-24T16:16:10.653Z,XBTUSDT,1,34248.5,0.000258765268871,1
3.27133222222,2022-01-24T16:16:16.796Z,XBTUSDT,1,34239,-1.8657620295e-05,1
3.272625,2022-01-24T16:16:21.450Z,XBTUSDT,1,34319,0.00231513380625,1
3.27331861111,2022-01-24T16:16:23.947Z,XBTUSDT,1,34319,0.00231513380625,1
3.27363638889,2022-01-24T16:16:25.091Z,XBTUSDT,1,34319,0.00231513380625,1
3.27369972222,2022-01-24T16:16:25.319Z,XBTUSDT,1,34319,0.00231513380625,1
3.27432222222,2022-01-24T16:16:27.560Z,XBTUSDT,1,34300.5,0.00177592846525,2
3.2754575,2022-01-24T16:16:31.647Z,XBTUSDT,1,34270.875,0.000911865236445,2
3.27642444444,2022-01-24T16:16:35.128Z,XBTUSDT,1,34269,0.000857152560052,1
3.27713722222,2022-01-24T16:16:37.694Z,XBTUSDT,1,34269,0.000857152560052,2
3.27754694444,2022-01-24T16:16:39.169Z,XBTUSDT,1,34258.5,0.000550706240482,1
3.27765,2022-01-24T16:16:39.540Z,XBTUSDT,1,34258.3636364,0.000546725800364,2
3.27765111111,2022-01-24T16:16:39.544Z,XBTUSDT,1,34258.5,0.000550706240482,1
3.27765194444,2022-01-24T16:16:39.547Z,XBTUSDT,1,34258.5,0.000550706240482,1
3.27780361111,2022-01-24T16:16:40.093Z,XBTUSDT,1,34258.65,0.00055508470631,2
3.277805,2022-01-24T16:16:40.098Z,XBTUSDT,1,34260,0.000594490036105,1
3.27780583333,2022-01-24T16:16:40.101Z,XBTUSDT,1,34260,0.000594490036105,1
3.27780833333,2022-01-24T16:16:40.110Z,XBTUSDT,1,34260,0.000594490036105,1
3.27780916667,2022-01-24T16:16:40.113Z,XBTUSDT,1,34260,0.000594490036105,1
3.27781,2022-01-24T16:16:40.116Z,XBTUSDT,1,34260,0.000594490036105,1
3.27781083333,2022-01-24T16:16:40.119Z,XBTUSDT,1,34260,0.000594490036105,1
3.27781222222,2022-01-24T16:16:40.124Z,XBTUSDT,1,34260,0.000594490036105,1
3.27782694444,2022-01-24T16:16:40.177Z,XBTUSDT,1,34260,0.000594490036105,1
3.27782861111,2022-01-24T16:16:40.183Z,XBTUSDT,1,34268.4642857,0.000841519816959,2
3.27903111111,2022-01-24T16:16:44.512Z,XBTUSDT,1,34289.5,0.001455181998,1
3.27904083333,2022-01-24T16:16:44.547Z,XBTUSDT,1,34289.5,0.001455181998,1
3.27906861111,2022-01-24T16:16:44.647Z,XBTUSDT,1,34289.5,0.001455181998,1
3.27907472222,2022-01-24T16:16:44.669Z,XBTUSDT,1,34289.5,0.001455181998,1
3.27915194444,2022-01-24T16:16:44.947Z,XBTUSDT,1,34289.5,0.001455181998,1
3.27941472222,2022-01-24T16:16:45.893Z,XBTUSDT,1,34304,0.00187796258847,1
3.28018638889,2022-01-24T16:16:48.671Z,XBTUSDT,1,34304,0.00187796258847,1
3.28019416667,2022-01-24T16:16:48.699Z,XBTUSDT,1,34304,0.00187796258847,1
3.28045777778,2022-01-24T16:16:49.648Z,XBTUSDT,1,34304,0.00187796258847,1
3.28059722222,2022-01-24T16:16:50.150Z,XBTUSDT,1,34285.6428571,0.00134268809131,2
3.2817175,2022-01-24T16:16:54.183Z,XBTUSDT,1,34267.4285714,0.000811295820666,2
3.28241,2022-01-24T16:16:56.676Z,XBTUSDT,1,34313.5,0.0021548598832,1
3.2841325,2022-01-24T16:17:02.877Z,XBTUSDT,1,34350,0.00321801580849,1
3.28413555556,2022-01-24T16:17:02.888Z,XBTUSDT,1,34350,0.00321801580849,1
3.28425361111,2022-01-24T16:17:03.313Z,XBTUSDT,1,34353,0.00330534823944,1
3.28580694444,2022-01-24T16:17:08.905Z,XBTUSDT,1,34437,0.0057475648916,1
3.28580972222,2022-01-24T16:17:08.915Z,XBTUSDT,1,34449,0.00609596660229,1
3.28582888889,2022-01-24T16:17:08.984Z,XBTUSDT,1,34449,0.00609596660229,1
3.28583027778,2022-01-24T16:17:08.989Z,XBTUSDT,1,34448.9878049,0.00609561259712,2
3.28583722222,2022-01-24T16:17:09.014Z,XBTUSDT,1,34449,0.00609596660229,2
3.28583861111,2022-01-24T16:17:09.019Z,XBTUSDT,1,34449,0.00609596660229,1
3.28657583333,2022-01-24T16:17:11.673Z,XBTUSDT,1,34477,0.00690843218974,1
3.28911916667,2022-01-24T16:17:20.829Z,XBTUSDT,1,34364.5,0.00364005192067,2
3.28918388889,2022-01-24T16:17:21.062Z,XBTUSDT,1,34411.5,0.00500680797849,1
3.28970944444,2022-01-24T16:17:22.954Z,XBTUSDT,1,34411.5,0.00500680797849,1
3.28971777778,2022-01-24T16:17:22.984Z,XBTUSDT,1,34411.5,0.00500680797849,1
3.29367305556,2022-01-24T16:17:37.223Z,XBTUSDT,1,34409.5,0.00494868618426,1
3.29520194444,2022-01-24T16:17:42.727Z,XBTUSDT,1,34348.5,0.00317434673274,1
3.29693722222,2022-01-24T16:17:48.974Z,XBTUSDT,1,34370,0.00380008800187,1
3.2978475,2022-01-24T16:17:52.251Z,XBTUSDT,1,34394.5,0.00451266501579,1
3.29939527778,2022-01-24T16:17:57.823Z,XBTUSDT,1,34355,0.00336356562317,1
3.30097583333,2022-01-24T16:18:03.513Z,XBTUSDT,1,34367.9666667,0.00374092613158,2
3.30165027778,2022-01-24T16:18:05.941Z,XBTUSDT,1,34368,0.00374189602653,1
3.30166083333,2022-01-24T16:18:05.979Z,XBTUSDT,1,34368,0.00374189602653,1
3.30170055556,2022-01-24T16:18:06.122Z,XBTUSDT,1,34388,0.00432366345233,1
3.30170666667,2022-01-24T16:18:06.144Z,XBTUSDT,1,34388,0.00432366345233,1
3.30171527778,2022-01-24T16:18:06.175Z,XBTUSDT,1,34388,0.00432366345233,1
3.30338277778,2022-01-24T16:18:12.178Z,XBTUSDT,1,34432,0.00560236167945,1
3.30445666667,2022-01-24T16:18:16.044Z,XBTUSDT,1,34378.5,0.00404736612557,2
3.30524888889,2022-01-24T16:18:18.896Z,XBTUSDT,1,34368,0.00374189602653,1
3.30592361111,2022-01-24T16:18:21.325Z,XBTUSDT,1,34363,0.00359640127136,1
3.30712777778,2022-01-24T16:18:25.660Z,XBTUSDT,1,34423.5,0.00535546782077,1
3.30891138889,2022-01-24T16:18:32.081Z,XBTUSDT,1,34400.5,0.00468709629757,1
3.3100675,2022-01-24T16:18:36.243Z,XBTUSDT,1,34350,0.00321801580849,1
3.31119722222,2022-01-24T16:18:40.310Z,XBTUSDT,1,34341,0.00295597274458,1
3.31286555556,2022-01-24T16:18:46.316Z,XBTUSDT,1,34333.5,0.00273755105881,1
3.31427361111,2022-01-24T16:18:51.385Z,XBTUSDT,1,34322,0.00240254512024,1
3.31569444444,2022-01-24T16:18:56.500Z,XBTUSDT,1,34313.5,0.0021548598832,1
3.31950027778,2022-01-24T16:19:10.201Z,XBTUSDT,1,34286.5,0.00136768783089,1
3.31950638889,2022-01-24T16:19:10.223Z,XBTUSDT,1,34283.5,0.00128018600788,1
3.31951166667,2022-01-24T16:19:10.242Z,XBTUSDT,1,34283.0435,0.00126687047594,3
3.31953722222,2022-01-24T16:19:10.334Z,XBTUSDT,1,34281.1052632,0.00121033256575,2
3.31957,2022-01-24T16:19:10.452Z,XBTUSDT,1,34284,0.00129477017677,1
3.31957555556,2022-01-24T16:19:10.472Z,XBTUSDT,1,34284,0.00129477017677,1
3.31958222222,2022-01-24T16:19:10.496Z,XBTUSDT,1,34284,0.00129477017677,1
3.31961,2022-01-24T16:19:10.596Z,XBTUSDT,1,34284,0.00129477017677,1
3.31962722222,2022-01-24T16:19:10.658Z,XBTUSDT,1,34284,0.00129477017677,1
3.31985666667,2022-01-24T16:19:11.484Z,XBTUSDT,1,34266,0.000769606050913,1
3.31985833333,2022-01-24T16:19:11.490Z,XBTUSDT,1,34266,0.000769606050913,1
3.31985916667,2022-01-24T16:19:11.493Z,XBTUSDT,1,34266,0.000769606050913,1
3.31986083333,2022-01-24T16:19:11.499Z,XBTUSDT,1,34266,0.000769606050913,1
3.31986138889,2022-01-24T16:19:11.501Z,XBTUSDT,1,34266,0.000769606050913,1
3.31986222222,2022-01-24T16:19:11.504Z,XBTUSDT,1,34266,0.000769606050913,1
3.31986277778,2022-01-24T16:19:11.506Z,XBTUSDT,1,34266,0.000769606050913,1
3.31986638889,2022-01-24T16:19:11.519Z,XBTUSDT,1,34266,0.000769606050913,1
3.31987,2022-01-24T16:19:11.532Z,XBTUSDT,1,34266,0.000769606050913,1
3.31987055556,2022-01-24T16:19:11.534Z,XBTUSDT,1,34266,0.000769606050913,1
3.31998027778,2022-01-24T16:19:11.929Z,XBTUSDT,1,34266,0.000769606050913,1
3.31998138889,2022-01-24T16:19:11.933Z,XBTUSDT,1,34266,0.000769606050913,1
3.31998277778,2022-01-24T16:19:11.938Z,XBTUSDT,1,34266,0.000769606050913,1
3.31998416667,2022-01-24T16:19:11.943Z,XBTUSDT,1,34266,0.000769606050913,1
3.31998527778,2022-01-24T16:19:11.947Z,XBTUSDT,1,34266,0.000769606050913,1
3.31998583333,2022-01-24T16:19:11.949Z,XBTUSDT,1,34266,0.000769606050913,1
3.31998722222,2022-01-24T16:19:11.954Z,XBTUSDT,1,34266,0.000769606050913,1
3.31999583333,2022-01-24T16:19:11.985Z,XBTUSDT,1,34266,0.000769606050913,1
3.32000916667,2022-01-24T16:19:12.033Z,XBTUSDT,1,34266,0.000769606050913,1
3.32001416667,2022-01-24T16:19:12.051Z,XBTUSDT,1,34266,0.000769606050913,1
3.32002888889,2022-01-24T16:19:12.104Z,XBTUSDT,1,34273.5,0.000988457954703,1
3.32003083333,2022-01-24T16:19:12.111Z,XBTUSDT,1,34273.5,0.000988457954703,1
3.32003277778,2022-01-24T16:19:12.118Z,XBTUSDT,1,34273.5,0.000988457954703,1
3.32003888889,2022-01-24T16:19:12.140Z,XBTUSDT,1,34273.5,0.000988457954703,1
3.32004,2022-01-24T16:19:12.144Z,XBTUSDT,1,34273.5,0.000988457954703,1
3.32004027778,2022-01-24T16:19:12.145Z,XBTUSDT,1,34273.5,0.000988457954703,1
3.32004722222,2022-01-24T16:19:12.170Z,XBTUSDT,1,34273.5,0.000988457954703,1
3.320065,2022-01-24T16:19:12.234Z,XBTUSDT,1,34273.5,0.000988457954703,1
3.32007972222,2022-01-24T16:19:12.287Z,XBTUSDT,1,34273.5,0.000988457954703,1
3.32009361111,2022-01-24T16:19:12.337Z,XBTUSDT,1,34273.5,0.000988457954703,1
3.32009777778,2022-01-24T16:19:12.352Z,XBTUSDT,1,34273.5,0.000988457954703,1
3.32010388889,2022-01-24T16:19:12.374Z,XBTUSDT,1,34273.5,0.000988457954703,1
3.32010444444,2022-01-24T16:19:12.376Z,XBTUSDT,1,34273.5,0.000988457954703,1
3.32010916667,2022-01-24T16:19:12.393Z,XBTUSDT,1,34273.5,0.000988457954703,1
3.32012138889,2022-01-24T16:19:12.437Z,XBTUSDT,1,34273.5,0.000988457954703,1
3.32012194444,2022-01-24T16:19:12.439Z,XBTUSDT,1,34273.5,0.000988457954703,1
3.32012305556,2022-01-24T16:19:12.443Z,XBTUSDT,1,34273.5,0.000988457954703,1
3.32012361111,2022-01-24T16:19:12.445Z,XBTUSDT,1,34273.5,0.000988457954703,1
3.32012416667,2022-01-24T16:19:12.447Z,XBTUSDT,1,34273.5,0.000988457954703,1
3.32012472222,2022-01-24T16:19:12.449Z,XBTUSDT,1,34273.5,0.000988457954703,1
3.32012583333,2022-01-24T16:19:12.453Z,XBTUSDT,1,34273.5,0.000988457954703,1
3.3201275,2022-01-24T16:19:12.459Z,XBTUSDT,1,34273.5,0.000988457954703,1
3.32012944444,2022-01-24T16:19:12.466Z,XBTUSDT,1,34273.5,0.000988457954703,1
3.32013638889,2022-01-24T16:19:12.491Z,XBTUSDT,1,34273.5,0.000988457954703,1
3.32013694444,2022-01-24T16:19:12.493Z,XBTUSDT,1,34273.5,0.000988457954703,1
3.32013777778,2022-01-24T16:19:12.496Z,XBTUSDT,1,34273.5,0.000988457954703,1
3.32014472222,2022-01-24T16:19:12.521Z,XBTUSDT,1,34273.5,0.000988457954703,1
3.32014638889,2022-01-24T16:19:12.527Z,XBTUSDT,1,34273.5,0.000988457954703,1
3.32014805556,2022-01-24T16:19:12.533Z,XBTUSDT,1,34273.5,0.000988457954703,1
3.32014888889,2022-01-24T16:19:12.536Z,XBTUSDT,1,34273.5,0.000988457954703,1
3.32014972222,2022-01-24T16:19:12.539Z,XBTUSDT,1,34273.5,0.000988457954703,1
3.32015083333,2022-01-24T16:19:12.543Z,XBTUSDT,1,34273.5,0.000988457954703,1
3.32015166667,2022-01-24T16:19:12.546Z,XBTUSDT,1,34273.5,0.000988457954703,1
3.32015333333,2022-01-24T16:19:12.552Z,XBTUSDT,1,34273.5,0.000988457954703,2
3.32015388889,2022-01-24T16:19:12.554Z,XBTUSDT,1,34273.5,0.000988457954703,1
3.32015444444,2022-01-24T16:19:12.556Z,XBTUSDT,1,34273.5,0.000988457954703,1
3.32015472222,2022-01-24T16:19:12.557Z,XBTUSDT,1,34273.5,0.000988457954703,1
3.32015555556,2022-01-24T16:19:12.560Z,XBTUSDT,1,34273.5,0.000988457954703,1
3.32015611111,2022-01-24T16:19:12.562Z,XBTUSDT,1,34273.5,0.000988457954703,1
3.32015694444,2022-01-24T16:19:12.565Z,XBTUSDT,1,34273.5,0.000988457954703,1
3.3201575,2022-01-24T16:19:12.567Z,XBTUSDT,1,34273.5,0.000988457954703,1
3.32015833333,2022-01-24T16:19:12.570Z,XBTUSDT,1,34273.5,0.000988457954703,1
3.32016111111,2022-01-24T16:19:12.580Z,XBTUSDT,1,34273.5,0.000988457954703,1
3.32016166667,2022-01-24T16:19:12.582Z,XBTUSDT,1,34273.5,0.000988457954703,1
3.32016277778,2022-01-24T16:19:12.586Z,XBTUSDT,1,34273.5,0.000988457954703,1
3.32016361111,2022-01-24T16:19:12.589Z,XBTUSDT,1,34273.5,0.000988457954703,1
3.32016444444,2022-01-24T16:19:12.592Z,XBTUSDT,1,34273.5,0.000988457954703,1
3.32016472222,2022-01-24T16:19:12.593Z,XBTUSDT,1,34273.5,0.000988457954703,1
3.32016555556,2022-01-24T16:19:12.596Z,XBTUSDT,1,34273.5,0.000988457954703,1
3.32016583333,2022-01-24T16:19:12.597Z,XBTUSDT,1,34273.5,0.000988457954703,1
3.32016666667,2022-01-24T16:19:12.600Z,XBTUSDT,1,34273.5,0.000988457954703,1
3.32016694444,2022-01-24T16:19:12.601Z,XBTUSDT,1,34273.5,0.000988457954703,1
3.3201675,2022-01-24T16:19:12.603Z,XBTUSDT,1,34273.5,0.000988457954703,1
3.32016777778,2022-01-24T16:19:12.604Z,XBTUSDT,1,34273.5,0.000988457954703,1
3.32017805556,2022-01-24T16:19:12.641Z,XBTUSDT,1,34273.5,0.000988457954703,1
3.32018416667,2022-01-24T16:19:12.663Z,XBTUSDT,1,34273.5,0.000988457954703,1
3.320185,2022-01-24T16:19:12.666Z,XBTUSDT,1,34273.5,0.000988457954703,1
3.32019027778,2022-01-24T16:19:12.685Z,XBTUSDT,1,34273.5,0.000988457954703,1
3.320215,2022-01-24T16:19:12.774Z,XBTUSDT,1,34273.5,0.000988457954703,1
3.32021916667,2022-01-24T16:19:12.789Z,XBTUSDT,1,34273.5,0.000988457954703,1
3.32025888889,2022-01-24T16:19:12.932Z,XBTUSDT,1,34273.5,0.000988457954703,1
3.320265,2022-01-24T16:19:12.954Z,XBTUSDT,1,34273.5,0.000988457954703,1
3.32027333333,2022-01-24T16:19:12.984Z,XBTUSDT,1,34273.5,0.000988457954703,1
3.32027583333,2022-01-24T16:19:12.993Z,XBTUSDT,1,34273.5,0.000988457954703,1
3.32027694444,2022-01-24T16:19:12.997Z,XBTUSDT,1,34273.5,0.000988457954703,1
3.32035944444,2022-01-24T16:19:13.294Z,XBTUSDT,1,34273.5,0.000988457954703,1
3.32036027778,2022-01-24T16:19:13.297Z,XBTUSDT,1,34273.5,0.000988457954703,1
3.32036111111,2022-01-24T16:19:13.300Z,XBTUSDT,1,34273.5,0.000988457954703,1
3.32036305556,2022-01-24T16:19:13.307Z,XBTUSDT,1,34273.5,0.000988457954703,1
3.32036388889,2022-01-24T16:19:13.310Z,XBTUSDT,1,34273.5,0.000988457954703,1
3.32036472222,2022-01-24T16:19:13.313Z,XBTUSDT,1,34273.5,0.000988457954703,1
3.32036555556,2022-01-24T16:19:13.316Z,XBTUSDT,1,34273.5,0.000988457954703,1
3.32036638889,2022-01-24T16:19:13.319Z,XBTUSDT,1,34273.5,0.000988457954703,1
3.32036722222,2022-01-24T16:19:13.322Z,XBTUSDT,1,34273.5,0.000988457954703,1
3.32036805556,2022-01-24T16:19:13.325Z,XBTUSDT,1,34273.5,0.000988457954703,1
3.32036888889,2022-01-24T16:19:13.328Z,XBTUSDT,1,34273.5,0.000988457954703,1
3.32036916667,2022-01-24T16:19:13.329Z,XBTUSDT,1,34273.5,0.000988457954703,1
3.32036972222,2022-01-24T16:19:13.331Z,XBTUSDT,1,34273.5,0.000988457954703,1
3.32037083333,2022-01-24T16:19:13.335Z,XBTUSDT,1,34273.5,0.000988457954703,1
3.32037166667,2022-01-24T16:19:13.338Z,XBTUSDT,1,34273.5,0.000988457954703,1
3.3203725,2022-01-24T16:19:13.341Z,XBTUSDT,1,34273.5,0.000988457954703,1
3.32037333333,2022-01-24T16:19:13.344Z,XBTUSDT,1,34273.5,0.000988457954703,1
3.32037444444,2022-01-24T16:19:13.348Z,XBTUSDT,1,34273.5,0.000988457954703,1
3.32037638889,2022-01-24T16:19:13.355Z,XBTUSDT,1,34273.5,0.000988457954703,1
3.32037944444,2022-01-24T16:19:13.366Z,XBTUSDT,1,34273.5,0.000988457954703,1
3.32038333333,2022-01-24T16:19:13.380Z,XBTUSDT,1,34273.5,0.000988457954703,1
3.32038416667,2022-01-24T16:19:13.383Z,XBTUSDT,1,34273.5,0.000988457954703,1
3.32038611111,2022-01-24T16:19:13.390Z,XBTUSDT,1,34273.5,0.000988457954703,1
3.32038694444,2022-01-24T16:19:13.393Z,XBTUSDT,1,34273.5,0.000988457954703,1
3.32038777778,2022-01-24T16:19:13.396Z,XBTUSDT,1,34273.5,0.000988457954703,1
3.32038861111,2022-01-24T16:19:13.399Z,XBTUSDT,1,34273.5,0.000988457954703,1
3.32039055556,2022-01-24T16:19:13.406Z,XBTUSDT,1,34273.5,0.000988457954703,1
3.32039166667,2022-01-24T16:19:13.410Z,XBTUSDT,1,34273.5,0.000988457954703,1
3.32039583333,2022-01-24T16:19:13.425Z,XBTUSDT,1,34273.5,0.000988457954703,1
3.32040388889,2022-01-24T16:19:13.454Z,XBTUSDT,1,34273.5,0.000988457954703,1
3.32040611111,2022-01-24T16:19:13.462Z,XBTUSDT,1,34273.5,0.000988457954703,1
3.32041527778,2022-01-24T16:19:13.495Z,XBTUSDT,1,34273.5,0.000988457954703,1
3.32050944444,2022-01-24T16:19:13.834Z,XBTUSDT,1,34273.5,0.000988457954703,1
3.32051777778,2022-01-24T16:19:13.864Z,XBTUSDT,1,34273.5,0.000988457954703,1
3.32052888889,2022-01-24T16:19:13.904Z,XBTUSDT,1,34273.5,0.000988457954703,1
3.32053555556,2022-01-24T16:19:13.928Z,XBTUSDT,1,34273.5,0.000988457954703,1
3.32055055556,2022-01-24T16:19:13.982Z,XBTUSDT,1,34273.5,0.000988457954703,1
3.32055138889,2022-01-24T16:19:13.985Z,XBTUSDT,1,34273.5,0.000988457954703,1
3.320555,2022-01-24T16:19:13.998Z,XBTUSDT,1,34273.5,0.000988457954703,1
3.32055555556,2022-01-24T16:19:14.000Z,XBTUSDT,1,34273.5,0.000988457954703,1
3.32056194444,2022-01-24T16:19:14.023Z,XBTUSDT,1,34273.5,0.000988457954703,1
3.3205625,2022-01-24T16:19:14.025Z,XBTUSDT,1,34273.5,0.000988457954703,1
3.32056527778,2022-01-24T16:19:14.035Z,XBTUSDT,1,34273.5,0.000988457954703,1
3.32056611111,2022-01-24T16:19:14.038Z,XBTUSDT,1,34273.5,0.000988457954703,1
3.32058138889,2022-01-24T16:19:14.093Z,XBTUSDT,1,34273.5,0.000988457954703,1
3.32058555556,2022-01-24T16:19:14.108Z,XBTUSDT,1,34273.5,0.000988457954703,1
3.32058611111,2022-01-24T16:19:14.110Z,XBTUSDT,1,34273.5,0.000988457954703,1
3.3205875,2022-01-24T16:19:14.115Z,XBTUSDT,1,34273.5,0.000988457954703,1
3.32058805556,2022-01-24T16:19:14.117Z,XBTUSDT,1,34273.5,0.000988457954703,1
3.32059277778,2022-01-24T16:19:14.134Z,XBTUSDT,1,34273.5,0.000988457954703,1
3.32059555556,2022-01-24T16:19:14.144Z,XBTUSDT,1,34273.5,0.000988457954703,1
3.32059888889,2022-01-24T16:19:14.156Z,XBTUSDT,1,34273.5,0.000988457954703,1
3.32060416667,2022-01-24T16:19:14.175Z,XBTUSDT,1,34273.5,0.000988457954703,1
3.32060555556,2022-01-24T16:19:14.180Z,XBTUSDT,1,34273.5,0.000988457954703,1
3.32060861111,2022-01-24T16:19:14.191Z,XBTUSDT,1,34273.5,0.000988457954703,1
3.320625,2022-01-24T16:19:14.250Z,XBTUSDT,1,34273.5,0.000988457954703,1
3.32065138889,2022-01-24T16:19:14.345Z,XBTUSDT,1,34273.5,0.000988457954703,1
3.32066222222,2022-01-24T16:19:14.384Z,XBTUSDT,1,34273.5,0.000988457954703,1
3.32067388889,2022-01-24T16:19:14.426Z,XBTUSDT,1,34273.5,0.000988457954703,1
3.32068111111,2022-01-24T16:19:14.452Z,XBTUSDT,1,34273.5,0.000988457954703,1
3.32068194444,2022-01-24T16:19:14.455Z,XBTUSDT,1,34273.5,0.000988457954703,1
3.32069138889,2022-01-24T16:19:14.489Z,XBTUSDT,1,34273.5,0.000988457954703,1
3.32073361111,2022-01-24T16:19:14.641Z,XBTUSDT,1,34273.5,0.000988457954703,1
3.320755,2022-01-24T16:19:14.718Z,XBTUSDT,1,34273.5,0.000988457954703,1
3.32076361111,2022-01-24T16:19:14.749Z,XBTUSDT,1,34273.5,0.000988457954703,1
3.32080694444,2022-01-24T16:19:14.905Z,XBTUSDT,1,34273.5,0.000988457954703,1
3.32082,2022-01-24T16:19:14.952Z,XBTUSDT,1,34273.5,0.000988457954703,1
3.32083694444,2022-01-24T16:19:15.013Z,XBTUSDT,1,34273.5,0.000988457954703,1
3.32094861111,2022-01-24T16:19:15.415Z,XBTUSDT,1,34273.5,0.000988457954703,1
3.32101055556,2022-01-24T16:19:15.638Z,XBTUSDT,1,34273.5,0.000988457954703,1
3.32112944444,2022-01-24T16:19:16.066Z,XBTUSDT,1,34251,0.000331758502432,1
3.32147194444,2022-01-24T16:19:17.299Z,XBTUSDT,1,34258.5,0.000550706240482,1
3.32236416667,2022-01-24T16:19:20.511Z,XBTUSDT,1,34268.5,0.000842562007433,1
3.32236611111,2022-01-24T16:19:20.518Z,XBTUSDT,1,34268.5,0.000842562007433,1
3.32274944444,2022-01-24T16:19:21.898Z,XBTUSDT,1,34269,0.000857152560052,2
3.32291472222,2022-01-24T16:19:22.493Z,XBTUSDT,1,34269,0.000857152560052,1
3.32291694444,2022-01-24T16:19:22.501Z,XBTUSDT,1,34269,0.000857152560052,2
3.32294555556,2022-01-24T16:19:22.604Z,XBTUSDT,1,34276,0.001061397947,1
3.32295222222,2022-01-24T16:19:22.628Z,XBTUSDT,1,34276,0.001061397947,1
3.32301444444,2022-01-24T16:19:22.852Z,XBTUSDT,1,34276,0.001061397947,1
3.32333083333,2022-01-24T16:19:23.991Z,XBTUSDT,1,34269.0625,0.00085897636416,4
3.32353444444,2022-01-24T16:19:24.724Z,XBTUSDT,1,34269,0.000857152560052,3
3.32366666667,2022-01-24T16:19:25.200Z,XBTUSDT,1,34269,0.000857152560052,1
3.32366888889,2022-01-24T16:19:25.208Z,XBTUSDT,1,34269,0.000857152560052,1
3.32366944444,2022-01-24T16:19:25.210Z,XBTUSDT,1,34269,0.000857152560052,1
3.32368805556,2022-01-24T16:19:25.277Z,XBTUSDT,1,34269,0.000857152560052,1
3.32368861111,2022-01-24T16:19:25.279Z,XBTUSDT,1,34269,0.000857152560052,1
3.32368944444,2022-01-24T16:19:25.282Z,XBTUSDT,1,34269,0.000857152560052,1
3.32369055556,2022-01-24T16:19:25.286Z,XBTUSDT,1,34269,0.000857152560052,1
3.32369222222,2022-01-24T16:19:25.292Z,XBTUSDT,1,34269,0.000857152560052,1
3.32369666667,2022-01-24T16:19:25.308Z,XBTUSDT,1,34269,0.000857152560052,1
3.3237,2022-01-24T16:19:25.320Z,XBTUSDT,1,34269,0.000857152560052,1
3.32370583333,2022-01-24T16:19:25.341Z,XBTUSDT,1,34269,0.000857152560052,1
3.32374,2022-01-24T16:19:25.464Z,XBTUSDT,1,34269,0.000857152560052,1
3.32374083333,2022-01-24T16:19:25.467Z,XBTUSDT,1,34269,0.000857152560052,1
3.32375388889,2022-01-24T16:19:25.514Z,XBTUSDT,1,34269,0.000857152560052,1
3.323755,2022-01-24T16:19:25.518Z,XBTUSDT,1,34269,0.000857152560052,1
3.32375583333,2022-01-24T16:19:25.521Z,XBTUSDT,1,34269,0.000857152560052,1
3.32376861111,2022-01-24T16:19:25.567Z,XBTUSDT,1,34268.6105469,0.000845787905757,8
3.32377666667,2022-01-24T16:19:25.596Z,XBTUSDT,1,34268.5,0.000842562007433,1
3.32378138889,2022-01-24T16:19:25.613Z,XBTUSDT,1,34268.5,0.000842562007433,1
3.32379333333,2022-01-24T16:19:25.656Z,XBTUSDT,1,34268.5,0.000842562007433,1
3.32379444444,2022-01-24T16:19:25.660Z,XBTUSDT,1,34268.5,0.000842562007433,1
3.32379611111,2022-01-24T16:19:25.666Z,XBTUSDT,1,34268.5,0.000842562007433,1
3.32379694444,2022-01-24T16:19:25.669Z,XBTUSDT,1,34268.5,0.000842562007433,1
3.32379972222,2022-01-24T16:19:25.679Z,XBTUSDT,1,34268.5,0.000842562007433,1
3.32380138889,2022-01-24T16:19:25.685Z,XBTUSDT,1,34268.5,0.000842562007433,1
3.32380472222,2022-01-24T16:19:25.697Z,XBTUSDT,1,34268.5,0.000842562007433,1
3.3238225,2022-01-24T16:19:25.761Z,XBTUSDT,1,34268.5,0.000842562007433,1
3.3238325,2022-01-24T16:19:25.797Z,XBTUSDT,1,34268.5,0.000842562007433,1
3.32385555556,2022-01-24T16:19:25.880Z,XBTUSDT,1,34268.5,0.000842562007433,1
3.32385694444,2022-01-24T16:19:25.885Z,XBTUSDT,1,34268.5,0.000842562007433,1
3.32385777778,2022-01-24T16:19:25.888Z,XBTUSDT,1,34268.5,0.000842562007433,1
3.32385972222,2022-01-24T16:19:25.895Z,XBTUSDT,1,34268.5,0.000842562007433,1
3.32386055556,2022-01-24T16:19:25.898Z,XBTUSDT,1,34268.5,0.000842562007433,1
3.32387027778,2022-01-24T16:19:25.933Z,XBTUSDT,1,34268.5,0.000842562007433,1
3.32387277778,2022-01-24T16:19:25.942Z,XBTUSDT,1,34268.5,0.000842562007433,1
3.32387333333,2022-01-24T16:19:25.944Z,XBTUSDT,1,34268.5,0.000842562007433,1
3.32387777778,2022-01-24T16:19:25.960Z,XBTUSDT,1,34268.5,0.000842562007433,1
3.32387861111,2022-01-24T16:19:25.963Z,XBTUSDT,1,34268.5,0.000842562007433,1
3.32388638889,2022-01-24T16:19:25.991Z,XBTUSDT,1,34268.5,0.000842562007433,1
3.32388694444,2022-01-24T16:19:25.993Z,XBTUSDT,1,34268.5,0.000842562007433,1
3.32389194444,2022-01-24T16:19:26.011Z,XBTUSDT,1,34268.5,0.000842562007433,1
3.32389361111,2022-01-24T16:19:26.017Z,XBTUSDT,1,34268.5,0.000842562007433,1
3.32389666667,2022-01-24T16:19:26.028Z,XBTUSDT,1,34268.5,0.000842562007433,1
3.32389722222,2022-01-24T16:19:26.030Z,XBTUSDT,1,34268.5,0.000842562007433,1
3.32389833333,2022-01-24T16:19:26.034Z,XBTUSDT,1,34268.5,0.000842562007433,1
3.32390305556,2022-01-24T16:19:26.051Z,XBTUSDT,1,34268.5,0.000842562007433,1
3.32390388889,2022-01-24T16:19:26.054Z,XBTUSDT,1,34268.5,0.000842562007433,1
3.32390527778,2022-01-24T16:19:26.059Z,XBTUSDT,1,34268.5,0.000842562007433,1
3.32390888889,2022-01-24T16:19:26.072Z,XBTUSDT,1,34268.5,0.000842562007433,1
3.32390972222,2022-01-24T16:19:26.075Z,XBTUSDT,1,34268.5,0.000842562007433,1
3.32391055556,2022-01-24T16:19:26.078Z,XBTUSDT,1,34268.5,0.000842562007433,1
3.32391166667,2022-01-24T16:19:26.082Z,XBTUSDT,1,34268.5,0.000842562007433,1
3.32392,2022-01-24T16:19:26.112Z,XBTUSDT,1,34268.5,0.000842562007433,1
3.32392555556,2022-01-24T16:19:26.132Z,XBTUSDT,1,34268.5,0.000842562007433,1
3.32392638889,2022-01-24T16:19:26.135Z,XBTUSDT,1,34268.5,0.000842562007433,1
3.3239275,2022-01-24T16:19:26.139Z,XBTUSDT,1,34268.5,0.000842562007433,1
3.32394083333,2022-01-24T16:19:26.187Z,XBTUSDT,1,34268.5,0.000842562007433,1
3.32394833333,2022-01-24T16:19:26.214Z,XBTUSDT,1,34268.5,0.000842562007433,1
3.32397638889,2022-01-24T16:19:26.315Z,XBTUSDT,1,34268.5,0.000842562007433,1
3.32399138889,2022-01-24T16:19:26.369Z,XBTUSDT,1,34268.5,0.000842562007433,1
3.32399666667,2022-01-24T16:19:26.388Z,XBTUSDT,1,34268.5,0.000842562007433,1
3.32399805556,2022-01-24T16:19:26.393Z,XBTUSDT,1,34268.5,0.000842562007433,1
3.32400166667,2022-01-24T16:19:26.406Z,XBTUSDT,1,34268.5,0.000842562007433,1
3.32400722222,2022-01-24T16:19:26.426Z,XBTUSDT,1,34242.5,8.35597669706e-05,1
3.32421055556,2022-01-24T16:19:27.158Z,XBTUSDT,1,34234.6525,-0.000145640769205,2
3.3243125,2022-01-24T16:19:27.525Z,XBTUSDT,1,34220.5,-0.000559123164168,1
3.3243275,2022-01-24T16:19:27.579Z,XBTUSDT,1,34220.5,-0.000559123164168,1
3.32543138889,2022-01-24T16:19:31.553Z,XBTUSDT,1,34240,1.05484136732e-05,1
3.32627638889,2022-01-24T16:19:34.595Z,XBTUSDT,1,34223,-0.000486070208046,1
3.32643972222,2022-01-24T16:19:35.183Z,XBTUSDT,1,34221.3140625,-0.000535334709369,5
3.32647416667,2022-01-24T16:19:35.307Z,XBTUSDT,1,34206,-0.000982935582369,1
3.32651972222,2022-01-24T16:19:35.471Z,XBTUSDT,1,34206,-0.000982935582369,1
3.32652027778,2022-01-24T16:19:35.473Z,XBTUSDT,1,34191.7325,-0.00140012778116,3
3.32682388889,2022-01-24T16:19:36.566Z,XBTUSDT,1,34165.5,-0.00216763987398,1
3.33027055556,2022-01-24T16:19:48.974Z,XBTUSDT,1,34203,-0.00107064334018,1
3.33144055556,2022-01-24T16:19:53.186Z,XBTUSDT,1,34235.5,-0.000120885457024,1
3.33345,2022-01-24T16:20:00.420Z,XBTUSDT,1,34240,1.05484136732e-05,1
3.33446805556,2022-01-24T16:20:04.085Z,XBTUSDT,1,34211,-0.000836773078637,1
3.33569111111,2022-01-24T16:20:08.488Z,XBTUSDT,1,34226,-0.000398413704609,1
3.33636805556,2022-01-24T16:20:10.925Z,XBTUSDT,1,34211.5,-0.000822158003187,1
3.33676888889,2022-01-24T16:20:12.368Z,XBTUSDT,1,34212,-0.000807543141333,1
3.33681361111,2022-01-24T16:20:12.529Z,XBTUSDT,1,34199.5,-0.00117297878122,1
3.33746416667,2022-01-24T16:20:14.871Z,XBTUSDT,1,34217,-0.000661406269279,1
3.33867055556,2022-01-24T16:20:19.214Z,XBTUSDT,1,34183,-0.00165555839794,1
3.34024833333,2022-01-24T16:20:24.894Z,XBTUSDT,1,34260,0.000594490036105,1
3.34187166667,2022-01-24T16:20:30.738Z,XBTUSDT,1,34285.4333333,0.00133657694879,2
3.34291527778,2022-01-24T16:20:34.495Z,XBTUSDT,1,34253,0.000390149253352,1
3.34716,2022-01-24T16:20:49.776Z,XBTUSDT,1,34315,0.00219857350073,1
3.34994611111,2022-01-24T16:20:59.806Z,XBTUSDT,1,34281,0.00120726197282,1
3.35108916667,2022-01-24T16:21:03.921Z,XBTUSDT,1,34304,0.00187796258847,1
3.35272388889,2022-01-24T16:21:09.806Z,XBTUSDT,1,34284.5,0.00130935413296,1
3.35412416667,2022-01-24T16:21:14.847Z,XBTUSDT,1,34252,0.000360954304076,2
3.35648805556,2022-01-24T16:21:23.357Z,XBTUSDT,1,34251.5,0.000346356509803,1
3.35788972222,2022-01-24T16:21:28.403Z,XBTUSDT,1,34270.5,0.000900922940641,1
3.36416527778,2022-01-24T16:21:50.995Z,XBTUSDT,1,34335.5,0.00279580150662,1
3.37520944444,2022-01-24T16:22:30.754Z,XBTUSDT,1,34347.5,0.0031452329561,1
3.37852555556,2022-01-24T16:22:42.692Z,XBTUSDT,1,34388.9,0.00434983503029,2
3.37961,2022-01-24T16:22:46.596Z,XBTUSDT,1,34386.1408451,0.00426959792982,2
3.38020555556,2022-01-24T16:22:48.740Z,XBTUSDT,1,34385.5,0.00425096103058,1
3.38022916667,2022-01-24T16:22:48.825Z,XBTUSDT,1,34385.5,0.00425096103058,1
3.38033388889,2022-01-24T16:22:49.202Z,XBTUSDT,1,34385.5,0.00425096103058,1
3.38033416667,2022-01-24T16:22:49.203Z,XBTUSDT,1,34385.5,0.00425096103058,1
3.390495,2022-01-24T16:23:25.782Z,XBTUSDT,1,34286.5,0.00136768783089,1
3.39195027778,2022-01-24T16:23:31.021Z,XBTUSDT,1,34262,0.000652865448398,1
3.39307333333,2022-01-24T16:23:35.064Z,XBTUSDT,1,34264,0.000711237453201,1
3.39327055556,2022-01-24T16:23:35.774Z,XBTUSDT,1,34300,0.00176135131203,1
3.39330666667,2022-01-24T16:23:35.904Z,XBTUSDT,1,34312.5,0.00212571640988,1
3.39332888889,2022-01-24T16:23:35.984Z,XBTUSDT,1,34312.5,0.00212571640988,1
3.39334,2022-01-24T16:23:36.024Z,XBTUSDT,1,34313.5,0.0021548598832,1
3.3933425,2022-01-24T16:23:36.033Z,XBTUSDT,1,34313.5,0.0021548598832,1
3.39335333333,2022-01-24T16:23:36.072Z,XBTUSDT,1,34330.125,0.00263924573331,4
3.39469055556,2022-01-24T16:23:40.886Z,XBTUSDT,1,34313,0.00214028825271,1
3.39484694444,2022-01-24T16:23:41.449Z,XBTUSDT,1,34312.6375,0.00212972368783,4
3.39504611111,2022-01-24T16:23:42.166Z,XBTUSDT,1,34312.5,0.00212571640988,2
3.39529,2022-01-24T16:23:43.044Z,XBTUSDT,1,34292.5,0.00154266851056,1
3.39533388889,2022-01-24T16:23:43.202Z,XBTUSDT,1,34268.4275,0.000840446359632,3
3.39569027778,2022-01-24T16:23:44.485Z,XBTUSDT,1,34288.5,0.00142601812621,1
3.40227111111,2022-01-24T16:24:08.176Z,XBTUSDT,1,34332.5,0.00270842456243,1
3.40227361111,2022-01-24T16:24:08.185Z,XBTUSDT,1,34332.5,0.00270842456243,1
3.42612555556,2022-01-24T16:25:34.052Z,XBTUSDT,1,34325.5,0.00250451533046,1
3.45538166667,2022-01-24T16:27:19.374Z,XBTUSDT,1,34341,0.00295597274458,1
3.45538361111,2022-01-24T16:27:19.381Z,XBTUSDT,1,34341,0.00295597274458,1
3.45703222222,2022-01-24T16:27:25.316Z,XBTUSDT,1,34361.5,0.00355274871659,1
3.45837777778,2022-01-24T16:27:30.160Z,XBTUSDT,1,34351.3146067,0.0032562860148,2
3.49646583333,2022-01-24T16:29:47.277Z,XBTUSDT,1,34410.38,0.00497426018991,3
3.49718916667,2022-01-24T16:29:49.881Z,XBTUSDT,1,34409.5,0.00494868618426,1
3.50336472222,2022-01-24T16:30:12.113Z,XBTUSDT,1,34417,0.00516662549629,1
3.50337305556,2022-01-24T16:30:12.143Z,XBTUSDT,1,34417,0.00516662549629,1
3.50757111111,2022-01-24T16:30:27.256Z,XBTUSDT,1,34496.5416667,0.00747507460703,2
3.50777361111,2022-01-24T16:30:27.985Z,XBTUSDT,1,34500,0.00757532117745,1
3.5077825,2022-01-24T16:30:28.017Z,XBTUSDT,1,34500,0.00757532117745,1
3.5078075,2022-01-24T16:30:28.107Z,XBTUSDT,1,34500,0.00757532117745,1
3.50798916667,2022-01-24T16:30:28.761Z,XBTUSDT,1,34507.5,0.00779268885573,1
3.50817944444,2022-01-24T16:30:29.446Z,XBTUSDT,1,34518,0.00809692424934,1
3.50821361111,2022-01-24T16:30:29.569Z,XBTUSDT,1,34535.5,0.00860377764199,1
3.50901388889,2022-01-24T16:30:32.450Z,XBTUSDT,1,34513.451049,0.0079651306687,2
3.50925527778,2022-01-24T16:30:33.319Z,XBTUSDT,1,34537,0.00864721026714,1
3.50925638889,2022-01-24T16:30:33.323Z,XBTUSDT,1,34537,0.00864721026714,1
3.50929611111,2022-01-24T16:30:33.466Z,XBTUSDT,1,34508,0.00780717835446,1
3.50931027778,2022-01-24T16:30:33.517Z,XBTUSDT,1,34508,0.00780717835446,1
3.50932388889,2022-01-24T16:30:33.566Z,XBTUSDT,1,34501.1573034,0.00760886564006,2
3.50934111111,2022-01-24T16:30:33.628Z,XBTUSDT,1,34501,0.00760430626462,1
3.50937944444,2022-01-24T16:30:33.766Z,XBTUSDT,1,34564.3154944,0.00943780290986,8
3.50938722222,2022-01-24T16:30:33.794Z,XBTUSDT,1,34574,0.00971795164073,1
3.50939166667,2022-01-24T16:30:33.810Z,XBTUSDT,1,34501.44,0.00761705943683,2
3.50943916667,2022-01-24T16:30:33.981Z,XBTUSDT,1,34586.99625,0.0100937776368,5
3.51018916667,2022-01-24T16:30:36.681Z,XBTUSDT,1,34502.5,0.00764778232019,1
3.51444638889,2022-01-24T16:30:52.007Z,XBTUSDT,1,34446,0.00600887755369,1
3.51531666667,2022-01-24T16:30:55.140Z,XBTUSDT,1,34462.5,0.00648777349005,1
3.51557361111,2022-01-24T16:30:56.065Z,XBTUSDT,1,34440,0.00583467669966,1
3.51689972222,2022-01-24T16:31:00.839Z,XBTUSDT,1,34445.5,0.00599436197484,1
3.51797361111,2022-01-24T16:31:04.705Z,XBTUSDT,1,34395.5,0.0045417390091,1
3.51884055556,2022-01-24T16:31:07.826Z,XBTUSDT,1,34352.5,0.00329079336392,1
3.51989583333,2022-01-24T16:31:11.625Z,XBTUSDT,1,34344.5,0.00305788654016,1
3.52098,2022-01-24T16:31:15.528Z,XBTUSDT,1,34366.5,0.00369824982265,1
3.52552777778,2022-01-24T16:31:31.900Z,XBTUSDT,1,34341,0.00295597274458,1
3.53506861111,2022-01-24T16:32:06.247Z,XBTUSDT,1,34307.5,0.00197998630178,1
3.53528055556,2022-01-24T16:32:07.010Z,XBTUSDT,1,34319,0.00231513380625,1
3.5419725,2022-01-24T16:32:31.101Z,XBTUSDT,1,34330,0.00263560460973,1
3.54243916667,2022-01-24T16:32:32.781Z,XBTUSDT,1,34330,0.00263560460973,1
3.54310944444,2022-01-24T16:32:35.194Z,XBTUSDT,1,34351.1,0.00325003858542,2
3.54365194444,2022-01-24T16:32:37.147Z,XBTUSDT,1,34330.5,0.0026501690245,1
3.54440166667,2022-01-24T16:32:39.846Z,XBTUSDT,1,34357,0.00342177961783,1
3.54559333333,2022-01-24T16:32:44.136Z,XBTUSDT,1,34332,0.00269386099611,1
3.54662444444,2022-01-24T16:32:47.848Z,XBTUSDT,1,34382.5,0.00416371114686,1
3.54761194444,2022-01-24T16:32:51.403Z,XBTUSDT,1,34349,0.00318890330321,1
3.54821333333,2022-01-24T16:32:53.568Z,XBTUSDT,1,34349,0.00318890330321,1
3.54822333333,2022-01-24T16:32:53.604Z,XBTUSDT,1,34349,0.00318890330321,1
3.54825,2022-01-24T16:32:53.700Z,XBTUSDT,1,34349,0.00318890330321,1
3.54889972222,2022-01-24T16:32:56.039Z,XBTUSDT,1,34353,0.00330534823944,1
3.54997555556,2022-01-24T16:32:59.912Z,XBTUSDT,1,34332.5,0.00270842456243,1
3.55108138889,2022-01-24T16:33:03.893Z,XBTUSDT,1,34336.5,0.00282492545816,1
3.55255305556,2022-01-24T16:33:09.191Z,XBTUSDT,1,34311.5,0.00209657208719,1
3.55728138889,2022-01-24T16:33:26.213Z,XBTUSDT,1,34317,0.00225685535178,1
3.55860888889,2022-01-24T16:33:30.992Z,XBTUSDT,1,34325,0.00248994879417,1
3.56006166667,2022-01-24T16:33:36.222Z,XBTUSDT,1,34333.5,0.00273755105881,1
3.56138805556,2022-01-24T16:33:40.997Z,XBTUSDT,1,34302.5,0.00183423495332,1
3.56287555556,2022-01-24T16:33:46.352Z,XBTUSDT,1,34288,0.00141143587135,1
3.56409833333,2022-01-24T16:33:50.754Z,XBTUSDT,1,34311.5,0.00209657208719,1
3.5655825,2022-01-24T16:33:56.097Z,XBTUSDT,1,34291.5,0.00151350719013,1
3.56570055556,2022-01-24T16:33:56.522Z,XBTUSDT,1,34266.5,0.000784197668029,1
3.56570583333,2022-01-24T16:33:56.541Z,XBTUSDT,1,34266.5,0.000784197668029,1
3.56653805556,2022-01-24T16:33:59.537Z,XBTUSDT,1,34274.5,0.00101763459006,1
3.56658666667,2022-01-24T16:33:59.712Z,XBTUSDT,1,34276.5,0.00107598530706,1
3.56658722222,2022-01-24T16:33:59.714Z,XBTUSDT,1,34276.5,0.00107598530706,1
3.566615,2022-01-24T16:33:59.814Z,XBTUSDT,1,34282.5,0.001251017032,1
3.56676305556,2022-01-24T16:34:00.347Z,XBTUSDT,1,34281,0.00120726197282,2
3.56692944444,2022-01-24T16:34:00.946Z,XBTUSDT,1,34253.5,0.000404746408368,1
3.5669775,2022-01-24T16:34:01.119Z,XBTUSDT,1,34252.5,0.000375551885258,1
3.56704722222,2022-01-24T16:34:01.370Z,XBTUSDT,1,34252.5,0.000375551885258,1
3.56704777778,2022-01-24T16:34:01.372Z,XBTUSDT,1,34252.5,0.000375551885258,1
3.56710833333,2022-01-24T16:34:01.590Z,XBTUSDT,1,34252.0714286,0.000363039685864,2
3.56711333333,2022-01-24T16:34:01.608Z,XBTUSDT,1,34252,0.000360954304076,1
3.56712,2022-01-24T16:34:01.632Z,XBTUSDT,1,34252,0.000360954304076,1
3.56712361111,2022-01-24T16:34:01.645Z,XBTUSDT,1,34252,0.000360954304076,1
3.56713527778,2022-01-24T16:34:01.687Z,XBTUSDT,1,34252,0.000360954304076,1
3.56714527778,2022-01-24T16:34:01.723Z,XBTUSDT,1,34252,0.000360954304076,1
3.56714666667,2022-01-24T16:34:01.728Z,XBTUSDT,1,34252,0.000360954304076,1
3.56722083333,2022-01-24T16:34:01.995Z,XBTUSDT,1,34252,0.000360954304076,1
3.56806833333,2022-01-24T16:34:05.046Z,XBTUSDT,1,34254.5,0.000433940079182,2
3.56910527778,2022-01-24T16:34:08.779Z,XBTUSDT,1,34292.5,0.00154266851056,1
3.57172805556,2022-01-24T16:34:18.221Z,XBTUSDT,1,34276.5,0.00107598530706,1
3.57173222222,2022-01-24T16:34:18.236Z,XBTUSDT,1,34276.5,0.00107598530706,1
3.57230527778,2022-01-24T16:34:20.299Z,XBTUSDT,1,34276.5,0.00107598530706,1
3.57558083333,2022-01-24T16:34:32.091Z,XBTUSDT,1,34295.5,0.00163014736989,1
3.57697777778,2022-01-24T16:34:37.120Z,XBTUSDT,1,34276.5,0.00107598530706,1
3.57814444444,2022-01-24T16:34:41.320Z,XBTUSDT,1,34276.5,0.00107598530706,1
3.57864055556,2022-01-24T16:34:43.106Z,XBTUSDT,1,34267.7,0.000819216680437,2
3.57974472222,2022-01-24T16:34:47.081Z,XBTUSDT,1,34295,0.00161556809142,1
3.5814225,2022-01-24T16:34:53.121Z,XBTUSDT,1,34290.5,0.0014843450193,1
3.58241388889,2022-01-24T16:34:56.690Z,XBTUSDT,1,34267.5,0.00081338026353,1
3.58350416667,2022-01-24T16:35:00.615Z,XBTUSDT,1,34255.2,0.000454375141663,2
3.58462138889,2022-01-24T16:35:04.637Z,XBTUSDT,1,34313,0.00214028825271,1
3.58621138889,2022-01-24T16:35:10.361Z,XBTUSDT,1,34304.5,0.00189253804195,1
3.58740444444,2022-01-24T16:35:14.656Z,XBTUSDT,1,34266,0.000769606050913,1
3.58841833333,2022-01-24T16:35:18.306Z,XBTUSDT,1,34269.5,0.000871742899788,1
3.58961777778,2022-01-24T16:35:22.624Z,XBTUSDT,1,34301.5,0.00180508213425,1
3.59089083333,2022-01-24T16:35:27.207Z,XBTUSDT,1,34311.5,0.00209657208719,1
3.59196111111,2022-01-24T16:35:31.060Z,XBTUSDT,1,34278.5,0.00113433261945,1
3.59303416667,2022-01-24T16:35:34.923Z,XBTUSDT,1,34285,0.00132393787646,1
3.59396611111,2022-01-24T16:35:38.278Z,XBTUSDT,1,34346,0.0031015607018,1
3.59544083333,2022-01-24T16:35:43.587Z,XBTUSDT,1,34351.5,0.00326168297734,1
3.59637444444,2022-01-24T16:35:46.948Z,XBTUSDT,1,34311.5,0.00209657208719,1
3.59704777778,2022-01-24T16:35:49.372Z,XBTUSDT,1,34310,0.00205285401049,1
3.59704916667,2022-01-24T16:35:49.377Z,XBTUSDT,1,34310,0.00205285401049,1
3.59704972222,2022-01-24T16:35:49.379Z,XBTUSDT,1,34310,0.00205285401049,1
3.59705138889,2022-01-24T16:35:49.385Z,XBTUSDT,1,34310,0.00205285401049,1
3.59705194444,2022-01-24T16:35:49.387Z,XBTUSDT,1,34310,0.00205285401049,1
3.59705305556,2022-01-24T16:35:49.391Z,XBTUSDT,1,34310,0.00205285401049,1
3.59749027778,2022-01-24T16:35:50.965Z,XBTUSDT,1,34310,0.00205285401049,1
3.59826888889,2022-01-24T16:35:53.768Z,XBTUSDT,1,34310,0.00205285401049,1
3.59860666667,2022-01-24T16:35:54.984Z,XBTUSDT,1,34313.5,0.0021548598832,1
3.59966333333,2022-01-24T16:35:58.788Z,XBTUSDT,1,34305.5,0.00192168831159,1
3.60128972222,2022-01-24T16:36:04.643Z,XBTUSDT,1,34260,0.000594490036105,1
3.60247916667,2022-01-24T16:36:08.925Z,XBTUSDT,1,34261.5,0.000638271914793,1
3.60330416667,2022-01-24T16:36:11.895Z,XBTUSDT,1,34260.5,0.000609084208653,1
3.60330666667,2022-01-24T16:36:11.904Z,XBTUSDT,1,34260.5,0.000609084208653,1
3.60365916667,2022-01-24T16:36:13.173Z,XBTUSDT,1,34271.5,0.000930102130045,1
3.60415472222,2022-01-24T16:36:14.957Z,XBTUSDT,1,34257.5,0.000521515978351,2
3.60416,2022-01-24T16:36:14.976Z,XBTUSDT,1,34252.1486486,0.000365294147768,2
3.60417694444,2022-01-24T16:36:15.037Z,XBTUSDT,1,34252,0.000360954304076,1
3.60421666667,2022-01-24T16:36:15.180Z,XBTUSDT,1,34252,0.000360954304076,1
3.60422138889,2022-01-24T16:36:15.197Z,XBTUSDT,1,34252,0.000360954304076,1
3.60423805556,2022-01-24T16:36:15.257Z,XBTUSDT,1,34252,0.000360954304076,1
3.60424111111,2022-01-24T16:36:15.268Z,XBTUSDT,1,34252,0.000360954304076,1
3.60427777778,2022-01-24T16:36:15.400Z,XBTUSDT,1,34252,0.000360954304076,1
3.60428583333,2022-01-24T16:36:15.429Z,XBTUSDT,1,34252,0.000360954304076,1
3.60431055556,2022-01-24T16:36:15.518Z,XBTUSDT,1,34252,0.000360954304076,1
3.60431111111,2022-01-24T16:36:15.520Z,XBTUSDT,1,34252,0.000360954304076,1
3.60432583333,2022-01-24T16:36:15.573Z,XBTUSDT,1,34252,0.000360954304076,1
3.60434416667,2022-01-24T16:36:15.639Z,XBTUSDT,1,34252,0.000360954304076,1
3.60441416667,2022-01-24T16:36:15.891Z,XBTUSDT,1,34252,0.000360954304076,1
3.604415,2022-01-24T16:36:15.894Z,XBTUSDT,1,34252,0.000360954304076,1
3.60458722222,2022-01-24T16:36:16.514Z,XBTUSDT,1,34252,0.000360954304076,1
3.60461861111,2022-01-24T16:36:16.627Z,XBTUSDT,1,34252,0.000360954304076,1
3.60486194444,2022-01-24T16:36:17.503Z,XBTUSDT,1,34252,0.000360954304076,1
3.60561861111,2022-01-24T16:36:20.227Z,XBTUSDT,1,34252,0.000360954304076,1
3.60562083333,2022-01-24T16:36:20.235Z,XBTUSDT,1,34252,0.000360954304076,1
3.60562194444,2022-01-24T16:36:20.239Z,XBTUSDT,1,34252,0.000360954304076,1
3.60566444444,2022-01-24T16:36:20.392Z,XBTUSDT,1,34252,0.000360954304076,1
3.60577888889,2022-01-24T16:36:20.804Z,XBTUSDT,1,34252,0.000360954304076,1
3.60606527778,2022-01-24T16:36:21.835Z,XBTUSDT,1,34252,0.000360954304076,1
3.6060675,2022-01-24T16:36:21.843Z,XBTUSDT,1,34252,0.000360954304076,1
3.60607277778,2022-01-24T16:36:21.862Z,XBTUSDT,1,34252,0.000360954304076,1
3.60609666667,2022-01-24T16:36:21.948Z,XBTUSDT,1,34252,0.000360954304076,1
3.60609777778,2022-01-24T16:36:21.952Z,XBTUSDT,1,34252,0.000360954304076,1
3.60609833333,2022-01-24T16:36:21.954Z,XBTUSDT,1,34252,0.000360954304076,1
3.6061,2022-01-24T16:36:21.960Z,XBTUSDT,1,34252,0.000360954304076,1
3.60610666667,2022-01-24T16:36:21.984Z,XBTUSDT,1,34252,0.000360954304076,1
3.60610805556,2022-01-24T16:36:21.989Z,XBTUSDT,1,34252,0.000360954304076,1
3.60610861111,2022-01-24T16:36:21.991Z,XBTUSDT,1,34252,0.000360954304076,1
3.60611,2022-01-24T16:36:21.996Z,XBTUSDT,1,34252,0.000360954304076,1
3.60612166667,2022-01-24T16:36:22.038Z,XBTUSDT,1,34252,0.000360954304076,1
3.60615083333,2022-01-24T16:36:22.143Z,XBTUSDT,1,34252,0.000360954304076,1
3.60615138889,2022-01-24T16:36:22.145Z,XBTUSDT,1,34252,0.000360954304076,1
3.60615222222,2022-01-24T16:36:22.148Z,XBTUSDT,1,34252,0.000360954304076,1
3.60615388889,2022-01-24T16:36:22.154Z,XBTUSDT,1,34252,0.000360954304076,1
3.60615916667,2022-01-24T16:36:22.173Z,XBTUSDT,1,34252,0.000360954304076,1
3.60616111111,2022-01-24T16:36:22.180Z,XBTUSDT,1,34252,0.000360954304076,1
3.60616222222,2022-01-24T16:36:22.184Z,XBTUSDT,1,34252,0.000360954304076,1
3.60616388889,2022-01-24T16:36:22.190Z,XBTUSDT,1,34252,0.000360954304076,1
3.60623,2022-01-24T16:36:22.428Z,XBTUSDT,1,34252,0.000360954304076,1
3.60691,2022-01-24T16:36:24.876Z,XBTUSDT,1,34255,0.000448536594995,1
3.60746083333,2022-01-24T16:36:26.859Z,XBTUSDT,1,34255,0.000448536594995,1
3.60755638889,2022-01-24T16:36:27.203Z,XBTUSDT,1,34254.5,0.000433940079182,1
3.60826555556,2022-01-24T16:36:29.756Z,XBTUSDT,1,34255,0.000448536594995,1
3.60854388889,2022-01-24T16:36:30.758Z,XBTUSDT,1,34255,0.000448536594995,1
3.60965777778,2022-01-24T16:36:34.768Z,XBTUSDT,1,34256,0.000477728987459,1
3.61019388889,2022-01-24T16:36:36.698Z,XBTUSDT,1,34271,0.000915512641772,1
3.61019472222,2022-01-24T16:36:36.701Z,XBTUSDT,1,34271,0.000915512641772,1
3.61020055556,2022-01-24T16:36:36.722Z,XBTUSDT,1,34271,0.000915512641772,1
3.61024222222,2022-01-24T16:36:36.872Z,XBTUSDT,1,34281.5,0.00122184720527,1
3.61209416667,2022-01-24T16:36:43.539Z,XBTUSDT,1,34297,0.00167388393001,1
3.61365555556,2022-01-24T16:36:49.160Z,XBTUSDT,1,34279.5,0.00116350499904,1
3.6140775,2022-01-24T16:36:50.679Z,XBTUSDT,1,34279.5,0.00116350499904,1
3.6152225,2022-01-24T16:36:54.801Z,XBTUSDT,1,34275.5,0.00104681037416,1
3.61640527778,2022-01-24T16:36:59.059Z,XBTUSDT,1,34276.5,0.00107598530706,1
3.6174075,2022-01-24T16:37:02.667Z,XBTUSDT,1,34298.5,0.00171761857734,1
3.61745666667,2022-01-24T16:37:02.844Z,XBTUSDT,1,34314,0.00216943130137,1
3.61762583333,2022-01-24T16:37:03.453Z,XBTUSDT,1,34311.5,0.00209657208719,1
3.61771527778,2022-01-24T16:37:03.775Z,XBTUSDT,1,34311.5,0.00209657208719,1
3.61773638889,2022-01-24T16:37:03.851Z,XBTUSDT,1,34311.5,0.00209657208719,1
3.61773666667,2022-01-24T16:37:03.852Z,XBTUSDT,1,34311.5,0.00209657208719,1
3.61773805556,2022-01-24T16:37:03.857Z,XBTUSDT,1,34311.5,0.00209657208719,1
3.61774555556,2022-01-24T16:37:03.884Z,XBTUSDT,1,34311.5,0.00209657208719,1
3.61775,2022-01-24T16:37:03.900Z,XBTUSDT,1,34311.5,0.00209657208719,1
3.61775277778,2022-01-24T16:37:03.910Z,XBTUSDT,1,34311.5,0.00209657208719,1
3.61776111111,2022-01-24T16:37:03.940Z,XBTUSDT,1,34311.5,0.00209657208719,1
3.61817833333,2022-01-24T16:37:05.442Z,XBTUSDT,1,34310,0.00205285401049,1
3.61817888889,2022-01-24T16:37:05.444Z,XBTUSDT,1,34310,0.00205285401049,1
3.61818083333,2022-01-24T16:37:05.451Z,XBTUSDT,1,34310,0.00205285401049,1
3.61818138889,2022-01-24T16:37:05.453Z,XBTUSDT,1,34310,0.00205285401049,1
3.61818277778,2022-01-24T16:37:05.458Z,XBTUSDT,1,34310,0.00205285401049,1
3.61904638889,2022-01-24T16:37:08.567Z,XBTUSDT,1,34332,0.00269386099611,1
3.62094416667,2022-01-24T16:37:15.399Z,XBTUSDT,1,34308.5,0.00200913402243,1
3.62125611111,2022-01-24T16:37:16.522Z,XBTUSDT,1,34308.5,0.00200913402243,1
3.62128888889,2022-01-24T16:37:16.640Z,XBTUSDT,1,34308.5,0.00200913402243,1
3.6224625,2022-01-24T16:37:20.865Z,XBTUSDT,1,34281.5,0.00122184720527,1
3.62385611111,2022-01-24T16:37:25.882Z,XBTUSDT,1,34314,0.00216943130137,1
3.6246975,2022-01-24T16:37:28.911Z,XBTUSDT,1,34281.5,0.00122184720527,1
3.62472805556,2022-01-24T16:37:29.021Z,XBTUSDT,1,34281.5,0.00122184720527,1
3.62473,2022-01-24T16:37:29.028Z,XBTUSDT,1,34281.5,0.00122184720527,1
3.62473138889,2022-01-24T16:37:29.033Z,XBTUSDT,1,34281.5,0.00122184720527,1
3.62473388889,2022-01-24T16:37:29.042Z,XBTUSDT,1,34281.5,0.00122184720527,1
3.62474083333,2022-01-24T16:37:29.067Z,XBTUSDT,1,34281.5,0.00122184720527,1
3.62474361111,2022-01-24T16:37:29.077Z,XBTUSDT,1,34281.5,0.00122184720527,1
3.62474694444,2022-01-24T16:37:29.089Z,XBTUSDT,1,34281.5,0.00122184720527,1
3.62474833333,2022-01-24T16:37:29.094Z,XBTUSDT,1,34281.5,0.00122184720527,1
3.62476027778,2022-01-24T16:37:29.137Z,XBTUSDT,1,34281.5,0.00122184720527,1
3.62476888889,2022-01-24T16:37:29.168Z,XBTUSDT,1,34281.5,0.00122184720527,1
3.62481305556,2022-01-24T16:37:29.327Z,XBTUSDT,1,34281.5,0.00122184720527,1
3.62481388889,2022-01-24T16:37:29.330Z,XBTUSDT,1,34281.5,0.00122184720527,1
3.62482,2022-01-24T16:37:29.352Z,XBTUSDT,1,34281.5,0.00122184720527,1
3.62483305556,2022-01-24T16:37:29.399Z,XBTUSDT,1,34281.5,0.00122184720527,1
3.62483416667,2022-01-24T16:37:29.403Z,XBTUSDT,1,34281.5,0.00122184720527,1
3.62483722222,2022-01-24T16:37:29.414Z,XBTUSDT,1,34281.5,0.00122184720527,1
3.62484333333,2022-01-24T16:37:29.436Z,XBTUSDT,1,34281.5,0.00122184720527,1
3.62484444444,2022-01-24T16:37:29.440Z,XBTUSDT,1,34281.5,0.00122184720527,1
3.62484805556,2022-01-24T16:37:29.453Z,XBTUSDT,1,34281.5,0.00122184720527,1
3.62509583333,2022-01-24T16:37:30.345Z,XBTUSDT,1,34275.5,0.00104681037416,1
3.62608972222,2022-01-24T16:37:33.923Z,XBTUSDT,1,34221.6666667,-0.000525031120516,2
3.62719,2022-01-24T16:37:37.884Z,XBTUSDT,1,34185.5,-0.00158242530299,1
3.62836444444,2022-01-24T16:37:42.112Z,XBTUSDT,1,34227,-0.000369196577527,1
3.62935611111,2022-01-24T16:37:45.682Z,XBTUSDT,1,34226,-0.000398413704609,1
3.63026888889,2022-01-24T16:37:48.968Z,XBTUSDT,1,34189.5,-0.0014654234747,1
3.63038555556,2022-01-24T16:37:49.388Z,XBTUSDT,1,34190.5,-0.00143617515648,1
3.63149416667,2022-01-24T16:37:53.379Z,XBTUSDT,1,34179.5,-0.0017579537171,1
3.63231055556,2022-01-24T16:37:56.318Z,XBTUSDT,1,34135.5,-0.00304610437462,1
3.63247361111,2022-01-24T16:37:56.905Z,XBTUSDT,1,34176.5,-0.00184572947935,1
3.63335805556,2022-01-24T16:38:00.089Z,XBTUSDT,1,34195.5,-0.00128994639595,1
3.634355,2022-01-24T16:38:03.678Z,XBTUSDT,1,34166.5,-0.00213837101019,1
3.63539277778,2022-01-24T16:38:07.414Z,XBTUSDT,1,34159,-0.00235790837267,1
3.63636333333,2022-01-24T16:38:10.908Z,XBTUSDT,1,34190.5,-0.00143617515648,1
3.63754638889,2022-01-24T16:38:15.167Z,XBTUSDT,1,34170.5,-0.00202130412097,1
3.63772944444,2022-01-24T16:38:15.826Z,XBTUSDT,1,34162.5,-0.00225545160568,1
3.63929083333,2022-01-24T16:38:21.447Z,XBTUSDT,1,34195.5,-0.00128994639595,1
3.63929861111,2022-01-24T16:38:21.475Z,XBTUSDT,1,34195.5,-0.00128994639595,1
3.63935416667,2022-01-24T16:38:21.675Z,XBTUSDT,1,34195.5,-0.00128994639595,1
3.64030888889,2022-01-24T16:38:25.112Z,XBTUSDT,1,34232.5,-0.000208517635617,1
3.64221444444,2022-01-24T16:38:31.972Z,XBTUSDT,1,34204,-0.00104140656616,1
3.64361694444,2022-01-24T16:38:37.021Z,XBTUSDT,1,34212.5,-0.000792928493071,1
3.64501194444,2022-01-24T16:38:42.043Z,XBTUSDT,1,34231,-0.000252336604856,1
3.64658916667,2022-01-24T16:38:47.721Z,XBTUSDT,1,34202.5,-0.00108526204774,1
3.64817305556,2022-01-24T16:38:53.423Z,XBTUSDT,1,34220.5,-0.000559123164168,1
3.65790388889,2022-01-24T16:39:28.454Z,XBTUSDT,1,34219.5,-0.000588345840967,1
3.65821611111,2022-01-24T16:39:29.578Z,XBTUSDT,1,34180.5,-0.00172869684173,1
3.66474833333,2022-01-24T16:39:53.094Z,XBTUSDT,1,34207.7191406,-0.000932678392818,5
3.66612638889,2022-01-24T16:39:58.055Z,XBTUSDT,1,34209.3358663,-0.000885417497518,2
3.68404138889,2022-01-24T16:41:02.549Z,XBTUSDT,1,34185.5,-0.00158242530299,1
3.68536944444,2022-01-24T16:41:07.330Z,XBTUSDT,1,34151.5,-0.00257749394239,1
3.68693694444,2022-01-24T16:41:12.973Z,XBTUSDT,1,34131,-0.00317794063418,1
3.68804694444,2022-01-24T16:41:16.969Z,XBTUSDT,1,34160.5,-0.00231399704428,1
3.69013416667,2022-01-24T16:41:24.483Z,XBTUSDT,1,34106.2775,-0.00390254460396,3
3.69090277778,2022-01-24T16:41:27.250Z,XBTUSDT,1,34102,-0.00402796926391,1
3.69197055556,2022-01-24T16:41:31.094Z,XBTUSDT,1,34157.5,-0.00240182162936,1
3.69347333333,2022-01-24T16:41:36.504Z,XBTUSDT,1,34156.5,-0.00243109820518,1
3.69488638889,2022-01-24T16:41:41.591Z,XBTUSDT,1,34131.5,-0.00316329130255,1
3.69636972222,2022-01-24T16:41:46.931Z,XBTUSDT,1,34132,-0.00314864218553,1
3.69748722222,2022-01-24T16:41:50.954Z,XBTUSDT,1,34159.5,-0.00234327104896,1
3.69855111111,2022-01-24T16:41:54.784Z,XBTUSDT,1,34169.5,-0.00205056955849,1
3.701025,2022-01-24T16:42:03.690Z,XBTUSDT,1,34148.5,-0.00266534167305,1
3.72303138889,2022-01-24T16:43:22.913Z,XBTUSDT,1,34119.6968954,-0.00350916376281,5
3.72304416667,2022-01-24T16:43:22.959Z,XBTUSDT,1,34111.3394737,-0.00375413796303,2
3.72310888889,2022-01-24T16:43:23.192Z,XBTUSDT,1,34112,-0.00373477431649,1
3.72311666667,2022-01-24T16:43:23.220Z,XBTUSDT,1,34088.2077805,-0.00443249126725,6
3.72316777778,2022-01-24T16:43:23.404Z,XBTUSDT,1,34086.5588235,-0.00448086567354,2
3.72318444444,2022-01-24T16:43:23.464Z,XBTUSDT,1,34086.5,-0.00448259138544,1
3.72318638889,2022-01-24T16:43:23.471Z,XBTUSDT,1,34086.5,-0.00448259138544,1
3.72326083333,2022-01-24T16:43:23.739Z,XBTUSDT,1,34076.5879945,-0.00477342344186,5
3.72326638889,2022-01-24T16:43:23.759Z,XBTUSDT,1,34075,-0.00482002527727,1
3.72326722222,2022-01-24T16:43:23.762Z,XBTUSDT,1,34075,-0.00482002527727,1
3.7233775,2022-01-24T16:43:24.159Z,XBTUSDT,1,34074,-0.00484937273652,1
3.72355305556,2022-01-24T16:43:24.791Z,XBTUSDT,1,34074,-0.00484937273652,1
3.72357944444,2022-01-24T16:43:24.886Z,XBTUSDT,1,34074,-0.00484937273652,1
3.72358277778,2022-01-24T16:43:24.898Z,XBTUSDT,1,34074,-0.00484937273652,1
3.72358444444,2022-01-24T16:43:24.904Z,XBTUSDT,1,34074,-0.00484937273652,1
3.72359,2022-01-24T16:43:24.924Z,XBTUSDT,1,34074,-0.00484937273652,1
3.72359222222,2022-01-24T16:43:24.932Z,XBTUSDT,1,34074,-0.00484937273652,1
3.72402083333,2022-01-24T16:43:26.475Z,XBTUSDT,1,34073.0274725,-0.00487791477301,3
3.72440027778,2022-01-24T16:43:27.841Z,XBTUSDT,1,34051,-0.00552460211997,1
3.72503333333,2022-01-24T16:43:30.120Z,XBTUSDT,1,34050.76,-0.00553165039596,2
3.72797555556,2022-01-24T16:43:40.712Z,XBTUSDT,1,34050.4183673,-0.00554168348676,2
3.72798916667,2022-01-24T16:43:40.761Z,XBTUSDT,1,34050,-0.00555397026435,1
3.72836083333,2022-01-24T16:43:42.099Z,XBTUSDT,1,34050,-0.00555397026435,1
3.75526777778,2022-01-24T16:45:18.964Z,XBTUSDT,1,34153,-0.00253357297085,1
3.75526944444,2022-01-24T16:45:18.970Z,XBTUSDT,1,34153,-0.00253357297085,1
3.75527111111,2022-01-24T16:45:18.976Z,XBTUSDT,1,34153,-0.00253357297085,1
3.75527333333,2022-01-24T16:45:18.984Z,XBTUSDT,1,34153,-0.00253357297085,1
3.76772361111,2022-01-24T16:46:03.805Z,XBTUSDT,1,34090.5,-0.00436524975983,1
3.76776361111,2022-01-24T16:46:03.949Z,XBTUSDT,1,34090.5,-0.00436524975983,1
3.77633805556,2022-01-24T16:46:34.817Z,XBTUSDT,1,34041,-0.00581832238291,1
3.77778083333,2022-01-24T16:46:40.011Z,XBTUSDT,1,34011.7575,-0.00667772919827,5
3.77792555556,2022-01-24T16:46:40.532Z,XBTUSDT,1,33991.5,-0.00727350949892,1
3.77912444444,2022-01-24T16:46:44.848Z,XBTUSDT,1,33981.4840741,-0.0075682126412,5
3.79033083333,2022-01-24T16:47:25.191Z,XBTUSDT,1,34007,-0.00681761708163,1
3.79874416667,2022-01-24T16:47:55.479Z,XBTUSDT,1,33975.5,-0.00774432622749,1
3.79874555556,2022-01-24T16:47:55.484Z,XBTUSDT,1,33975.5,-0.00774432622749,1
3.79875944444,2022-01-24T16:47:55.534Z,XBTUSDT,1,33953.775,-0.00838396210586,3
3.80241027778,2022-01-24T16:48:08.677Z,XBTUSDT,1,33956.85,-0.00829340190259,2
3.80264222222,2022-01-24T16:48:09.512Z,XBTUSDT,1,33956,-0.00831843398415,1
3.802805,2022-01-24T16:48:10.098Z,XBTUSDT,1,33962,-0.00814175033576,1
3.80281944444,2022-01-24T16:48:10.150Z,XBTUSDT,1,33945.5904523,-0.00862504087659,4
3.80322138889,2022-01-24T16:48:11.597Z,XBTUSDT,1,33953,-0.00840678751614,1
3.80380666667,2022-01-24T16:48:13.704Z,XBTUSDT,1,33937.5775,-0.00886112155874,2
3.80401833333,2022-01-24T16:48:14.466Z,XBTUSDT,1,33931.5,-0.00904021637601,1
3.80739388889,2022-01-24T16:48:26.618Z,XBTUSDT,1,33915,-0.00952660846183,1
3.80749111111,2022-01-24T16:48:26.968Z,XBTUSDT,1,33883.65,-0.0104514057029,2
3.80751444444,2022-01-24T16:48:27.052Z,XBTUSDT,1,33879,-0.0105886494502,1
3.80751777778,2022-01-24T16:48:27.064Z,XBTUSDT,1,33875.4979167,-0.010692025121,5
3.81242305556,2022-01-24T16:48:44.723Z,XBTUSDT,1,33829.9725,-0.0120368329556,4
3.81262305556,2022-01-24T16:48:45.443Z,XBTUSDT,1,33829.5,-0.0120507999577,1
3.81374277778,2022-01-24T16:48:49.474Z,XBTUSDT,1,33827.6025,-0.0121068916297,4
3.81401083333,2022-01-24T16:48:50.439Z,XBTUSDT,1,33821,-0.0123020915238,1
3.81715388889,2022-01-24T16:49:01.754Z,XBTUSDT,1,33839.5,-0.0117552436447,1
3.81716,2022-01-24T16:49:01.776Z,XBTUSDT,1,33839.5,-0.0117552436447,1
3.81953638889,2022-01-24T16:49:10.331Z,XBTUSDT,1,33843.5,-0.0116370455742,1
3.82507277778,2022-01-24T16:49:30.262Z,XBTUSDT,1,33843,-0.011651819569,1
3.82509138889,2022-01-24T16:49:30.329Z,XBTUSDT,1,33843,-0.011651819569,1
3.82509444444,2022-01-24T16:49:30.340Z,XBTUSDT,1,33843,-0.011651819569,1
3.82509611111,2022-01-24T16:49:30.346Z,XBTUSDT,1,33843,-0.011651819569,1
3.82509694444,2022-01-24T16:49:30.349Z,XBTUSDT,1,33843,-0.011651819569,1
3.82509805556,2022-01-24T16:49:30.353Z,XBTUSDT,1,33843,-0.011651819569,1
3.8251,2022-01-24T16:49:30.360Z,XBTUSDT,1,33843,-0.011651819569,1
3.82510111111,2022-01-24T16:49:30.364Z,XBTUSDT,1,33843,-0.011651819569,1
3.8251025,2022-01-24T16:49:30.369Z,XBTUSDT,1,33843,-0.011651819569,1
3.82510361111,2022-01-24T16:49:30.373Z,XBTUSDT,1,33843,-0.011651819569,1
3.82512944444,2022-01-24T16:49:30.466Z,XBTUSDT,1,33843,-0.011651819569,1
3.82513277778,2022-01-24T16:49:30.478Z,XBTUSDT,1,33843,-0.011651819569,1
3.82754083333,2022-01-24T16:49:39.147Z,XBTUSDT,1,33801.5,-0.0128788226574,1
3.83354944444,2022-01-24T16:50:00.778Z,XBTUSDT,1,33795.5,-0.013056345329,1
3.83363694444,2022-01-24T16:50:01.093Z,XBTUSDT,1,33763.15,-0.0140140317976,4
3.83365805556,2022-01-24T16:50:01.169Z,XBTUSDT,1,33760.5,-0.0140925228152,1
3.83367583333,2022-01-24T16:50:01.233Z,XBTUSDT,1,33760.5,-0.0140925228152,1
3.83369333333,2022-01-24T16:50:01.296Z,XBTUSDT,1,33760.5,-0.0140925228152,1
3.83371333333,2022-01-24T16:50:01.368Z,XBTUSDT,1,33759.6636364,-0.0141172965596,2
3.83373277778,2022-01-24T16:50:01.438Z,XBTUSDT,1,33758.5,-0.0141517653988,1
3.83381361111,2022-01-24T16:50:01.729Z,XBTUSDT,1,33759,-0.0141369544239,1
3.83390472222,2022-01-24T16:50:02.057Z,XBTUSDT,1,33759.5,-0.0141221436683,1
3.83447194444,2022-01-24T16:50:04.099Z,XBTUSDT,1,33793.5,-0.0131155265567,1
3.83529944444,2022-01-24T16:50:07.078Z,XBTUSDT,1,33838,-0.0117995715233,1
3.83531666667,2022-01-24T16:50:07.140Z,XBTUSDT,1,33838.5,-0.0117847953454,1
3.8353175,2022-01-24T16:50:07.143Z,XBTUSDT,1,33838.5,-0.0117847953454,1
3.83531833333,2022-01-24T16:50:07.146Z,XBTUSDT,1,33838.5,-0.0117847953454,1
3.83531972222,2022-01-24T16:50:07.151Z,XBTUSDT,1,33838.5,-0.0117847953454,1
3.83532083333,2022-01-24T16:50:07.155Z,XBTUSDT,1,33838.5,-0.0117847953454,1
3.8353225,2022-01-24T16:50:07.161Z,XBTUSDT,1,33838.5,-0.0117847953454,1
3.83534555556,2022-01-24T16:50:07.244Z,XBTUSDT,1,33839.5,-0.0117552436447,1
3.83762027778,2022-01-24T16:50:15.433Z,XBTUSDT,1,33868,-0.0109133870798,1
3.8376725,2022-01-24T16:50:15.621Z,XBTUSDT,1,33875.5,-0.0106919636213,1
3.83843638889,2022-01-24T16:50:18.371Z,XBTUSDT,1,33881.5,-0.0105148601482,2
3.83853388889,2022-01-24T16:50:18.722Z,XBTUSDT,1,33881.5,-0.0105148601482,1
3.83854166667,2022-01-24T16:50:18.750Z,XBTUSDT,1,33881.5,-0.0105148601482,1
3.83854388889,2022-01-24T16:50:18.758Z,XBTUSDT,1,33881.5,-0.0105148601482,1
3.83858694444,2022-01-24T16:50:18.913Z,XBTUSDT,1,33881.5,-0.0105148601482,1
3.83860416667,2022-01-24T16:50:18.975Z,XBTUSDT,1,33880.5,-0.0105443752156,1
3.83863,2022-01-24T16:50:19.068Z,XBTUSDT,1,33880.5,-0.0105443752156,1
3.83863861111,2022-01-24T16:50:19.099Z,XBTUSDT,1,33880.5,-0.0105443752156,1
3.85456555556,2022-01-24T16:51:16.436Z,XBTUSDT,1,33959,-0.00823008825781,1
3.85494388889,2022-01-24T16:51:17.798Z,XBTUSDT,1,33959,-0.00823008825781,1
3.85502555556,2022-01-24T16:51:18.092Z,XBTUSDT,1,33959,-0.00823008825781,1
3.85543555556,2022-01-24T16:51:19.568Z,XBTUSDT,1,33959,-0.00823008825781,1
3.85547861111,2022-01-24T16:51:19.723Z,XBTUSDT,1,33965.3555556,-0.00804295197887,2
3.85551388889,2022-01-24T16:51:19.850Z,XBTUSDT,1,33965.5,-0.0080386992886,1
3.8563,2022-01-24T16:51:22.680Z,XBTUSDT,1,33945,-0.00864243510626,1
3.85989916667,2022-01-24T16:51:35.637Z,XBTUSDT,1,33954.5,-0.00836260977435,1
3.85993138889,2022-01-24T16:51:35.753Z,XBTUSDT,1,33954.5,-0.00836260977435,1
3.85995166667,2022-01-24T16:51:35.826Z,XBTUSDT,1,33954.5,-0.00836260977435,1
3.85998416667,2022-01-24T16:51:35.943Z,XBTUSDT,1,33954.5,-0.00836260977435,1
3.86000888889,2022-01-24T16:51:36.032Z,XBTUSDT,1,33954.5,-0.00836260977435,1
3.86246833333,2022-01-24T16:51:44.886Z,XBTUSDT,1,33920,-0.00937919193617,1
3.86246972222,2022-01-24T16:51:44.891Z,XBTUSDT,1,33920,-0.00937919193617,1
3.86382888889,2022-01-24T16:51:49.784Z,XBTUSDT,1,33865.7692308,-0.0109792558262,2
3.86401916667,2022-01-24T16:51:50.469Z,XBTUSDT,1,33864.5,-0.0110167348081,1
3.86428305556,2022-01-24T16:51:51.419Z,XBTUSDT,1,33890,-0.0102640172409,1
3.86431472222,2022-01-24T16:51:51.533Z,XBTUSDT,1,33890,-0.0102640172409,1
3.86485638889,2022-01-24T16:51:53.483Z,XBTUSDT,1,33868.5,-0.0108986239905,2
3.86509611111,2022-01-24T16:51:54.346Z,XBTUSDT,1,33868.5,-0.0108986239905,1
3.86515194444,2022-01-24T16:51:54.547Z,XBTUSDT,1,33868.5,-0.0108986239905,1
3.8653475,2022-01-24T16:51:55.251Z,XBTUSDT,1,33868.5,-0.0108986239905,1
3.86545277778,2022-01-24T16:51:55.630Z,XBTUSDT,1,33868.5,-0.0108986239905,1
3.86649388889,2022-01-24T16:51:59.378Z,XBTUSDT,1,33899.5,-0.00998373784477,1
3.86994888889,2022-01-24T16:52:11.816Z,XBTUSDT,1,33874,-0.0107362443909,1
3.87013583333,2022-01-24T16:52:12.489Z,XBTUSDT,1,33890.5,-0.0102492637351,1
3.8703525,2022-01-24T16:52:13.269Z,XBTUSDT,1,33890.5,-0.0102492637351,1
3.87035555556,2022-01-24T16:52:13.280Z,XBTUSDT,1,33890.5,-0.0102492637351,1
3.87036555556,2022-01-24T16:52:13.316Z,XBTUSDT,1,33890.5,-0.0102492637351,1
3.871045,2022-01-24T16:52:15.762Z,XBTUSDT,1,33911.5,-0.00962981296163,1
3.87119361111,2022-01-24T16:52:16.297Z,XBTUSDT,1,33911.5,-0.00962981296163,1
3.87285416667,2022-01-24T16:52:22.275Z,XBTUSDT,1,33911.5,-0.00962981296163,1
3.87293,2022-01-24T16:52:22.548Z,XBTUSDT,1,33911.5,-0.00962981296163,1
3.87293333333,2022-01-24T16:52:22.560Z,XBTUSDT,1,33911.5,-0.00962981296163,1
3.87294277778,2022-01-24T16:52:22.594Z,XBTUSDT,1,33915,-0.00952660846183,1
3.87372527778,2022-01-24T16:52:25.411Z,XBTUSDT,1,33925.5,-0.00921705885403,1
3.87506861111,2022-01-24T16:52:30.247Z,XBTUSDT,1,33943,-0.00870135568134,1
3.87766555556,2022-01-24T16:52:39.596Z,XBTUSDT,1,33950,-0.00849514885516,1
3.88035222222,2022-01-24T16:52:49.268Z,XBTUSDT,1,33950,-0.00849514885516,1
3.88037722222,2022-01-24T16:52:49.358Z,XBTUSDT,1,33950,-0.00849514885516,1
3.88162388889,2022-01-24T16:52:53.846Z,XBTUSDT,1,33967,-0.00799453780476,1
3.881625,2022-01-24T16:52:53.850Z,XBTUSDT,1,33967,-0.00799453780476,1
3.88299694444,2022-01-24T16:52:58.789Z,XBTUSDT,1,33971.5,-0.00786206505348,1
3.88299888889,2022-01-24T16:52:58.796Z,XBTUSDT,1,33971.5,-0.00786206505348,1
3.88300861111,2022-01-24T16:52:58.831Z,XBTUSDT,1,33971.5,-0.00786206505348,1
3.88315611111,2022-01-24T16:52:59.362Z,XBTUSDT,1,33981,-0.00758245797318,1
3.88453166667,2022-01-24T16:53:04.314Z,XBTUSDT,1,33971.5,-0.00786206505348,1
3.88453333333,2022-01-24T16:53:04.320Z,XBTUSDT,1,33971.5,-0.00786206505348,1
3.88453472222,2022-01-24T16:53:04.325Z,XBTUSDT,1,33971.5,-0.00786206505348,1
3.88453555556,2022-01-24T16:53:04.328Z,XBTUSDT,1,33971.5,-0.00786206505348,1
3.88454305556,2022-01-24T16:53:04.355Z,XBTUSDT,1,33971.5,-0.00786206505348,1
3.88610305556,2022-01-24T16:53:09.971Z,XBTUSDT,1,33974.5,-0.00777375963441,1
3.88612944444,2022-01-24T16:53:10.066Z,XBTUSDT,1,33980,-0.00761188661608,1
3.8861525,2022-01-24T16:53:10.149Z,XBTUSDT,1,33980,-0.00761188661608,1
3.88807916667,2022-01-24T16:53:17.085Z,XBTUSDT,1,33992,-0.00725880004736,1
3.88808138889,2022-01-24T16:53:17.093Z,XBTUSDT,1,33992,-0.00725880004736,1
3.88835611111,2022-01-24T16:53:18.082Z,XBTUSDT,1,33992.5,-0.00724409081216,1
3.8884325,2022-01-24T16:53:18.357Z,XBTUSDT,1,33998,-0.00708230350329,1
3.88848833333,2022-01-24T16:53:18.558Z,XBTUSDT,1,33998,-0.00708230350329,1
3.88922888889,2022-01-24T16:53:21.224Z,XBTUSDT,1,33998,-0.00708230350329,1
3.89070972222,2022-01-24T16:53:26.555Z,XBTUSDT,1,34035,-0.00599459595995,2
3.89074555556,2022-01-24T16:53:26.684Z,XBTUSDT,1,34042.5,-0.00577425884327,1
3.89080416667,2022-01-24T16:53:26.895Z,XBTUSDT,1,34042,-0.00578894647409,2
3.89083972222,2022-01-24T16:53:27.023Z,XBTUSDT,1,34042.5,-0.00577425884327,1
3.89084055556,2022-01-24T16:53:27.026Z,XBTUSDT,1,34042.5,-0.00577425884327,1
3.89084972222,2022-01-24T16:53:27.059Z,XBTUSDT,1,34042.5,-0.00577425884327,1
3.89085111111,2022-01-24T16:53:27.064Z,XBTUSDT,1,34042.5,-0.00577425884327,1
3.89085166667,2022-01-24T16:53:27.066Z,XBTUSDT,1,34042.5,-0.00577425884327,1
3.89146222222,2022-01-24T16:53:29.264Z,XBTUSDT,1,34072.6,-0.00489046062646,2
3.89147611111,2022-01-24T16:53:29.314Z,XBTUSDT,1,34074,-0.00484937273652,1
3.89199444444,2022-01-24T16:53:31.180Z,XBTUSDT,1,34043,-0.00575957142819,1
3.89513027778,2022-01-24T16:53:42.469Z,XBTUSDT,1,34023,-0.00634723635856,1
3.89513361111,2022-01-24T16:53:42.481Z,XBTUSDT,1,34023,-0.00634723635856,1
3.895135,2022-01-24T16:53:42.486Z,XBTUSDT,1,34023,-0.00634723635856,1
3.8952425,2022-01-24T16:53:42.873Z,XBTUSDT,1,34028.5,-0.00618559407259,1
3.89526222222,2022-01-24T16:53:42.944Z,XBTUSDT,1,34028.5,-0.00618559407259,1
3.89530416667,2022-01-24T16:53:43.095Z,XBTUSDT,1,34028.5,-0.00618559407259,1
3.89532888889,2022-01-24T16:53:43.184Z,XBTUSDT,1,34028.5,-0.00618559407259,1
3.89535694444,2022-01-24T16:53:43.285Z,XBTUSDT,1,34028.5,-0.00618559407259,1
3.89738555556,2022-01-24T16:53:50.588Z,XBTUSDT,1,34039.5,-0.00586238786422,1
3.89805666667,2022-01-24T16:53:53.004Z,XBTUSDT,1,34039.5,-0.00586238786422,1
3.89812083333,2022-01-24T16:53:53.235Z,XBTUSDT,1,34040.3333333,-0.00583790680154,2
3.90275861111,2022-01-24T16:54:09.931Z,XBTUSDT,1,34044.5,-0.0057155104772,1
3.90279611111,2022-01-24T16:54:10.066Z,XBTUSDT,1,34044.5,-0.0057155104772,1
3.9039375,2022-01-24T16:54:14.175Z,XBTUSDT,1,34044.5,-0.0057155104772,1
3.90486305556,2022-01-24T16:54:17.507Z,XBTUSDT,1,34074.5,-0.00483469889924,1
3.90550666667,2022-01-24T16:54:19.824Z,XBTUSDT,1,34086,-0.00449726005682,1
3.90551916667,2022-01-24T16:54:19.869Z,XBTUSDT,1,34083.5,-0.00457060664147,1
3.90553888889,2022-01-24T16:54:19.940Z,XBTUSDT,1,34083.5,-0.00457060664147,1
3.90554638889,2022-01-24T16:54:19.967Z,XBTUSDT,1,34085.5,-0.00451192894338,1
3.90564333333,2022-01-24T16:54:20.316Z,XBTUSDT,1,34085.5,-0.00451192894338,1
3.90653611111,2022-01-24T16:54:23.530Z,XBTUSDT,1,34063.5,-0.00515757306917,1
3.90843555556,2022-01-24T16:54:30.368Z,XBTUSDT,1,34104,-0.00396932339696,1
3.90849777778,2022-01-24T16:54:30.592Z,XBTUSDT,1,34104,-0.00396932339696,1
3.9133375,2022-01-24T16:54:48.015Z,XBTUSDT,1,34134.215,-0.00308374917804,7
3.91784111111,2022-01-24T16:55:04.228Z,XBTUSDT,1,34200.5,-0.00114373901514,1
3.91784194444,2022-01-24T16:55:04.231Z,XBTUSDT,1,34200.5,-0.00114373901514,1
3.91789805556,2022-01-24T16:55:04.433Z,XBTUSDT,1,34219,-0.000602957499609,1
3.91789972222,2022-01-24T16:55:04.439Z,XBTUSDT,1,34219,-0.000602957499609,1
3.91792055556,2022-01-24T16:55:04.514Z,XBTUSDT,1,34219,-0.000602957499609,1
3.91793722222,2022-01-24T16:55:04.574Z,XBTUSDT,1,34219,-0.000602957499609,1
3.91848611111,2022-01-24T16:55:06.550Z,XBTUSDT,1,34241.2389758,4.67328004206e-05,2
3.92000916667,2022-01-24T16:55:12.033Z,XBTUSDT,1,34227.4166667,-0.000357023026513,2
3.92009972222,2022-01-24T16:55:12.359Z,XBTUSDT,1,34237,-7.70722473344e-05,1
3.92011555556,2022-01-24T16:55:12.416Z,XBTUSDT,1,34240,1.05484136732e-05,1
3.92057666667,2022-01-24T16:55:14.076Z,XBTUSDT,1,34237,-7.70722473344e-05,1
3.92057888889,2022-01-24T16:55:14.084Z,XBTUSDT,1,34237,-7.70722473344e-05,1
3.92268388889,2022-01-24T16:55:21.662Z,XBTUSDT,1,34220.5,-0.000559123164168,1
3.92325194444,2022-01-24T16:55:23.707Z,XBTUSDT,1,34220.5,-0.000559123164168,1
3.93506611111,2022-01-24T16:56:06.238Z,XBTUSDT,1,34318,0.00228599500356,1
3.945985,2022-01-24T16:56:45.546Z,XBTUSDT,1,34398.6965,0.00463466835969,4
3.95254305556,2022-01-24T16:57:09.155Z,XBTUSDT,1,34360,0.00350909425619,1
3.95374444444,2022-01-24T16:57:13.480Z,XBTUSDT,1,34359.2019531,0.00348586794236,8
3.95551916667,2022-01-24T16:57:19.869Z,XBTUSDT,1,34333.245,0.00273012388281,2
3.97194916667,2022-01-24T16:58:19.017Z,XBTUSDT,1,34274,0.00100304637879,1
3.97197555556,2022-01-24T16:58:19.112Z,XBTUSDT,1,34274,0.00100304637879,1
3.97199638889,2022-01-24T16:58:19.187Z,XBTUSDT,1,34274,0.00100304637879,1
3.98713166667,2022-01-24T16:59:13.674Z,XBTUSDT,1,34293.5,0.00157182898062,1
3.99799111111,2022-01-24T16:59:52.768Z,XBTUSDT,1,34383,0.0041782533228,1
4.00118777778,2022-01-24T17:00:04.276Z,XBTUSDT,1,34376.5,0.00398918853847,1
4.00529527778,2022-01-24T17:00:19.063Z,XBTUSDT,1,34363.5,0.00361095169951,1
4.00536138889,2022-01-24T17:00:19.301Z,XBTUSDT,1,34337.18,0.00284472926073,2
4.00566972222,2022-01-24T17:00:20.411Z,XBTUSDT,1,34331.5,0.00267929721768,1
4.013235,2022-01-24T17:00:47.646Z,XBTUSDT,1,34379.5,0.00407645364993,1
4.01771555556,2022-01-24T17:01:03.776Z,XBTUSDT,1,34412.5,0.00503586760886,1
4.02186722222,2022-01-24T17:01:18.722Z,XBTUSDT,1,34382.5,0.00416371114686,1
4.02187138889,2022-01-24T17:01:18.737Z,XBTUSDT,1,34382.5,0.00416371114686,1
4.02188944444,2022-01-24T17:01:18.802Z,XBTUSDT,1,34382.5,0.00416371114686,1
4.02190333333,2022-01-24T17:01:18.852Z,XBTUSDT,1,34382.5,0.00416371114686,1
4.02190722222,2022-01-24T17:01:18.866Z,XBTUSDT,1,34382.5,0.00416371114686,1
4.02197388889,2022-01-24T17:01:19.106Z,XBTUSDT,1,34382.5,0.00416371114686,1
4.02197611111,2022-01-24T17:01:19.114Z,XBTUSDT,1,34382.5,0.00416371114686,1
4.02204472222,2022-01-24T17:01:19.361Z,XBTUSDT,1,34382.5,0.00416371114686,1
4.02211055556,2022-01-24T17:01:19.598Z,XBTUSDT,1,34382.5,0.00416371114686,1
4.02211166667,2022-01-24T17:01:19.602Z,XBTUSDT,1,34382.5,0.00416371114686,1
4.02500972222,2022-01-24T17:01:30.035Z,XBTUSDT,1,34376,0.00397464361282,1
4.02838888889,2022-01-24T17:01:42.200Z,XBTUSDT,1,34345,0.00307244480598,1
4.02862,2022-01-24T17:01:43.032Z,XBTUSDT,1,34338.5,0.00288317081675,1
4.02863,2022-01-24T17:01:43.068Z,XBTUSDT,1,34338.5,0.00288317081675,1
4.03075777778,2022-01-24T17:01:50.728Z,XBTUSDT,1,34322,0.00240254512024,1
4.0308075,2022-01-24T17:01:50.907Z,XBTUSDT,1,34322,0.00240254512024,1
4.05129138889,2022-01-24T17:03:04.649Z,XBTUSDT,1,34325.5,0.00250451533046,1
4.05164361111,2022-01-24T17:03:05.917Z,XBTUSDT,1,34325.5,0.00250451533046,1
4.052095,2022-01-24T17:03:07.542Z,XBTUSDT,1,34325.5,0.00250451533046,1
4.05211333333,2022-01-24T17:03:07.608Z,XBTUSDT,1,34325.5,0.00250451533046,1
4.05211833333,2022-01-24T17:03:07.626Z,XBTUSDT,1,34325.5,0.00250451533046,1
4.05212027778,2022-01-24T17:03:07.633Z,XBTUSDT,1,34325.5,0.00250451533046,1
4.05213111111,2022-01-24T17:03:07.672Z,XBTUSDT,1,34325.5,0.00250451533046,1
4.05214472222,2022-01-24T17:03:07.721Z,XBTUSDT,1,34325.5,0.00250451533046,1
4.05220555556,2022-01-24T17:03:07.940Z,XBTUSDT,1,34325.5,0.00250451533046,1
4.05221611111,2022-01-24T17:03:07.978Z,XBTUSDT,1,34325.5,0.00250451533046,1
4.06116527778,2022-01-24T17:03:40.195Z,XBTUSDT,1,34341.5,0.00297053249415,1
4.06116694444,2022-01-24T17:03:40.201Z,XBTUSDT,1,34341.5,0.00297053249415,1
4.06116805556,2022-01-24T17:03:40.205Z,XBTUSDT,1,34341.5,0.00297053249415,1
4.06117638889,2022-01-24T17:03:40.235Z,XBTUSDT,1,34341.5,0.00297053249415,1
4.06117722222,2022-01-24T17:03:40.238Z,XBTUSDT,1,34341.5,0.00297053249415,1
4.06157777778,2022-01-24T17:03:41.680Z,XBTUSDT,1,34293,0.00155724885188,1
4.06237888889,2022-01-24T17:03:44.564Z,XBTUSDT,1,34287,0.0013822707237,1
4.06566555556,2022-01-24T17:03:56.396Z,XBTUSDT,1,34324,0.00246081508501,1
4.06686055556,2022-01-24T17:04:00.698Z,XBTUSDT,1,34325,0.00248994879417,1
4.06702277778,2022-01-24T17:04:01.282Z,XBTUSDT,1,34323,0.00243168052705,1
4.06702638889,2022-01-24T17:04:01.295Z,XBTUSDT,1,34323,0.00243168052705,1
4.0670275,2022-01-24T17:04:01.299Z,XBTUSDT,1,34323,0.00243168052705,1
4.06702833333,2022-01-24T17:04:01.302Z,XBTUSDT,1,34323,0.00243168052705,1
4.06705,2022-01-24T17:04:01.380Z,XBTUSDT,1,34323,0.00243168052705,1
4.06706833333,2022-01-24T17:04:01.446Z,XBTUSDT,1,34323,0.00243168052705,1
4.06706861111,2022-01-24T17:04:01.447Z,XBTUSDT,1,34323,0.00243168052705,1
4.06707277778,2022-01-24T17:04:01.462Z,XBTUSDT,1,34323,0.00243168052705,1
4.06707583333,2022-01-24T17:04:01.473Z,XBTUSDT,1,34323,0.00243168052705,1
4.06707861111,2022-01-24T17:04:01.483Z,XBTUSDT,1,34323,0.00243168052705,1
4.06707972222,2022-01-24T17:04:01.487Z,XBTUSDT,1,34323,0.00243168052705,1
4.06708083333,2022-01-24T17:04:01.491Z,XBTUSDT,1,34323,0.00243168052705,1
4.06708388889,2022-01-24T17:04:01.502Z,XBTUSDT,1,34323,0.00243168052705,1
4.0690125,2022-01-24T17:04:08.445Z,XBTUSDT,1,34320.3275,0.00235381425516,2
4.06920527778,2022-01-24T17:04:09.139Z,XBTUSDT,1,34306.175,0.00194136426324,3
4.06956916667,2022-01-24T17:04:10.449Z,XBTUSDT,1,34299,0.00173219636807,1
4.07988861111,2022-01-24T17:04:47.599Z,XBTUSDT,1,34354,0.00333445735497,1
4.07991583333,2022-01-24T17:04:47.697Z,XBTUSDT,1,34330.507732,0.00265039424574,4
4.08011555556,2022-01-24T17:04:48.416Z,XBTUSDT,1,34324,0.00246081508501,1
4.08039055556,2022-01-24T17:04:49.406Z,XBTUSDT,1,34325,0.00248994879417,1
4.08364555556,2022-01-24T17:05:01.124Z,XBTUSDT,1,34370.5,0.00381463546661,1
4.08364666667,2022-01-24T17:05:01.128Z,XBTUSDT,1,34370.5,0.00381463546661,1
4.08495555556,2022-01-24T17:05:05.840Z,XBTUSDT,1,34352,0.00327623827656,1
4.0874825,2022-01-24T17:05:14.937Z,XBTUSDT,1,34340,0.00292685260946,2
4.08750555556,2022-01-24T17:05:15.020Z,XBTUSDT,1,34329,0.00260647514382,1
4.08757444444,2022-01-24T17:05:15.268Z,XBTUSDT,1,34317.0375587,0.00225794981414,3
4.08760638889,2022-01-24T17:05:15.383Z,XBTUSDT,1,34313,0.00214028825271,1
4.08910777778,2022-01-24T17:05:20.788Z,XBTUSDT,1,34268.535,0.000843583353047,2
4.09624527778,2022-01-24T17:05:46.483Z,XBTUSDT,1,34315,0.00219857350073,1
4.09624944444,2022-01-24T17:05:46.498Z,XBTUSDT,1,34315,0.00219857350073,1
4.13127194444,2022-01-24T17:07:52.579Z,XBTUSDT,1,34304,0.00187796258847,1
4.15486194444,2022-01-24T17:09:17.503Z,XBTUSDT,1,34273,0.000973869317793,1
4.15488361111,2022-01-24T17:09:17.581Z,XBTUSDT,1,34271,0.000915512641772,1
4.15490027778,2022-01-24T17:09:17.641Z,XBTUSDT,1,34271,0.000915512641772,1
4.15491527778,2022-01-24T17:09:17.695Z,XBTUSDT,1,34271,0.000915512641772,1
4.16286666667,2022-01-24T17:09:46.320Z,XBTUSDT,1,34277,0.00109057245432,1
4.18532111111,2022-01-24T17:11:07.156Z,XBTUSDT,1,34295.5,0.00163014736989,1
4.20622944444,2022-01-24T17:12:22.426Z,XBTUSDT,1,34333.6,0.00274046366179,2
4.20668694444,2022-01-24T17:12:24.073Z,XBTUSDT,1,34315,0.00219857350073,1
4.22975888889,2022-01-24T17:13:47.132Z,XBTUSDT,1,34187,-0.00153854801314,1
4.22976222222,2022-01-24T17:13:47.144Z,XBTUSDT,1,34187,-0.00153854801314,1
4.25112972222,2022-01-24T17:15:04.067Z,XBTUSDT,1,34274.2857143,0.00101138252557,3
4.25172444444,2022-01-24T17:15:06.208Z,XBTUSDT,1,34250.5,0.000317160281954,1
4.25172861111,2022-01-24T17:15:06.223Z,XBTUSDT,1,34250.5,0.000317160281954,1
4.25177388889,2022-01-24T17:15:06.386Z,XBTUSDT,1,34235,-0.000135490286842,1
4.25182055556,2022-01-24T17:15:06.554Z,XBTUSDT,1,34226,-0.000398413704609,1
4.25184583333,2022-01-24T17:15:06.645Z,XBTUSDT,1,34226,-0.000398413704609,1
4.25584611111,2022-01-24T17:15:21.046Z,XBTUSDT,1,34244.5,0.000141965011778,1
4.33794138889,2022-01-24T17:20:16.589Z,XBTUSDT,1,34345,0.00307244480598,1
4.33810111111,2022-01-24T17:20:17.164Z,XBTUSDT,1,34345,0.00307244480598,1
4.34238,2022-01-24T17:20:32.568Z,XBTUSDT,1,34324.5,0.00247538204568,1
4.34891,2022-01-24T17:20:56.076Z,XBTUSDT,1,34320.5,0.00235884041834,1
4.35806361111,2022-01-24T17:21:29.029Z,XBTUSDT,1,34445,0.00597984618529,1
4.36676583333,2022-01-24T17:22:00.357Z,XBTUSDT,1,34523.7118644,0.00826238551227,2
4.36699888889,2022-01-24T17:22:01.196Z,XBTUSDT,1,34533.5,0.00854586454058,1
4.367595,2022-01-24T17:22:03.342Z,XBTUSDT,1,34533.5,0.00854586454058,1
4.36762638889,2022-01-24T17:22:03.455Z,XBTUSDT,1,34542,0.00879197206186,1
4.38087583333,2022-01-24T17:22:51.153Z,XBTUSDT,1,34594.5,0.0103107070308,1
4.38851361111,2022-01-24T17:23:18.649Z,XBTUSDT,1,34554.5,0.00915378489279,1
4.38851722222,2022-01-24T17:23:18.662Z,XBTUSDT,1,34554.5,0.00915378489279,1
4.38852277778,2022-01-24T17:23:18.682Z,XBTUSDT,1,34554.5,0.00915378489279,1
4.39383916667,2022-01-24T17:23:37.821Z,XBTUSDT,1,34569.35,0.00958344846704,2
4.3940075,2022-01-24T17:23:38.427Z,XBTUSDT,1,34568.5,0.00955885990954,1
4.41774111111,2022-01-24T17:25:03.868Z,XBTUSDT,1,34520.4525,0.00816797161244,2
4.42445111111,2022-01-24T17:25:28.024Z,XBTUSDT,1,34490.5,0.00729992093944,1
4.430845,2022-01-24T17:25:51.042Z,XBTUSDT,1,34512.5,0.0079375743964,1
4.44891916667,2022-01-24T17:26:56.109Z,XBTUSDT,1,34519.5,0.00814037889356,1
4.46016888889,2022-01-24T17:27:36.608Z,XBTUSDT,1,34583.3773437,0.00998914017238,3
4.46240388889,2022-01-24T17:27:44.654Z,XBTUSDT,1,34625,0.0111919616476,1
4.46291138889,2022-01-24T17:27:46.481Z,XBTUSDT,1,34638.5,0.0115817773564,1
4.46383138889,2022-01-24T17:27:49.793Z,XBTUSDT,1,34639.4150943,0.0116081954245,2
4.47916972222,2022-01-24T17:28:45.011Z,XBTUSDT,1,34700,0.0133556840929,1
4.47963027778,2022-01-24T17:28:46.669Z,XBTUSDT,1,34718.5,0.013888683234,1
4.481275,2022-01-24T17:28:52.590Z,XBTUSDT,1,34758.7636834,0.0150477296848,4
4.48608944444,2022-01-24T17:29:09.922Z,XBTUSDT,1,34645,0.0117694122195,1
4.49601416667,2022-01-24T17:29:45.651Z,XBTUSDT,1,34621.4386719,0.0110891021159,4
4.4960775,2022-01-24T17:29:45.879Z,XBTUSDT,1,34613.5,0.0108597765164,1
4.50059944444,2022-01-24T17:30:02.158Z,XBTUSDT,1,34622.5,0.0111197568749,1
4.50060305556,2022-01-24T17:30:02.171Z,XBTUSDT,1,34622.5,0.0111197568749,1
4.50060555556,2022-01-24T17:30:02.180Z,XBTUSDT,1,34622.5,0.0111197568749,1
4.50060638889,2022-01-24T17:30:02.183Z,XBTUSDT,1,34622.5,0.0111197568749,1
4.5006125,2022-01-24T17:30:02.205Z,XBTUSDT,1,34622.5,0.0111197568749,1
4.50061305556,2022-01-24T17:30:02.207Z,XBTUSDT,1,34622.5,0.0111197568749,1
4.50061638889,2022-01-24T17:30:02.219Z,XBTUSDT,1,34622.5,0.0111197568749,1
4.50061777778,2022-01-24T17:30:02.224Z,XBTUSDT,1,34622.5,0.0111197568749,1
4.53102472222,2022-01-24T17:31:51.689Z,XBTUSDT,1,34616.5,0.0109464441461,1
4.53131361111,2022-01-24T17:31:52.729Z,XBTUSDT,1,34633,0.0114229818918,1
4.53131472222,2022-01-24T17:31:52.733Z,XBTUSDT,1,34633,0.0114229818918,1
4.53132305556,2022-01-24T17:31:52.763Z,XBTUSDT,1,34633,0.0114229818918,1
4.53212,2022-01-24T17:31:55.632Z,XBTUSDT,1,34714.7585937,0.0137809133748,4
4.55214222222,2022-01-24T17:33:07.712Z,XBTUSDT,1,34761,0.0151120658232,1
4.55308111111,2022-01-24T17:33:11.092Z,XBTUSDT,1,34773.5,0.0154715995837,1
4.55904861111,2022-01-24T17:33:32.575Z,XBTUSDT,1,34767,0.0152846581605,1
4.56009444444,2022-01-24T17:33:36.340Z,XBTUSDT,1,34800,0.0162333839206,2
4.56859444444,2022-01-24T17:34:06.940Z,XBTUSDT,1,34767,0.0152846581605,1
4.568595,2022-01-24T17:34:06.942Z,XBTUSDT,1,34767,0.0152846581605,1
4.56868444444,2022-01-24T17:34:07.264Z,XBTUSDT,1,34775.5,0.0155291129915,1
4.56869305556,2022-01-24T17:34:07.295Z,XBTUSDT,1,34791.8326754,0.0159986631413,8
4.56875888889,2022-01-24T17:34:07.532Z,XBTUSDT,1,34786.65,0.0158496896297,2
4.56876777778,2022-01-24T17:34:07.564Z,XBTUSDT,1,34807.5,0.0164488779414,2
4.56878111111,2022-01-24T17:34:07.612Z,XBTUSDT,1,34819.4481481,0.0167920826512,2
4.56944611111,2022-01-24T17:34:10.006Z,XBTUSDT,1,34821.0491991,0.0168380631079,4
4.577245,2022-01-24T17:34:38.082Z,XBTUSDT,1,34860,0.017956037232,1
4.57849083333,2022-01-24T17:34:42.567Z,XBTUSDT,1,34884,0.0186442685049,1
4.58194722222,2022-01-24T17:34:55.010Z,XBTUSDT,1,34876,0.0184149107057,1
4.58195527778,2022-01-24T17:34:55.039Z,XBTUSDT,1,34876,0.0184149107057,1
4.58195722222,2022-01-24T17:34:55.046Z,XBTUSDT,1,34876,0.0184149107057,1
4.5819575,2022-01-24T17:34:55.047Z,XBTUSDT,1,34876,0.0184149107057,1
4.58195805556,2022-01-24T17:34:55.049Z,XBTUSDT,1,34876,0.0184149107057,1
4.58195888889,2022-01-24T17:34:55.052Z,XBTUSDT,1,34876,0.0184149107057,1
4.58196138889,2022-01-24T17:34:55.061Z,XBTUSDT,1,34876,0.0184149107057,1
4.58196277778,2022-01-24T17:34:55.066Z,XBTUSDT,1,34876,0.0184149107057,1
4.58196361111,2022-01-24T17:34:55.069Z,XBTUSDT,1,34876,0.0184149107057,1
4.58196472222,2022-01-24T17:34:55.073Z,XBTUSDT,1,34876,0.0184149107057,1
4.58196583333,2022-01-24T17:34:55.077Z,XBTUSDT,1,34876,0.0184149107057,1
4.58196666667,2022-01-24T17:34:55.080Z,XBTUSDT,1,34876,0.0184149107057,1
4.58197027778,2022-01-24T17:34:55.093Z,XBTUSDT,1,34876,0.0184149107057,1
4.58200583333,2022-01-24T17:34:55.221Z,XBTUSDT,1,34876,0.0184149107057,1
4.58203527778,2022-01-24T17:34:55.327Z,XBTUSDT,1,34876,0.0184149107057,1
4.58215277778,2022-01-24T17:34:55.750Z,XBTUSDT,1,34876,0.0184149107057,1
4.58485805556,2022-01-24T17:35:05.489Z,XBTUSDT,1,34876,0.0184149107057,1
4.58485916667,2022-01-24T17:35:05.493Z,XBTUSDT,1,34876,0.0184149107057,1
4.58486305556,2022-01-24T17:35:05.507Z,XBTUSDT,1,34876,0.0184149107057,1
4.58486388889,2022-01-24T17:35:05.510Z,XBTUSDT,1,34876,0.0184149107057,1
4.58487111111,2022-01-24T17:35:05.536Z,XBTUSDT,1,34876,0.0184149107057,1
4.58489694444,2022-01-24T17:35:05.629Z,XBTUSDT,1,34876,0.0184149107057,1
4.58490722222,2022-01-24T17:35:05.666Z,XBTUSDT,1,34876,0.0184149107057,1
4.58492055556,2022-01-24T17:35:05.714Z,XBTUSDT,1,34876,0.0184149107057,1
4.58499861111,2022-01-24T17:35:05.995Z,XBTUSDT,1,34876,0.0184149107057,1
4.58500027778,2022-01-24T17:35:06.001Z,XBTUSDT,1,34876,0.0184149107057,1
4.58501972222,2022-01-24T17:35:06.071Z,XBTUSDT,1,34876,0.0184149107057,1
4.58504472222,2022-01-24T17:35:06.161Z,XBTUSDT,1,34876,0.0184149107057,1
4.58504972222,2022-01-24T17:35:06.179Z,XBTUSDT,1,34876,0.0184149107057,1
4.58531,2022-01-24T17:35:07.116Z,XBTUSDT,1,34876,0.0184149107057,1
4.58531083333,2022-01-24T17:35:07.119Z,XBTUSDT,1,34876,0.0184149107057,1
4.58531166667,2022-01-24T17:35:07.122Z,XBTUSDT,1,34876,0.0184149107057,1
4.58531222222,2022-01-24T17:35:07.124Z,XBTUSDT,1,34876,0.0184149107057,1
4.58531277778,2022-01-24T17:35:07.126Z,XBTUSDT,1,34876,0.0184149107057,1
4.58531305556,2022-01-24T17:35:07.127Z,XBTUSDT,1,34876,0.0184149107057,1
4.58531388889,2022-01-24T17:35:07.130Z,XBTUSDT,1,34876,0.0184149107057,1
4.58531611111,2022-01-24T17:35:07.138Z,XBTUSDT,1,34876,0.0184149107057,1
4.58531805556,2022-01-24T17:35:07.145Z,XBTUSDT,1,34876,0.0184149107057,1
4.58531861111,2022-01-24T17:35:07.147Z,XBTUSDT,1,34876,0.0184149107057,1
4.58531944444,2022-01-24T17:35:07.150Z,XBTUSDT,1,34876,0.0184149107057,1
4.58532083333,2022-01-24T17:35:07.155Z,XBTUSDT,1,34876,0.0184149107057,1
4.58532222222,2022-01-24T17:35:07.160Z,XBTUSDT,1,34876,0.0184149107057,1
4.58532305556,2022-01-24T17:35:07.163Z,XBTUSDT,1,34876,0.0184149107057,1
4.58532333333,2022-01-24T17:35:07.164Z,XBTUSDT,1,34876,0.0184149107057,1
4.58532472222,2022-01-24T17:35:07.169Z,XBTUSDT,1,34876,0.0184149107057,1
4.58532555556,2022-01-24T17:35:07.172Z,XBTUSDT,1,34876,0.0184149107057,1
4.58532666667,2022-01-24T17:35:07.176Z,XBTUSDT,1,34876,0.0184149107057,1
4.58532694444,2022-01-24T17:35:07.177Z,XBTUSDT,1,34876,0.0184149107057,1
4.5853275,2022-01-24T17:35:07.179Z,XBTUSDT,1,34876,0.0184149107057,1
4.58533027778,2022-01-24T17:35:07.189Z,XBTUSDT,1,34876,0.0184149107057,1
4.58541583333,2022-01-24T17:35:07.497Z,XBTUSDT,1,34836.5,0.0172816848358,1
4.59443722222,2022-01-24T17:35:39.974Z,XBTUSDT,1,34767,0.0152846581605,1
4.59957777778,2022-01-24T17:35:58.480Z,XBTUSDT,1,34767,0.0152846581605,1
4.59957972222,2022-01-24T17:35:58.487Z,XBTUSDT,1,34767,0.0152846581605,1
4.59958027778,2022-01-24T17:35:58.489Z,XBTUSDT,1,34767,0.0152846581605,1
4.59958638889,2022-01-24T17:35:58.511Z,XBTUSDT,1,34767,0.0152846581605,1
4.59969638889,2022-01-24T17:35:58.907Z,XBTUSDT,1,34767,0.0152846581605,1
4.59969722222,2022-01-24T17:35:58.910Z,XBTUSDT,1,34767,0.0152846581605,1
4.59996777778,2022-01-24T17:35:59.884Z,XBTUSDT,1,34767,0.0152846581605,1
4.60090444444,2022-01-24T17:36:03.256Z,XBTUSDT,1,34785,0.0158022565157,1
4.60182416667,2022-01-24T17:36:06.567Z,XBTUSDT,1,34781.5,0.0157016333709,2
4.60196111111,2022-01-24T17:36:07.060Z,XBTUSDT,1,34781,0.0156872578093,1
4.60196194444,2022-01-24T17:36:07.063Z,XBTUSDT,1,34781,0.0156872578093,1
4.60197888889,2022-01-24T17:36:07.124Z,XBTUSDT,1,34781,0.0156872578093,1
4.61143388889,2022-01-24T17:36:41.162Z,XBTUSDT,1,34800,0.0162333839206,1
4.62244833333,2022-01-24T17:37:20.814Z,XBTUSDT,1,34767.5,0.0152990395108,1
4.6224725,2022-01-24T17:37:20.901Z,XBTUSDT,1,34767.5,0.0152990395108,1
4.62250388889,2022-01-24T17:37:21.014Z,XBTUSDT,1,34767,0.0152846581605,1
4.62250805556,2022-01-24T17:37:21.029Z,XBTUSDT,1,34767,0.0152846581605,1
4.62251972222,2022-01-24T17:37:21.071Z,XBTUSDT,1,34767,0.0152846581605,1
4.62260166667,2022-01-24T17:37:21.366Z,XBTUSDT,1,34767,0.0152846581605,1
4.62267611111,2022-01-24T17:37:21.634Z,XBTUSDT,1,34767,0.0152846581605,1
4.62320055556,2022-01-24T17:37:23.522Z,XBTUSDT,1,34767,0.0152846581605,1
4.62379638889,2022-01-24T17:37:25.667Z,XBTUSDT,1,34767,0.0152846581605,1
4.62408138889,2022-01-24T17:37:26.693Z,XBTUSDT,1,34767,0.0152846581605,1
4.62420972222,2022-01-24T17:37:27.155Z,XBTUSDT,1,34767,0.0152846581605,1
4.6276275,2022-01-24T17:37:39.459Z,XBTUSDT,1,34780,0.0156585060663,1
4.62763472222,2022-01-24T17:37:39.485Z,XBTUSDT,1,34780,0.0156585060663,1
4.64000972222,2022-01-24T17:38:24.035Z,XBTUSDT,1,34787.5,0.0158741239921,1
4.64138527778,2022-01-24T17:38:28.987Z,XBTUSDT,1,34802.5,0.0163052204207,1
4.65042305556,2022-01-24T17:39:01.523Z,XBTUSDT,1,34820.5052133,0.016822440659,4
4.65806166667,2022-01-24T17:39:29.022Z,XBTUSDT,1,34818.5,0.0167648518619,1
4.65828305556,2022-01-24T17:39:29.819Z,XBTUSDT,1,34818.5,0.0167648518619,1
4.6582925,2022-01-24T17:39:29.853Z,XBTUSDT,1,34818.5,0.0167648518619,1
4.65831638889,2022-01-24T17:39:29.939Z,XBTUSDT,1,34818.5,0.0167648518619,1
4.65831861111,2022-01-24T17:39:29.947Z,XBTUSDT,1,34818.5,0.0167648518619,1
4.65831972222,2022-01-24T17:39:29.951Z,XBTUSDT,1,34818.5,0.0167648518619,1
4.65832055556,2022-01-24T17:39:29.954Z,XBTUSDT,1,34818.5,0.0167648518619,1
4.65832111111,2022-01-24T17:39:29.956Z,XBTUSDT,1,34818.5,0.0167648518619,1
4.65832194444,2022-01-24T17:39:29.959Z,XBTUSDT,1,34818.5,0.0167648518619,1
4.6583225,2022-01-24T17:39:29.961Z,XBTUSDT,1,34818.5,0.0167648518619,1
4.65832333333,2022-01-24T17:39:29.964Z,XBTUSDT,1,34818.5,0.0167648518619,1
4.65832444444,2022-01-24T17:39:29.968Z,XBTUSDT,1,34818.5,0.0167648518619,1
4.65832527778,2022-01-24T17:39:29.971Z,XBTUSDT,1,34818.5,0.0167648518619,1
4.65832972222,2022-01-24T17:39:29.987Z,XBTUSDT,1,34840,0.0173821491244,2
4.65860805556,2022-01-24T17:39:30.989Z,XBTUSDT,1,34840,0.0173821491244,1
4.65970194444,2022-01-24T17:39:34.927Z,XBTUSDT,1,34878.6070313,0.0184896593528,4
4.659745,2022-01-24T17:39:35.082Z,XBTUSDT,1,34882,0.0185869339866,1
4.65975611111,2022-01-24T17:39:35.122Z,XBTUSDT,1,34892.4459459,0.0188863543799,2
4.65976277778,2022-01-24T17:39:35.146Z,XBTUSDT,1,34892.5,0.0188879035408,1
4.65976472222,2022-01-24T17:39:35.153Z,XBTUSDT,1,34892.5,0.0188879035408,1
4.65976916667,2022-01-24T17:39:35.169Z,XBTUSDT,1,34892.5,0.0188879035408,1
4.65978222222,2022-01-24T17:39:35.216Z,XBTUSDT,1,34892.5,0.0188879035408,1
4.65979583333,2022-01-24T17:39:35.265Z,XBTUSDT,1,34904.9285714,0.0192440361896,2
4.65979777778,2022-01-24T17:39:35.272Z,XBTUSDT,1,34918.575,0.0196349197187,3
4.65979888889,2022-01-24T17:39:35.276Z,XBTUSDT,1,34920.5,0.0196900464512,1
4.65980027778,2022-01-24T17:39:35.281Z,XBTUSDT,1,34932.1074766,0.0200223884256,2
4.6598025,2022-01-24T17:39:35.289Z,XBTUSDT,1,34934,0.0200765641463,1
4.65980472222,2022-01-24T17:39:35.297Z,XBTUSDT,1,34934.2357143,0.0200833115411,2
4.65981,2022-01-24T17:39:35.316Z,XBTUSDT,1,34935,0.0201051891445,1
4.65998333333,2022-01-24T17:39:35.940Z,XBTUSDT,1,34949.493538,0.0205199746696,2
4.65998555556,2022-01-24T17:39:35.948Z,XBTUSDT,1,34949.5,0.020520159566,1
4.66018527778,2022-01-24T17:39:36.667Z,XBTUSDT,1,34954.5,0.0206632128965,1
4.66030027778,2022-01-24T17:39:37.081Z,XBTUSDT,1,34941,0.0202769219288,1
4.66033583333,2022-01-24T17:39:37.209Z,XBTUSDT,1,34948.5,0.020491546444,1
4.66043277778,2022-01-24T17:39:37.558Z,XBTUSDT,1,34979,0.0213638785575,1
4.66043361111,2022-01-24T17:39:37.561Z,XBTUSDT,1,34979,0.0213638785575,1
4.66078972222,2022-01-24T17:39:38.843Z,XBTUSDT,1,34961.5,0.0208634531855,1
4.66079055556,2022-01-24T17:39:38.846Z,XBTUSDT,1,34961.5,0.0208634531855,1
4.66148972222,2022-01-24T17:39:41.363Z,XBTUSDT,1,34945.5,0.0204057021655,1
4.66200444444,2022-01-24T17:39:43.216Z,XBTUSDT,1,34936.5,0.0201481251056,1
4.66212527778,2022-01-24T17:39:43.651Z,XBTUSDT,1,34967.4182939,0.02103271918,4
4.66262138889,2022-01-24T17:39:45.437Z,XBTUSDT,1,34970.5,0.0211208460829,1
4.66354694444,2022-01-24T17:39:48.769Z,XBTUSDT,1,34938,0.0201910592232,1
4.67608333333,2022-01-24T17:40:33.900Z,XBTUSDT,1,34960,0.0208205479275,1
4.6760875,2022-01-24T17:40:33.915Z,XBTUSDT,1,34960,0.0208205479275,1
4.67608888889,2022-01-24T17:40:33.920Z,XBTUSDT,1,34960,0.0208205479275,1
4.68561583333,2022-01-24T17:41:08.217Z,XBTUSDT,1,34988,0.0216211426977,1
4.68570638889,2022-01-24T17:41:08.543Z,XBTUSDT,1,34993,0.0217640386269,1
4.68657472222,2022-01-24T17:41:11.669Z,XBTUSDT,1,34985.5,0.0215496870752,1
4.68658388889,2022-01-24T17:41:11.702Z,XBTUSDT,1,34985.5,0.0215496870752,2
4.68903638889,2022-01-24T17:41:20.531Z,XBTUSDT,1,35020,0.0225353239978,1
4.68903666667,2022-01-24T17:41:20.532Z,XBTUSDT,1,35025,0.0226780893632,1
4.68903805556,2022-01-24T17:41:20.537Z,XBTUSDT,1,35025,0.0226780893632,1
4.68905527778,2022-01-24T17:41:20.599Z,XBTUSDT,1,35026.0725806,0.0227087121818,3
4.68957472222,2022-01-24T17:41:22.469Z,XBTUSDT,1,35067.5,0.0238907727518,2
4.69147416667,2022-01-24T17:41:29.307Z,XBTUSDT,1,35098.5,0.024774391656,1
4.69148222222,2022-01-24T17:41:29.336Z,XBTUSDT,1,35100,0.024817127612,1
4.69213416667,2022-01-24T17:41:31.683Z,XBTUSDT,1,35135.5,0.025828012507,1
4.69269138889,2022-01-24T17:41:33.689Z,XBTUSDT,1,35157,0.0264397420847,1
4.69362861111,2022-01-24T17:41:37.063Z,XBTUSDT,1,35187.5,0.02730690304,1
4.6936375,2022-01-24T17:41:37.095Z,XBTUSDT,1,35187,0.0272926933476,1
4.69364138889,2022-01-24T17:41:37.109Z,XBTUSDT,1,35187,0.0272926933476,1
4.69364333333,2022-01-24T17:41:37.116Z,XBTUSDT,1,35187,0.0272926933476,1
4.69364777778,2022-01-24T17:41:37.132Z,XBTUSDT,1,35187,0.0272926933476,1
4.69387777778,2022-01-24T17:41:37.960Z,XBTUSDT,1,35146.8804688,0.0261518623474,5
4.69395583333,2022-01-24T17:41:38.241Z,XBTUSDT,1,35139,0.025927621896,1
4.69396194444,2022-01-24T17:41:38.263Z,XBTUSDT,1,35139,0.025927621896,1
4.69431805556,2022-01-24T17:41:39.545Z,XBTUSDT,1,35102.5,0.0248883501468,1
4.69432027778,2022-01-24T17:41:39.553Z,XBTUSDT,1,35102.5,0.0248883501468,1
4.69627555556,2022-01-24T17:41:46.592Z,XBTUSDT,1,35074,0.0240761123872,1
4.69816611111,2022-01-24T17:41:53.398Z,XBTUSDT,1,35079,0.0242186579664,1
4.69992805556,2022-01-24T17:41:59.741Z,XBTUSDT,1,35078.5,0.0242044043228,1
4.69995694444,2022-01-24T17:41:59.845Z,XBTUSDT,1,35078.5,0.0242044043228,1
4.70009472222,2022-01-24T17:42:00.341Z,XBTUSDT,1,35078.5,0.0242044043228,1
4.70020805556,2022-01-24T17:42:00.749Z,XBTUSDT,1,35078.5,0.0242044043228,1
4.70020833333,2022-01-24T17:42:00.750Z,XBTUSDT,1,35078.5,0.0242044043228,1
4.70022722222,2022-01-24T17:42:00.818Z,XBTUSDT,1,35078.5,0.0242044043228,1
4.70023833333,2022-01-24T17:42:00.858Z,XBTUSDT,1,35049,0.0233630795433,1
4.70040111111,2022-01-24T17:42:01.444Z,XBTUSDT,1,35048.5,0.0233488136992,1
4.70136083333,2022-01-24T17:42:04.899Z,XBTUSDT,1,35078,0.0241901504761,1
4.70610111111,2022-01-24T17:42:21.964Z,XBTUSDT,1,35102,0.0248741060456,1
4.70918888889,2022-01-24T17:42:33.080Z,XBTUSDT,1,35200,0.0276620797442,1
4.71005777778,2022-01-24T17:42:36.208Z,XBTUSDT,1,35188,0.0273211125306,1
4.71342694444,2022-01-24T17:42:48.337Z,XBTUSDT,1,35215,0.0280881253375,1
4.71342888889,2022-01-24T17:42:48.344Z,XBTUSDT,1,35215,0.0280881253375,1
4.71366222222,2022-01-24T17:42:49.184Z,XBTUSDT,1,35222,0.028286884513,1
4.71366333333,2022-01-24T17:42:49.188Z,XBTUSDT,1,35222,0.028286884513,1
4.71366444444,2022-01-24T17:42:49.192Z,XBTUSDT,1,35222,0.028286884513,1
4.71369388889,2022-01-24T17:42:49.298Z,XBTUSDT,1,35222,0.028286884513,2
4.713835,2022-01-24T17:42:49.806Z,XBTUSDT,1,35255,0.0292233603111,1
4.71454055556,2022-01-24T17:42:52.346Z,XBTUSDT,1,35310.9666667,0.0308095832751,2
4.71521555556,2022-01-24T17:42:54.776Z,XBTUSDT,1,35343,0.0317163500722,1
4.71558305556,2022-01-24T17:42:56.099Z,XBTUSDT,1,35309.5,0.0307680466856,1
4.71558527778,2022-01-24T17:42:56.107Z,XBTUSDT,1,35309,0.0307538860903,1
4.71559638889,2022-01-24T17:42:56.147Z,XBTUSDT,1,35310,0.0307822070804,1
4.720505,2022-01-24T17:43:13.818Z,XBTUSDT,1,35321.5,0.0311078408303,2
4.72173722222,2022-01-24T17:43:18.254Z,XBTUSDT,1,35252,0.0291382623775,1
4.72559555556,2022-01-24T17:43:32.144Z,XBTUSDT,1,35179,0.0270653108039,1
4.72741944444,2022-01-24T17:43:38.710Z,XBTUSDT,1,35237.5,0.0287268535804,1
4.73901972222,2022-01-24T17:44:20.471Z,XBTUSDT,1,35275,0.029790494879,1
4.73902111111,2022-01-24T17:44:20.476Z,XBTUSDT,1,35275,0.029790494879,1
4.74474222222,2022-01-24T17:44:41.072Z,XBTUSDT,1,35250.5,0.029095710695,1
4.74474305556,2022-01-24T17:44:41.075Z,XBTUSDT,1,35250.5,0.029095710695,1
4.74482277778,2022-01-24T17:44:41.362Z,XBTUSDT,1,35250.5,0.029095710695,1
4.7503325,2022-01-24T17:45:01.197Z,XBTUSDT,1,35260,0.0293651741099,1
4.75038305556,2022-01-24T17:45:01.379Z,XBTUSDT,1,35270,0.0296487413881,1
4.75040944444,2022-01-24T17:45:01.474Z,XBTUSDT,1,35275,0.029790494879,2
4.75603694444,2022-01-24T17:45:21.733Z,XBTUSDT,1,35207,0.0278609236098,1
4.75606361111,2022-01-24T17:45:21.829Z,XBTUSDT,1,35210,0.0279461303071,1
4.75606638889,2022-01-24T17:45:21.839Z,XBTUSDT,1,35210,0.0279461303071,1
4.75607777778,2022-01-24T17:45:21.880Z,XBTUSDT,1,35228.515,0.0284718370295,7
4.758985,2022-01-24T17:45:32.346Z,XBTUSDT,1,35240,0.0287977982081,1
4.76296444444,2022-01-24T17:45:46.672Z,XBTUSDT,1,35237.5,0.0287268535804,1
4.76297277778,2022-01-24T17:45:46.702Z,XBTUSDT,1,35237.5,0.0287268535804,1
4.76301111111,2022-01-24T17:45:46.840Z,XBTUSDT,1,35236.5,0.0286984743199,1
4.7630675,2022-01-24T17:45:47.043Z,XBTUSDT,1,35250,0.0290815263984,1
4.76377,2022-01-24T17:45:49.572Z,XBTUSDT,1,35260,0.0293651741099,1
4.76388111111,2022-01-24T17:45:49.972Z,XBTUSDT,1,35270,0.0296487413881,1
4.76850111111,2022-01-24T17:46:06.604Z,XBTUSDT,1,35280,0.0299322282787,1
4.76855916667,2022-01-24T17:46:06.813Z,XBTUSDT,1,35290,0.0302156348273,1
4.76903361111,2022-01-24T17:46:08.521Z,XBTUSDT,1,35300,0.0304989610794,1
4.76922444444,2022-01-24T17:46:09.208Z,XBTUSDT,1,35310,0.0307822070804,1
4.77124222222,2022-01-24T17:46:16.472Z,XBTUSDT,1,35320,0.0310653728759,1
4.77204527778,2022-01-24T17:46:19.363Z,XBTUSDT,1,35325,0.0312069257107,1
4.77249416667,2022-01-24T17:46:20.979Z,XBTUSDT,1,35340,0.0316314640317,1
4.77252111111,2022-01-24T17:46:21.076Z,XBTUSDT,1,35345.5,0.0317870829354,1
4.772545,2022-01-24T17:46:21.162Z,XBTUSDT,1,35349.1,0.0318889294698,3
4.77279916667,2022-01-24T17:46:22.077Z,XBTUSDT,1,35360,0.0321972349096,1
4.77286666667,2022-01-24T17:46:22.320Z,XBTUSDT,1,35370,0.0324800003575,1
4.79757611111,2022-01-24T17:47:51.274Z,XBTUSDT,1,35376.5,0.0326637550314,2
4.797615,2022-01-24T17:47:51.414Z,XBTUSDT,1,35390.9,0.0330707220868,2
4.81277027778,2022-01-24T17:48:45.973Z,XBTUSDT,1,35388,0.0329887767613,1
4.81300055556,2022-01-24T17:48:46.802Z,XBTUSDT,1,35400,0.0333278172799,1
4.81303,2022-01-24T17:48:46.908Z,XBTUSDT,1,35410,0.0336102632639,1
4.81337416667,2022-01-24T17:48:48.147Z,XBTUSDT,1,35420,0.0338926294948,1
4.81340583333,2022-01-24T17:48:48.261Z,XBTUSDT,1,35425,0.0340337827169,1
4.81340722222,2022-01-24T17:48:48.266Z,XBTUSDT,1,35436,0.0343442496899,1
4.81350722222,2022-01-24T17:48:48.626Z,XBTUSDT,1,35440,0.034457122877,1
4.81410138889,2022-01-24T17:48:50.765Z,XBTUSDT,1,35450,0.0347392501183,1
4.83589583333,2022-01-24T17:50:09.225Z,XBTUSDT,1,35314,0.0308954830207,1
4.83794277778,2022-01-24T17:50:16.594Z,XBTUSDT,1,35304.5,0.0306264317082,1
4.83794611111,2022-01-24T17:50:16.606Z,XBTUSDT,1,35304.5,0.0306264317082,1
4.83796111111,2022-01-24T17:50:16.660Z,XBTUSDT,1,35304.5,0.0306264317082,1
4.83796361111,2022-01-24T17:50:16.669Z,XBTUSDT,1,35304.5,0.0306264317082,1
4.83798444444,2022-01-24T17:50:16.744Z,XBTUSDT,1,35304.5,0.0306264317082,1
4.83799888889,2022-01-24T17:50:16.796Z,XBTUSDT,1,35304.5,0.0306264317082,1
4.8380025,2022-01-24T17:50:16.809Z,XBTUSDT,1,35304.5,0.0306264317082,1
4.83806388889,2022-01-24T17:50:17.030Z,XBTUSDT,1,35304.5,0.0306264317082,1
4.83806888889,2022-01-24T17:50:17.048Z,XBTUSDT,1,35304.5,0.0306264317082,1
4.83808305556,2022-01-24T17:50:17.099Z,XBTUSDT,1,35304.5,0.0306264317082,1
4.83832638889,2022-01-24T17:50:17.975Z,XBTUSDT,1,35304.5,0.0306264317082,1
4.83833277778,2022-01-24T17:50:17.998Z,XBTUSDT,1,35304.5,0.0306264317082,1
4.83833361111,2022-01-24T17:50:18.001Z,XBTUSDT,1,35304.5,0.0306264317082,1
4.83833611111,2022-01-24T17:50:18.010Z,XBTUSDT,1,35304.5,0.0306264317082,1
4.83833722222,2022-01-24T17:50:18.014Z,XBTUSDT,1,35304.5,0.0306264317082,1
4.83834361111,2022-01-24T17:50:18.037Z,XBTUSDT,1,35304.5,0.0306264317082,1
4.83834388889,2022-01-24T17:50:18.038Z,XBTUSDT,1,35304.5,0.0306264317082,1
4.838345,2022-01-24T17:50:18.042Z,XBTUSDT,1,35304.5,0.0306264317082,1
4.83834555556,2022-01-24T17:50:18.044Z,XBTUSDT,1,35304.5,0.0306264317082,1
4.84013138889,2022-01-24T17:50:24.473Z,XBTUSDT,1,35296.5,0.030399806022,1
4.84790222222,2022-01-24T17:50:52.448Z,XBTUSDT,1,35288.4961832,0.0301730208053,3
4.85742916667,2022-01-24T17:51:26.745Z,XBTUSDT,1,35435.5,0.0343301396457,1
4.85743027778,2022-01-24T17:51:26.749Z,XBTUSDT,1,35435.5,0.0343301396457,1
4.85743638889,2022-01-24T17:51:26.771Z,XBTUSDT,1,35435.5,0.0343301396457,1
4.85747277778,2022-01-24T17:51:26.902Z,XBTUSDT,1,35438.5,0.0344147969248,1
4.85748055556,2022-01-24T17:51:26.930Z,XBTUSDT,1,35438.5,0.0344147969248,1
4.85748222222,2022-01-24T17:51:26.936Z,XBTUSDT,1,35438.5,0.0344147969248,1
4.85748305556,2022-01-24T17:51:26.939Z,XBTUSDT,1,35438.5,0.0344147969248,1
4.85748388889,2022-01-24T17:51:26.942Z,XBTUSDT,1,35438.5,0.0344147969248,1
4.85748527778,2022-01-24T17:51:26.947Z,XBTUSDT,1,35438.5,0.0344147969248,1
4.87114166667,2022-01-24T17:52:16.110Z,XBTUSDT,1,35385,0.0329039986679,1
4.87164083333,2022-01-24T17:52:17.907Z,XBTUSDT,1,35363,0.0322820729397,1
4.87164472222,2022-01-24T17:52:17.921Z,XBTUSDT,1,35363,0.0322820729397,1
4.87164888889,2022-01-24T17:52:17.936Z,XBTUSDT,1,35363,0.0322820729397,1
4.880885,2022-01-24T17:52:51.186Z,XBTUSDT,1,35422.5,0.0339632085964,1
4.88088805556,2022-01-24T17:52:51.197Z,XBTUSDT,1,35422.4938272,0.0339630343331,2
4.88168083333,2022-01-24T17:52:54.051Z,XBTUSDT,1,35438.8400853,0.034424393371,2
4.89138166667,2022-01-24T17:53:28.974Z,XBTUSDT,1,35397.5,0.0332571933171,1
4.8913925,2022-01-24T17:53:29.013Z,XBTUSDT,1,35410,0.0336102632639,1
4.89951527778,2022-01-24T17:53:58.255Z,XBTUSDT,1,35405.5,0.0334831724433,1
4.90195305556,2022-01-24T17:54:07.031Z,XBTUSDT,1,35410,0.0336102632639,1
4.90507166667,2022-01-24T17:54:18.258Z,XBTUSDT,1,35443.5,0.0345558764657,1
4.90708138889,2022-01-24T17:54:25.493Z,XBTUSDT,1,35444,0.0345699833252,1
4.90770861111,2022-01-24T17:54:27.751Z,XBTUSDT,1,35458.1178862,0.0349682192816,4
4.90772333333,2022-01-24T17:54:27.804Z,XBTUSDT,1,35463.0398477,0.0351070202178,6
4.91217972222,2022-01-24T17:54:43.847Z,XBTUSDT,1,35475,0.0354442201862,1
4.94091388889,2022-01-24T17:56:27.290Z,XBTUSDT,1,35443.5,0.0345558764657,1
4.94091833333,2022-01-24T17:56:27.306Z,XBTUSDT,1,35443.5,0.0345558764657,1
4.94337027778,2022-01-24T17:56:36.133Z,XBTUSDT,1,35459,0.0349930965989,1
4.94338166667,2022-01-24T17:56:36.174Z,XBTUSDT,1,35459,0.0349930965989,1
4.9441425,2022-01-24T17:56:38.913Z,XBTUSDT,1,35500,0.0361486936215,2
4.94476222222,2022-01-24T17:56:41.144Z,XBTUSDT,1,35487.5,0.0357965189392,1
4.94476333333,2022-01-24T17:56:41.148Z,XBTUSDT,1,35487.5,0.0357965189392,1
4.94606888889,2022-01-24T17:56:45.848Z,XBTUSDT,1,35476,0.0354724086543,1
4.94724111111,2022-01-24T17:56:50.068Z,XBTUSDT,1,35469,0.0352750726892,1
4.94724222222,2022-01-24T17:56:50.072Z,XBTUSDT,1,35469,0.0352750726892,1
4.94724305556,2022-01-24T17:56:50.075Z,XBTUSDT,1,35469,0.0352750726892,1
4.94731666667,2022-01-24T17:56:50.340Z,XBTUSDT,1,35469,0.0352750726892,1
4.94731861111,2022-01-24T17:56:50.347Z,XBTUSDT,1,35469,0.0352750726892,1
4.94895972222,2022-01-24T17:56:56.255Z,XBTUSDT,1,35484.5,0.035711978557,1
4.94896694444,2022-01-24T17:56:56.281Z,XBTUSDT,1,35484.5,0.035711978557,1
4.94899555556,2022-01-24T17:56:56.384Z,XBTUSDT,1,35484.5,0.035711978557,1
4.94901333333,2022-01-24T17:56:56.448Z,XBTUSDT,1,35484.5,0.035711978557,1
4.94904916667,2022-01-24T17:56:56.577Z,XBTUSDT,1,35484.5,0.035711978557,1
4.94905333333,2022-01-24T17:56:56.592Z,XBTUSDT,1,35484.5,0.035711978557,1
4.94908222222,2022-01-24T17:56:56.696Z,XBTUSDT,1,35484.5,0.035711978557,1
4.94910527778,2022-01-24T17:56:56.779Z,XBTUSDT,1,35484.5,0.035711978557,1
4.94918,2022-01-24T17:56:57.048Z,XBTUSDT,1,35484.5,0.035711978557,1
4.95053777778,2022-01-24T17:57:01.936Z,XBTUSDT,1,35469,0.0352750726892,1
4.9506225,2022-01-24T17:57:02.241Z,XBTUSDT,1,35468.5,0.0352609757729,1
4.95200166667,2022-01-24T17:57:07.206Z,XBTUSDT,1,35455,0.0348802838961,1
4.96541,2022-01-24T17:57:55.476Z,XBTUSDT,1,35395.5,0.0332006905555,1
4.96545111111,2022-01-24T17:57:55.624Z,XBTUSDT,1,35395.5,0.0332006905555,1
4.97697472222,2022-01-24T17:58:37.109Z,XBTUSDT,1,35378.5,0.0327202881386,1
4.97697527778,2022-01-24T17:58:37.111Z,XBTUSDT,1,35378.5,0.0327202881386,1
4.97697666667,2022-01-24T17:58:37.116Z,XBTUSDT,1,35378.5,0.0327202881386,1
4.97705527778,2022-01-24T17:58:37.399Z,XBTUSDT,1,35378.5,0.0327202881386,1
4.97705638889,2022-01-24T17:58:37.403Z,XBTUSDT,1,35378.5,0.0327202881386,1
4.97757472222,2022-01-24T17:58:39.269Z,XBTUSDT,1,35378.5,0.0327202881386,1
4.98075027778,2022-01-24T17:58:50.701Z,XBTUSDT,1,35371.5,0.0325224082793,1
4.98075083333,2022-01-24T17:58:50.703Z,XBTUSDT,1,35371.5,0.0325224082793,1
4.98799777778,2022-01-24T17:59:16.792Z,XBTUSDT,1,35351,0.0319426776257,1
4.98838,2022-01-24T17:59:18.168Z,XBTUSDT,1,35351,0.0319426776257,1
4.98838166667,2022-01-24T17:59:18.174Z,XBTUSDT,1,35351,0.0319426776257,1
4.98838222222,2022-01-24T17:59:18.176Z,XBTUSDT,1,35351,0.0319426776257,1
4.98863083333,2022-01-24T17:59:19.071Z,XBTUSDT,1,35351,0.0319426776257,1
4.99050111111,2022-01-24T17:59:25.804Z,XBTUSDT,1,35347.8414634,0.031853325763,2
4.99050277778,2022-01-24T17:59:25.810Z,XBTUSDT,1,35347.5,0.031843665624,1
4.9905125,2022-01-24T17:59:25.845Z,XBTUSDT,1,35347.5,0.031843665624,1
5.00191194444,2022-01-24T18:00:06.883Z,XBTUSDT,1,35364,0.0323103506837,1
5.00357805556,2022-01-24T18:00:12.881Z,XBTUSDT,1,35364.5,0.0323244892558,1
5.00362583333,2022-01-24T18:00:13.053Z,XBTUSDT,1,35364.5,0.0323244892558,1
5.00362722222,2022-01-24T18:00:13.058Z,XBTUSDT,1,35364.5,0.0323244892558,1
5.00365527778,2022-01-24T18:00:13.159Z,XBTUSDT,1,35364.5,0.0323244892558,1
5.00998472222,2022-01-24T18:00:35.945Z,XBTUSDT,1,35364.5,0.0323244892558,1
5.01696444444,2022-01-24T18:01:01.072Z,XBTUSDT,1,35387.5,0.0329746475781,1
5.01697333333,2022-01-24T18:01:01.104Z,XBTUSDT,1,35387.5,0.0329746475781,1
5.01697833333,2022-01-24T18:01:01.122Z,XBTUSDT,1,35377.5,0.0326920219845,1
5.01699444444,2022-01-24T18:01:01.180Z,XBTUSDT,1,35378,0.0327061551614,1
5.01876916667,2022-01-24T18:01:07.569Z,XBTUSDT,1,35359,0.0321689539667,1
5.02581444444,2022-01-24T18:01:32.932Z,XBTUSDT,1,35286.3529412,0.0301122840965,2
5.02581527778,2022-01-24T18:01:32.935Z,XBTUSDT,1,35285.5,0.0300881118199,1
5.02605583333,2022-01-24T18:01:33.801Z,XBTUSDT,1,35285.5,0.0300881118199,1
5.02612861111,2022-01-24T18:01:34.063Z,XBTUSDT,1,35275,0.029790494879,1
5.02673972222,2022-01-24T18:01:36.263Z,XBTUSDT,1,35251,0.0291098947903,1
5.03304305556,2022-01-24T18:01:58.955Z,XBTUSDT,1,35284,0.0300456005367,3
5.03307416667,2022-01-24T18:01:59.067Z,XBTUSDT,1,35285.5,0.0300881118199,1
5.03308055556,2022-01-24T18:01:59.090Z,XBTUSDT,1,35285.5,0.0300881118199,1
5.03308388889,2022-01-24T18:01:59.102Z,XBTUSDT,1,35285.5,0.0300881118199,1
5.05277388889,2022-01-24T18:03:09.986Z,XBTUSDT,1,35240.2,0.0288034735609,3
5.05499416667,2022-01-24T18:03:17.979Z,XBTUSDT,1,35237,0.0287126640508,1
5.05499777778,2022-01-24T18:03:17.992Z,XBTUSDT,1,35237,0.0287126640508,1
5.05511722222,2022-01-24T18:03:18.422Z,XBTUSDT,1,35227.5,0.0284430247273,2
5.06267111111,2022-01-24T18:03:45.616Z,XBTUSDT,1,35205.5,0.0278183175384,2
5.06267305556,2022-01-24T18:03:45.623Z,XBTUSDT,1,35202.5,0.0277330999495,1
5.06267388889,2022-01-24T18:03:45.626Z,XBTUSDT,1,35202.5,0.0277330999495,1
5.06268277778,2022-01-24T18:03:45.658Z,XBTUSDT,1,35202.2619048,0.0277263363377,2
5.06971611111,2022-01-24T18:04:10.978Z,XBTUSDT,1,35190,0.0273779484736,1
5.06979916667,2022-01-24T18:04:11.277Z,XBTUSDT,1,35188.5,0.0273353218192,1
5.08228083333,2022-01-24T18:04:56.211Z,XBTUSDT,1,35262.5,0.0294360734682,1
5.08935583333,2022-01-24T18:05:21.681Z,XBTUSDT,1,35260,0.0293651741099,1
5.08939138889,2022-01-24T18:05:21.809Z,XBTUSDT,1,35250,0.0290815263984,1
5.093285,2022-01-24T18:05:35.826Z,XBTUSDT,1,35250,0.0290815263984,1
5.09328666667,2022-01-24T18:05:35.832Z,XBTUSDT,1,35250,0.0290815263984,1
5.09328722222,2022-01-24T18:05:35.834Z,XBTUSDT,1,35250,0.0290815263984,1
5.09328972222,2022-01-24T18:05:35.843Z,XBTUSDT,1,35250,0.0290815263984,1
5.10032833333,2022-01-24T18:06:01.182Z,XBTUSDT,1,35250.5,0.029095710695,1
5.11566055556,2022-01-24T18:06:56.378Z,XBTUSDT,1,35360,0.0321972349096,1
5.11581972222,2022-01-24T18:06:56.951Z,XBTUSDT,1,35370,0.0324800003575,1
5.11853944444,2022-01-24T18:07:06.742Z,XBTUSDT,1,35380,0.0327626858718,1
5.11886916667,2022-01-24T18:07:07.929Z,XBTUSDT,1,35400,0.0333278172799,2
5.11926722222,2022-01-24T18:07:09.362Z,XBTUSDT,1,35400,0.0333278172799,2
5.1192975,2022-01-24T18:07:09.471Z,XBTUSDT,1,35410,0.0336102632639,1
5.11974138889,2022-01-24T18:07:11.069Z,XBTUSDT,1,35420,0.0338926294948,3
5.1357375,2022-01-24T18:08:08.655Z,XBTUSDT,1,35440,0.034457122877,1
5.13596638889,2022-01-24T18:08:09.479Z,XBTUSDT,1,35456,0.0349084882649,1
5.14064638889,2022-01-24T18:08:26.327Z,XBTUSDT,1,35504.5,0.0362754461514,1
5.1406525,2022-01-24T18:08:26.349Z,XBTUSDT,1,35504.5,0.0362754461514,1
5.14066472222,2022-01-24T18:08:26.393Z,XBTUSDT,1,35504.5,0.0362754461514,1
5.14067972222,2022-01-24T18:08:26.447Z,XBTUSDT,1,35504.5,0.0362754461514,1
5.14068416667,2022-01-24T18:08:26.463Z,XBTUSDT,1,35504.5,0.0362754461514,1
5.14071555556,2022-01-24T18:08:26.576Z,XBTUSDT,1,35510,0.0364303440951,1
5.14099083333,2022-01-24T18:08:27.567Z,XBTUSDT,1,35496.785461,0.036058139127,4
5.14141305556,2022-01-24T18:08:29.087Z,XBTUSDT,1,35512,0.0364866646719,1
5.14188416667,2022-01-24T18:08:30.783Z,XBTUSDT,1,35478.5,0.0355428763485,1
5.14189361111,2022-01-24T18:08:30.817Z,XBTUSDT,1,35478.5,0.0355428763485,1
5.14189527778,2022-01-24T18:08:30.823Z,XBTUSDT,1,35478.5,0.0355428763485,1
5.14403638889,2022-01-24T18:08:38.531Z,XBTUSDT,1,35525,0.0368526711233,1
5.14407333333,2022-01-24T18:08:38.664Z,XBTUSDT,1,35540,0.0372748198666,1
5.14408,2022-01-24T18:08:38.688Z,XBTUSDT,1,35540,0.0372748198666,1
5.14414027778,2022-01-24T18:08:38.905Z,XBTUSDT,1,35545,0.0374154965216,2
5.14416111111,2022-01-24T18:08:38.980Z,XBTUSDT,1,35573.5333333,0.0382179128124,2
5.14422944444,2022-01-24T18:08:39.226Z,XBTUSDT,1,35583,0.0384839928554,1
5.14429833333,2022-01-24T18:08:39.474Z,XBTUSDT,1,35583,0.0384839928554,1
5.1443025,2022-01-24T18:08:39.489Z,XBTUSDT,1,35583,0.0384839928554,1
5.14433472222,2022-01-24T18:08:39.605Z,XBTUSDT,1,35583,0.0384839928554,1
5.14434666667,2022-01-24T18:08:39.648Z,XBTUSDT,1,35583,0.0384839928554,1
5.14445333333,2022-01-24T18:08:40.032Z,XBTUSDT,1,35600,0.0389616349981,1
5.14451666667,2022-01-24T18:08:40.260Z,XBTUSDT,1,35620,0.0395232750016,1
5.14477888889,2022-01-24T18:08:41.204Z,XBTUSDT,1,35631,0.0398320426003,2
5.14506611111,2022-01-24T18:08:42.238Z,XBTUSDT,1,35642.5,0.0401547431861,1
5.14508972222,2022-01-24T18:08:42.323Z,XBTUSDT,1,35642.5,0.0401547431861,1
5.14509027778,2022-01-24T18:08:42.325Z,XBTUSDT,1,35642.5,0.0401547431861,1
5.14512083333,2022-01-24T18:08:42.435Z,XBTUSDT,1,35642.5,0.0401547431861,1
5.14512444444,2022-01-24T18:08:42.448Z,XBTUSDT,1,35642.5,0.0401547431861,1
5.14517416667,2022-01-24T18:08:42.627Z,XBTUSDT,1,35642.5,0.0401547431861,2
5.14518638889,2022-01-24T18:08:42.671Z,XBTUSDT,1,35650,0.0403651440004,1
5.14522111111,2022-01-24T18:08:42.796Z,XBTUSDT,1,35655.8181818,0.0405283335403,2
5.14543444444,2022-01-24T18:08:43.564Z,XBTUSDT,1,35669,0.0408979613548,1
5.14545027778,2022-01-24T18:08:43.621Z,XBTUSDT,1,35683.5,0.0413043942114,1
5.14556361111,2022-01-24T18:08:44.029Z,XBTUSDT,1,35683.5,0.0413043942114,1
5.14557472222,2022-01-24T18:08:44.069Z,XBTUSDT,1,35683.5,0.0413043942114,1
5.14581083333,2022-01-24T18:08:44.919Z,XBTUSDT,1,35700,0.0417666859257,1
5.14583583333,2022-01-24T18:08:45.009Z,XBTUSDT,1,35700,0.0417666859257,2
5.14591055556,2022-01-24T18:08:45.278Z,XBTUSDT,1,35711.5,0.0420887629049,1
5.14779722222,2022-01-24T18:08:52.070Z,XBTUSDT,1,35707,0.0419627451362,1
5.14794611111,2022-01-24T18:08:52.606Z,XBTUSDT,1,35706.6828125,0.0419538620346,4
5.14795444444,2022-01-24T18:08:52.636Z,XBTUSDT,1,35735.4107579,0.0427580923017,2
5.14801944444,2022-01-24T18:08:52.870Z,XBTUSDT,1,35707,0.0419627451362,1
5.14805027778,2022-01-24T18:08:52.981Z,XBTUSDT,1,35751.4242424,0.0432061044355,3
5.1482625,2022-01-24T18:08:53.745Z,XBTUSDT,1,35753.325,0.0432592689483,2
5.1483175,2022-01-24T18:08:53.943Z,XBTUSDT,1,35762.4375,0.0435141078741,2
5.14908888889,2022-01-24T18:08:56.720Z,XBTUSDT,1,35723.3710938,0.0424211242203,3
5.15946361111,2022-01-24T18:09:34.069Z,XBTUSDT,1,35665.6472656,0.0408039611879,4
5.17473111111,2022-01-24T18:10:29.032Z,XBTUSDT,1,35742,0.0429424650147,1
5.20724444444,2022-01-24T18:12:26.080Z,XBTUSDT,1,35702.5,0.0418367114851,1
5.20953638889,2022-01-24T18:12:34.331Z,XBTUSDT,1,35720,0.0423267531484,1
5.21527083333,2022-01-24T18:12:54.975Z,XBTUSDT,1,35740.3420168,0.0428960764061,3
5.21527361111,2022-01-24T18:12:54.985Z,XBTUSDT,1,35740.5,0.0429004967008,1
5.21529694444,2022-01-24T18:12:55.069Z,XBTUSDT,1,35740.5,0.0429004967008,1
5.21530472222,2022-01-24T18:12:55.097Z,XBTUSDT,1,35740.5,0.0429004967008,1
5.21530888889,2022-01-24T18:12:55.112Z,XBTUSDT,1,35740.5,0.0429004967008,1
5.21531027778,2022-01-24T18:12:55.117Z,XBTUSDT,1,35740.5,0.0429004967008,1
5.21531166667,2022-01-24T18:12:55.122Z,XBTUSDT,1,35742,0.0429424650147,1
5.21531583333,2022-01-24T18:12:55.137Z,XBTUSDT,1,35742,0.0429424650147,1
5.21532111111,2022-01-24T18:12:55.156Z,XBTUSDT,1,35754.0193299,0.0432786887688,6
5.21543722222,2022-01-24T18:12:55.574Z,XBTUSDT,1,35799.4568966,0.0445487199443,7
5.21544722222,2022-01-24T18:12:55.610Z,XBTUSDT,1,35848,0.045903774624,1
5.21545916667,2022-01-24T18:12:55.653Z,XBTUSDT,1,35848,0.045903774624,1
5.21546222222,2022-01-24T18:12:55.664Z,XBTUSDT,1,35848,0.045903774624,1
5.21546583333,2022-01-24T18:12:55.677Z,XBTUSDT,1,35848,0.045903774624,1
5.21546666667,2022-01-24T18:12:55.680Z,XBTUSDT,1,35854.7021277,0.0460907167469,2
5.2155475,2022-01-24T18:12:55.971Z,XBTUSDT,1,35787.8543307,0.0442245684782,4
5.21554972222,2022-01-24T18:12:55.979Z,XBTUSDT,1,35847.5,0.0458898267472,1
5.21652111111,2022-01-24T18:12:59.476Z,XBTUSDT,1,35919,0.0478824005429,1
5.21654611111,2022-01-24T18:12:59.566Z,XBTUSDT,1,35926.5,0.048091181887,1
5.2167575,2022-01-24T18:13:00.327Z,XBTUSDT,1,35919.5,0.0478963206554,1
5.21675833333,2022-01-24T18:13:00.330Z,XBTUSDT,1,35919.5,0.0478963206554,1
5.21723333333,2022-01-24T18:13:02.040Z,XBTUSDT,1,35939.1498173,0.0484432226035,5
5.21729611111,2022-01-24T18:13:02.266Z,XBTUSDT,1,35929,0.0481607659829,1
5.21901027778,2022-01-24T18:13:08.437Z,XBTUSDT,1,35907.7765862,0.0475698871771,2
5.22010361111,2022-01-24T18:13:12.373Z,XBTUSDT,1,35976,0.0494680466085,1
5.22010416667,2022-01-24T18:13:12.375Z,XBTUSDT,1,35979.0198864,0.0495519847791,3
5.22018388889,2022-01-24T18:13:12.662Z,XBTUSDT,1,35979.5,0.0495653289567,1
5.22019055556,2022-01-24T18:13:12.686Z,XBTUSDT,1,35979.5,0.0495653289567,1
5.22019777778,2022-01-24T18:13:12.712Z,XBTUSDT,1,35979.5,0.0495653289567,1
5.22021472222,2022-01-24T18:13:12.773Z,XBTUSDT,1,35980,0.0495792256625,1
5.22022361111,2022-01-24T18:13:12.805Z,XBTUSDT,1,35980,0.0495792256625,2
5.22024694444,2022-01-24T18:13:12.889Z,XBTUSDT,1,35980,0.0495792256625,1
5.22037611111,2022-01-24T18:13:13.354Z,XBTUSDT,1,35979,0.0495514320578,1
5.22039083333,2022-01-24T18:13:13.407Z,XBTUSDT,1,35979,0.0495514320578,1
5.22041638889,2022-01-24T18:13:13.499Z,XBTUSDT,1,35978.7380952,0.0495441526528,2
5.224005,2022-01-24T18:13:26.418Z,XBTUSDT,1,35999.5,0.0501210466109,1
5.22543083333,2022-01-24T18:13:31.551Z,XBTUSDT,1,35925,0.0480494291052,1
5.22550027778,2022-01-24T18:13:31.801Z,XBTUSDT,1,35913.5,0.0477292665156,1
5.22550111111,2022-01-24T18:13:31.804Z,XBTUSDT,1,35913.5,0.0477292665156,1
5.22551277778,2022-01-24T18:13:31.846Z,XBTUSDT,1,35913.5,0.0477292665156,1
5.22552055556,2022-01-24T18:13:31.874Z,XBTUSDT,1,35901.5,0.0473950744913,1
5.23338027778,2022-01-24T18:14:00.169Z,XBTUSDT,1,35914.5,0.0477571108103,2
5.23917,2022-01-24T18:14:21.012Z,XBTUSDT,1,35851.5,0.0460014043146,1
5.24021777778,2022-01-24T18:14:24.784Z,XBTUSDT,1,35911,0.0476596523867,1
5.24021833333,2022-01-24T18:14:24.786Z,XBTUSDT,1,35911,0.0476596523867,1
5.2480375,2022-01-24T18:14:52.935Z,XBTUSDT,1,35878.5,0.0467542274368,1
5.25273222222,2022-01-24T18:15:09.836Z,XBTUSDT,1,35947.5,0.0486755378599,1
5.25275027778,2022-01-24T18:15:09.901Z,XBTUSDT,1,35967,0.0492178485338,1
5.26069472222,2022-01-24T18:15:38.501Z,XBTUSDT,1,35862.5,0.0463081784476,1
5.26071361111,2022-01-24T18:15:38.569Z,XBTUSDT,1,35862.5,0.0463081784476,1
5.26114361111,2022-01-24T18:15:40.117Z,XBTUSDT,1,35862.5,0.0463081784476,1
5.26114444444,2022-01-24T18:15:40.120Z,XBTUSDT,1,35862.5,0.0463081784476,1
5.26114861111,2022-01-24T18:15:40.135Z,XBTUSDT,1,35862.5,0.0463081784476,1
5.26115388889,2022-01-24T18:15:40.154Z,XBTUSDT,1,35862.5,0.0463081784476,1
5.26149277778,2022-01-24T18:15:41.374Z,XBTUSDT,1,35848,0.045903774624,1
5.26169138889,2022-01-24T18:15:42.089Z,XBTUSDT,1,35840.5,0.0456945360424,1
5.26169222222,2022-01-24T18:15:42.092Z,XBTUSDT,1,35840.5,0.0456945360424,1
5.26170666667,2022-01-24T18:15:42.144Z,XBTUSDT,1,35840.5,0.0456945360424,1
5.26170805556,2022-01-24T18:15:42.149Z,XBTUSDT,1,35840.5,0.0456945360424,1
5.26173777778,2022-01-24T18:15:42.256Z,XBTUSDT,1,35840,0.0456805852469,1
5.26355805556,2022-01-24T18:15:48.809Z,XBTUSDT,1,35824.5,0.0452480140228,1
5.26534472222,2022-01-24T18:15:55.241Z,XBTUSDT,1,35790,0.0442845219181,1
5.26539416667,2022-01-24T18:15:55.419Z,XBTUSDT,1,35790,0.0442845219181,1
5.26539833333,2022-01-24T18:15:55.434Z,XBTUSDT,1,35790,0.0442845219181,1
5.26540222222,2022-01-24T18:15:55.448Z,XBTUSDT,1,35790,0.0442845219181,1
5.26540333333,2022-01-24T18:15:55.452Z,XBTUSDT,1,35790,0.0442845219181,1
5.26540444444,2022-01-24T18:15:55.456Z,XBTUSDT,1,35790,0.0442845219181,1
5.26540777778,2022-01-24T18:15:55.468Z,XBTUSDT,1,35790,0.0442845219181,1
5.26540972222,2022-01-24T18:15:55.475Z,XBTUSDT,1,35790,0.0442845219181,1
5.26541222222,2022-01-24T18:15:55.484Z,XBTUSDT,1,35790,0.0442845219181,1
5.26541277778,2022-01-24T18:15:55.486Z,XBTUSDT,1,35790,0.0442845219181,1
5.26541361111,2022-01-24T18:15:55.489Z,XBTUSDT,1,35790,0.0442845219181,1
5.265415,2022-01-24T18:15:55.494Z,XBTUSDT,1,35790,0.0442845219181,1
5.26541777778,2022-01-24T18:15:55.504Z,XBTUSDT,1,35790,0.0442845219181,1
5.26541972222,2022-01-24T18:15:55.511Z,XBTUSDT,1,35790,0.0442845219181,1
5.26542111111,2022-01-24T18:15:55.516Z,XBTUSDT,1,35790,0.0442845219181,1
5.26542277778,2022-01-24T18:15:55.522Z,XBTUSDT,1,35790,0.0442845219181,1
5.26542472222,2022-01-24T18:15:55.529Z,XBTUSDT,1,35790,0.0442845219181,1
5.26542527778,2022-01-24T18:15:55.531Z,XBTUSDT,1,35790,0.0442845219181,1
5.26542694444,2022-01-24T18:15:55.537Z,XBTUSDT,1,35790,0.0442845219181,1
5.26542805556,2022-01-24T18:15:55.541Z,XBTUSDT,1,35790,0.0442845219181,1
5.26542888889,2022-01-24T18:15:55.544Z,XBTUSDT,1,35790,0.0442845219181,1
5.2693475,2022-01-24T18:16:09.651Z,XBTUSDT,1,35829.5,0.0453875735731,1
5.26935,2022-01-24T18:16:09.660Z,XBTUSDT,1,35829.5,0.0453875735731,1
5.2702525,2022-01-24T18:16:12.909Z,XBTUSDT,1,35836,0.0455689718755,1
5.27110861111,2022-01-24T18:16:15.991Z,XBTUSDT,1,35894.4808594,0.047199544308,5
5.27114194444,2022-01-24T18:16:16.111Z,XBTUSDT,1,35898.5,0.0473115090316,1
5.27114944444,2022-01-24T18:16:16.138Z,XBTUSDT,1,35898.5,0.0473115090316,1
5.27115444444,2022-01-24T18:16:16.156Z,XBTUSDT,1,35898.5,0.0473115090316,1
5.27122277778,2022-01-24T18:16:16.402Z,XBTUSDT,1,35911.5,0.0476735756001,1
5.27133888889,2022-01-24T18:16:16.820Z,XBTUSDT,1,35912,0.0476874986198,1
5.27136333333,2022-01-24T18:16:16.908Z,XBTUSDT,1,35912,0.0476874986198,1
5.27138166667,2022-01-24T18:16:16.974Z,XBTUSDT,1,35912,0.0476874986198,1
5.27206888889,2022-01-24T18:16:19.448Z,XBTUSDT,1,35938,0.0484112286444,1
5.27344055556,2022-01-24T18:16:24.386Z,XBTUSDT,1,35968,0.0492456514114,1
5.27407111111,2022-01-24T18:16:26.656Z,XBTUSDT,1,35972,0.0493568551924,1
5.27417194444,2022-01-24T18:16:27.019Z,XBTUSDT,1,35961,0.0490510150332,2
5.27419777778,2022-01-24T18:16:27.112Z,XBTUSDT,1,35965.5,0.0491761427679,1
5.27476722222,2022-01-24T18:16:29.162Z,XBTUSDT,1,35988.5,0.0498154401186,1
5.27477083333,2022-01-24T18:16:29.175Z,XBTUSDT,1,35989,0.0498293333491,1
5.27477111111,2022-01-24T18:16:29.176Z,XBTUSDT,1,35993,0.049940472245,1
5.27478638889,2022-01-24T18:16:29.231Z,XBTUSDT,1,35993,0.049940472245,1
5.27480361111,2022-01-24T18:16:29.293Z,XBTUSDT,1,35993,0.049940472245,1
5.27483972222,2022-01-24T18:16:29.423Z,XBTUSDT,1,35998.5,0.0500932680615,1
5.2748425,2022-01-24T18:16:29.433Z,XBTUSDT,1,35999.9371555,0.050133189913,3
5.27488777778,2022-01-24T18:16:29.596Z,XBTUSDT,1,36000,0.0501349355962,1
5.27493055556,2022-01-24T18:16:29.750Z,XBTUSDT,1,36021.5,0.0507319795522,1
5.27528666667,2022-01-24T18:16:31.032Z,XBTUSDT,1,35992.9,0.0499376939232,2
5.27580638889,2022-01-24T18:16:32.903Z,XBTUSDT,1,36059.5144928,0.0517867509521,2
5.2768375,2022-01-24T18:16:36.615Z,XBTUSDT,1,36059.5,0.0517863490399,1
5.27684166667,2022-01-24T18:16:36.630Z,XBTUSDT,1,36059.5,0.0517863490399,1
5.27684416667,2022-01-24T18:16:36.639Z,XBTUSDT,1,36059.5,0.0517863490399,1
5.28201,2022-01-24T18:16:55.236Z,XBTUSDT,1,36070,0.0520774920556,1
5.28210777778,2022-01-24T18:16:55.588Z,XBTUSDT,1,36090.4375,0.052643938193,2
5.28238611111,2022-01-24T18:16:56.590Z,XBTUSDT,1,36080.9807692,0.0523818751478,2
5.28428222222,2022-01-24T18:17:03.416Z,XBTUSDT,1,36091,0.0526595239175,1
5.28467222222,2022-01-24T18:17:04.820Z,XBTUSDT,1,36100,0.052908862479,1
5.28489138889,2022-01-24T18:17:05.609Z,XBTUSDT,1,36119,0.0534350398129,1
5.28546027778,2022-01-24T18:17:07.657Z,XBTUSDT,1,36144.5,0.0541407903248,1
5.2854625,2022-01-24T18:17:07.665Z,XBTUSDT,1,36144.5,0.0541407903248,1
5.28559055556,2022-01-24T18:17:08.126Z,XBTUSDT,1,36144.8671477,0.0541509480484,2
5.28560055556,2022-01-24T18:17:08.162Z,XBTUSDT,1,36155.5,0.0544450780173,1
5.29069027778,2022-01-24T18:17:26.485Z,XBTUSDT,1,36195,0.0555369848852,1
5.29070861111,2022-01-24T18:17:26.551Z,XBTUSDT,1,36195,0.0555369848852,1
5.29070916667,2022-01-24T18:17:26.553Z,XBTUSDT,1,36195,0.0555369848852,1
5.29071194444,2022-01-24T18:17:26.563Z,XBTUSDT,1,36195,0.0555369848852,1
5.29073166667,2022-01-24T18:17:26.634Z,XBTUSDT,1,36200,0.0556751159719,1
5.2907825,2022-01-24T18:17:26.817Z,XBTUSDT,1,36224.35,0.0563475417766,4
5.29095,2022-01-24T18:17:27.420Z,XBTUSDT,1,36230,0.0565035020471,1
5.29549888889,2022-01-24T18:17:43.796Z,XBTUSDT,1,36115.5,0.05333813321,1
5.2955,2022-01-24T18:17:43.800Z,XBTUSDT,1,36115.5,0.05333813321,1
5.30383138889,2022-01-24T18:18:13.793Z,XBTUSDT,1,35992,0.049912688679,1
5.30583888889,2022-01-24T18:18:21.020Z,XBTUSDT,1,36044,0.0513564115129,1
5.30677416667,2022-01-24T18:18:24.387Z,XBTUSDT,1,36114.5,0.0533104438842,1
5.30691805556,2022-01-24T18:18:24.905Z,XBTUSDT,1,36136.5,0.0539194320139,1
5.30691888889,2022-01-24T18:18:24.908Z,XBTUSDT,1,36136.5,0.0539194320139,1
5.306945,2022-01-24T18:18:25.002Z,XBTUSDT,1,36136.5,0.0539194320139,1
5.31716861111,2022-01-24T18:19:01.807Z,XBTUSDT,1,36110.5,0.0531996789135,1
5.31888888889,2022-01-24T18:19:08.000Z,XBTUSDT,1,36128,0.0536841851074,1
5.31889,2022-01-24T18:19:08.004Z,XBTUSDT,1,36128,0.0536841851074,1
5.31889138889,2022-01-24T18:19:08.009Z,XBTUSDT,1,36128,0.0536841851074,1
5.31889222222,2022-01-24T18:19:08.012Z,XBTUSDT,1,36128,0.0536841851074,1
5.31927944444,2022-01-24T18:19:09.406Z,XBTUSDT,1,36126.5,0.053642665202,1
5.31935277778,2022-01-24T18:19:09.670Z,XBTUSDT,1,36126.5,0.053642665202,1
5.31937027778,2022-01-24T18:19:09.733Z,XBTUSDT,1,36126.5,0.053642665202,1
5.31939472222,2022-01-24T18:19:09.821Z,XBTUSDT,1,36126.5,0.053642665202,1
5.32342972222,2022-01-24T18:19:24.347Z,XBTUSDT,1,36137.5,0.0539471044826,1
5.32669861111,2022-01-24T18:19:36.115Z,XBTUSDT,1,36140,0.0540162823042,1
5.33698388889,2022-01-24T18:20:13.142Z,XBTUSDT,1,36157.5,0.0545003931059,1
5.35529888889,2022-01-24T18:21:19.076Z,XBTUSDT,1,35941.5,0.0485086138517,1
5.35928666667,2022-01-24T18:21:33.432Z,XBTUSDT,1,35941.5,0.0485086138517,1
5.35930583333,2022-01-24T18:21:33.501Z,XBTUSDT,1,35941.5,0.0485086138517,1
5.35932666667,2022-01-24T18:21:33.576Z,XBTUSDT,1,35941.5,0.0485086138517,1
5.35932722222,2022-01-24T18:21:33.578Z,XBTUSDT,1,35941.5,0.0485086138517,1
5.35932833333,2022-01-24T18:21:33.582Z,XBTUSDT,1,35941.5,0.0485086138517,1
5.35933083333,2022-01-24T18:21:33.591Z,XBTUSDT,1,35941.5,0.0485086138517,1
5.35934305556,2022-01-24T18:21:33.635Z,XBTUSDT,1,35941.5,0.0485086138517,1
5.35934388889,2022-01-24T18:21:33.638Z,XBTUSDT,1,35940.5,0.0484807904745,1
5.37733722222,2022-01-24T18:22:38.414Z,XBTUSDT,1,35933,0.048272090466,1
5.37734527778,2022-01-24T18:22:38.443Z,XBTUSDT,1,35933,0.048272090466,1
5.38661027778,2022-01-24T18:23:11.797Z,XBTUSDT,1,35905.4225,0.0475043257965,2
5.38771416667,2022-01-24T18:23:15.771Z,XBTUSDT,1,35873,0.046600920537,1
5.38773583333,2022-01-24T18:23:15.849Z,XBTUSDT,1,35857.2692308,0.0461623115745,3
5.38781027778,2022-01-24T18:23:16.117Z,XBTUSDT,1,35846.0714286,0.0458499745987,3
5.38784416667,2022-01-24T18:23:16.239Z,XBTUSDT,1,35849.5,0.0459456170871,1
5.38784888889,2022-01-24T18:23:16.256Z,XBTUSDT,1,35849.5,0.0459456170871,1
5.38786472222,2022-01-24T18:23:16.313Z,XBTUSDT,1,35849.5,0.0459456170871,1
5.38786555556,2022-01-24T18:23:16.316Z,XBTUSDT,1,35849.5,0.0459456170871,1
5.38787027778,2022-01-24T18:23:16.333Z,XBTUSDT,1,35849.5,0.0459456170871,1
5.38793666667,2022-01-24T18:23:16.572Z,XBTUSDT,1,35824.5,0.0452480140228,1
5.38794583333,2022-01-24T18:23:16.605Z,XBTUSDT,1,35824.5,0.0452480140228,1
5.38794805556,2022-01-24T18:23:16.613Z,XBTUSDT,1,35824.5,0.0452480140228,1
5.38795222222,2022-01-24T18:23:16.628Z,XBTUSDT,1,35824.5,0.0452480140228,1
5.38795388889,2022-01-24T18:23:16.634Z,XBTUSDT,1,35824.5,0.0452480140228,1
5.38795555556,2022-01-24T18:23:16.640Z,XBTUSDT,1,35824.5,0.0452480140228,1
5.38796416667,2022-01-24T18:23:16.671Z,XBTUSDT,1,35824.5,0.0452480140228,1
5.38796527778,2022-01-24T18:23:16.675Z,XBTUSDT,1,35824.5,0.0452480140228,1
5.38796666667,2022-01-24T18:23:16.680Z,XBTUSDT,1,35824.5,0.0452480140228,1
5.38796805556,2022-01-24T18:23:16.685Z,XBTUSDT,1,35824.5,0.0452480140228,1
5.38796972222,2022-01-24T18:23:16.691Z,XBTUSDT,1,35824.5,0.0452480140228,1
5.38797055556,2022-01-24T18:23:16.694Z,XBTUSDT,1,35824.5,0.0452480140228,1
5.3879725,2022-01-24T18:23:16.701Z,XBTUSDT,1,35824.5,0.0452480140228,1
5.395485,2022-01-24T18:23:43.746Z,XBTUSDT,1,35850,0.0459595641858,1
5.39993083333,2022-01-24T18:23:59.751Z,XBTUSDT,1,35870.5,0.0465312278122,1
5.40889083333,2022-01-24T18:24:32.007Z,XBTUSDT,1,35790,0.0442845219181,1
5.40889527778,2022-01-24T18:24:32.023Z,XBTUSDT,1,35790,0.0442845219181,1
5.40889638889,2022-01-24T18:24:32.027Z,XBTUSDT,1,35790,0.0442845219181,1
5.40890527778,2022-01-24T18:24:32.059Z,XBTUSDT,1,35790,0.0442845219181,1
5.40891611111,2022-01-24T18:24:32.098Z,XBTUSDT,1,35790,0.0442845219181,1
5.40893111111,2022-01-24T18:24:32.152Z,XBTUSDT,1,35790,0.0442845219181,1
5.40893277778,2022-01-24T18:24:32.158Z,XBTUSDT,1,35790,0.0442845219181,1
5.40893388889,2022-01-24T18:24:32.162Z,XBTUSDT,1,35790,0.0442845219181,1
5.40894222222,2022-01-24T18:24:32.192Z,XBTUSDT,1,35790,0.0442845219181,1
5.40894333333,2022-01-24T18:24:32.196Z,XBTUSDT,1,35790,0.0442845219181,1
5.40894638889,2022-01-24T18:24:32.207Z,XBTUSDT,1,35790,0.0442845219181,1
5.40895444444,2022-01-24T18:24:32.236Z,XBTUSDT,1,35790,0.0442845219181,1
5.40895555556,2022-01-24T18:24:32.240Z,XBTUSDT,1,35790,0.0442845219181,1
5.40895666667,2022-01-24T18:24:32.244Z,XBTUSDT,1,35790,0.0442845219181,1
5.4089575,2022-01-24T18:24:32.247Z,XBTUSDT,1,35790,0.0442845219181,1
5.40896138889,2022-01-24T18:24:32.261Z,XBTUSDT,1,35790,0.0442845219181,1
5.40900444444,2022-01-24T18:24:32.416Z,XBTUSDT,1,35790,0.0442845219181,1
5.40902833333,2022-01-24T18:24:32.502Z,XBTUSDT,1,35790,0.0442845219181,1
5.40903611111,2022-01-24T18:24:32.530Z,XBTUSDT,1,35790,0.0442845219181,1
5.4090375,2022-01-24T18:24:32.535Z,XBTUSDT,1,35790,0.0442845219181,1
5.40908333333,2022-01-24T18:24:32.700Z,XBTUSDT,1,35790,0.0442845219181,1
5.40908416667,2022-01-24T18:24:32.703Z,XBTUSDT,1,35790,0.0442845219181,1
5.40910138889,2022-01-24T18:24:32.765Z,XBTUSDT,1,35790,0.0442845219181,1
5.40912277778,2022-01-24T18:24:32.842Z,XBTUSDT,1,35790,0.0442845219181,1
5.40917611111,2022-01-24T18:24:33.034Z,XBTUSDT,1,35790,0.0442845219181,1
5.44076027778,2022-01-24T18:26:26.737Z,XBTUSDT,1,35777,0.0439212259816,1
5.44083666667,2022-01-24T18:26:27.012Z,XBTUSDT,1,35798,0.0445080230644,1
5.4414825,2022-01-24T18:26:29.337Z,XBTUSDT,1,35800,0.0445638905468,1
5.44148777778,2022-01-24T18:26:29.356Z,XBTUSDT,1,35800,0.0445638905468,1
5.4415275,2022-01-24T18:26:29.499Z,XBTUSDT,1,35800,0.0445638905468,1
5.45073361111,2022-01-24T18:27:02.641Z,XBTUSDT,1,35770,0.0437255504111,1
5.45974138889,2022-01-24T18:27:35.069Z,XBTUSDT,1,35740,0.0428865068714,1
5.45974388889,2022-01-24T18:27:35.078Z,XBTUSDT,1,35740,0.0428865068714,1
5.45974555556,2022-01-24T18:27:35.084Z,XBTUSDT,1,35740,0.0428865068714,1
5.47140833333,2022-01-24T18:28:17.070Z,XBTUSDT,1,35780.5,0.0440190494104,1
5.47142027778,2022-01-24T18:28:17.113Z,XBTUSDT,1,35780.5,0.0440190494104,1
5.47173388889,2022-01-24T18:28:18.242Z,XBTUSDT,1,35800,0.0445638905468,1
5.50180388889,2022-01-24T18:30:06.494Z,XBTUSDT,1,35760,0.0434459474454,1
5.50181194444,2022-01-24T18:30:06.523Z,XBTUSDT,1,35760,0.0434459474454,1
5.50181888889,2022-01-24T18:30:06.548Z,XBTUSDT,1,35760,0.0434459474454,1
5.52306,2022-01-24T18:31:23.016Z,XBTUSDT,1,35897.5,0.0472836523265,1
5.62698194444,2022-01-24T18:37:37.135Z,XBTUSDT,1,35803.5,0.0446616511312,1
5.63776472222,2022-01-24T18:38:15.953Z,XBTUSDT,1,35899,0.0473254370932,1
5.63842694444,2022-01-24T18:38:18.337Z,XBTUSDT,1,35873.5,0.0466148584991,2
5.65373833333,2022-01-24T18:39:13.458Z,XBTUSDT,1,35896,0.0472418658138,1
5.67334583333,2022-01-24T18:40:24.045Z,XBTUSDT,1,35870.5681818,0.0465331285873,2
5.68641777778,2022-01-24T18:41:11.104Z,XBTUSDT,1,35923,0.0479937560176,1
5.68643027778,2022-01-24T18:41:11.149Z,XBTUSDT,1,35923,0.0479937560176,1
5.68646277778,2022-01-24T18:41:11.266Z,XBTUSDT,1,35923,0.0479937560176,1
5.68646833333,2022-01-24T18:41:11.286Z,XBTUSDT,1,35923,0.0479937560176,1
5.68646888889,2022-01-24T18:41:11.288Z,XBTUSDT,1,35923,0.0479937560176,1
5.68647166667,2022-01-24T18:41:11.298Z,XBTUSDT,1,35923,0.0479937560176,1
5.68647305556,2022-01-24T18:41:11.303Z,XBTUSDT,1,35923,0.0479937560176,1
5.68647388889,2022-01-24T18:41:11.306Z,XBTUSDT,1,35923,0.0479937560176,1
5.68647861111,2022-01-24T18:41:11.323Z,XBTUSDT,1,35923,0.0479937560176,1
5.68647972222,2022-01-24T18:41:11.327Z,XBTUSDT,1,35923,0.0479937560176,1
5.68648027778,2022-01-24T18:41:11.329Z,XBTUSDT,1,35923,0.0479937560176,1
5.68648138889,2022-01-24T18:41:11.333Z,XBTUSDT,1,35923,0.0479937560176,1
5.68648194444,2022-01-24T18:41:11.335Z,XBTUSDT,1,35923,0.0479937560176,1
5.68648277778,2022-01-24T18:41:11.338Z,XBTUSDT,1,35923,0.0479937560176,1
5.68648361111,2022-01-24T18:41:11.341Z,XBTUSDT,1,35923,0.0479937560176,1
5.68648416667,2022-01-24T18:41:11.343Z,XBTUSDT,1,35923,0.0479937560176,1
5.68648583333,2022-01-24T18:41:11.349Z,XBTUSDT,1,35923,0.0479937560176,1
5.68670638889,2022-01-24T18:41:12.143Z,XBTUSDT,1,35911.5,0.0476735756001,1
5.68671027778,2022-01-24T18:41:12.157Z,XBTUSDT,1,35911.5,0.0476735756001,1
5.68671138889,2022-01-24T18:41:12.161Z,XBTUSDT,1,35911.5,0.0476735756001,1
5.68671277778,2022-01-24T18:41:12.166Z,XBTUSDT,1,35911.5,0.0476735756001,1
5.68671388889,2022-01-24T18:41:12.170Z,XBTUSDT,1,35911.5,0.0476735756001,1
5.69449361111,2022-01-24T18:41:40.177Z,XBTUSDT,1,35967.5,0.0492317500692,1
5.69458972222,2022-01-24T18:41:40.523Z,XBTUSDT,1,35971,0.0493290554065,1
5.70728083333,2022-01-24T18:42:26.211Z,XBTUSDT,1,35941.3858875,0.0485054388968,5
5.70730722222,2022-01-24T18:42:26.306Z,XBTUSDT,1,35952,0.0488007125831,1
5.70731388889,2022-01-24T18:42:26.330Z,XBTUSDT,1,35952,0.0488007125831,1
5.70739583333,2022-01-24T18:42:26.625Z,XBTUSDT,1,35962.5,0.0490927260178,1
5.70739722222,2022-01-24T18:42:26.630Z,XBTUSDT,1,35962.5,0.0490927260178,1
5.73410916667,2022-01-24T18:44:02.793Z,XBTUSDT,1,35906,0.0475204095888,1
5.73410972222,2022-01-24T18:44:02.795Z,XBTUSDT,1,35906,0.0475204095888,1
5.73413833333,2022-01-24T18:44:02.898Z,XBTUSDT,1,35906,0.0475204095888,1
5.73614333333,2022-01-24T18:44:10.116Z,XBTUSDT,1,35898,0.0472975807761,1
5.74572277778,2022-01-24T18:44:44.602Z,XBTUSDT,1,35898,0.0472975807761,1
5.74572361111,2022-01-24T18:44:44.605Z,XBTUSDT,1,35898,0.0472975807761,1
5.74806305556,2022-01-24T18:44:53.027Z,XBTUSDT,1,35898,0.0472975807761,1
5.74808083333,2022-01-24T18:44:53.091Z,XBTUSDT,1,35900,0.0473532926344,1
5.7480825,2022-01-24T18:44:53.097Z,XBTUSDT,1,35900,0.0473532926344,1
5.78073388889,2022-01-24T18:46:50.642Z,XBTUSDT,1,36120,0.0534627256889,1
5.78785472222,2022-01-24T18:47:16.277Z,XBTUSDT,1,36155,0.054431248767,1
5.78789944444,2022-01-24T18:47:16.438Z,XBTUSDT,1,36155,0.054431248767,1
5.78790416667,2022-01-24T18:47:16.455Z,XBTUSDT,1,36155,0.054431248767,1
5.7879075,2022-01-24T18:47:16.467Z,XBTUSDT,1,36155,0.054431248767,1
5.78913777778,2022-01-24T18:47:20.896Z,XBTUSDT,1,36139,0.0539886117498,1
5.78943416667,2022-01-24T18:47:21.963Z,XBTUSDT,1,36159,0.0545418774144,1
5.808425,2022-01-24T18:48:30.330Z,XBTUSDT,1,36170,0.0548460431041,1
5.80979027778,2022-01-24T18:48:35.245Z,XBTUSDT,1,36203,0.0557579854663,1
5.809885,2022-01-24T18:48:35.586Z,XBTUSDT,1,36224.5,0.0563516826291,1
5.81312777778,2022-01-24T18:48:47.260Z,XBTUSDT,1,36191,0.0554264662766,1
5.81972194444,2022-01-24T18:49:10.999Z,XBTUSDT,1,36221.7,0.0562743838888,2
5.81986555556,2022-01-24T18:49:11.516Z,XBTUSDT,1,36261,0.0573587806856,1
5.82066527778,2022-01-24T18:49:14.395Z,XBTUSDT,1,36342.5,0.0596038524585,1
5.82067777778,2022-01-24T18:49:14.440Z,XBTUSDT,1,36342,0.059590094367,1
5.82069277778,2022-01-24T18:49:14.494Z,XBTUSDT,1,36342,0.059590094367,1
5.82268583333,2022-01-24T18:49:21.669Z,XBTUSDT,1,36395.5,0.0610611377668,1
5.82270333333,2022-01-24T18:49:21.732Z,XBTUSDT,1,36395.5,0.0610611377668,1
5.83448916667,2022-01-24T18:50:04.161Z,XBTUSDT,1,36348,0.0597551789732,1
5.839155,2022-01-24T18:50:20.958Z,XBTUSDT,1,36297,0.0583510903676,1
5.83915611111,2022-01-24T18:50:20.962Z,XBTUSDT,1,36297,0.0583510903676,1
5.83915694444,2022-01-24T18:50:20.965Z,XBTUSDT,1,36297,0.0583510903676,1
5.83916,2022-01-24T18:50:20.976Z,XBTUSDT,1,36297,0.0583510903676,1
5.83916305556,2022-01-24T18:50:20.987Z,XBTUSDT,1,36297,0.0583510903676,1
5.83916361111,2022-01-24T18:50:20.989Z,XBTUSDT,1,36297,0.0583510903676,1
5.83916666667,2022-01-24T18:50:21.000Z,XBTUSDT,1,36297,0.0583510903676,1
5.83917305556,2022-01-24T18:50:21.023Z,XBTUSDT,1,36297,0.0583510903676,1
5.85680277778,2022-01-24T18:51:24.490Z,XBTUSDT,1,36316,0.0588744126496,1
5.85861611111,2022-01-24T18:51:31.018Z,XBTUSDT,1,36316,0.0588744126496,1
5.85880777778,2022-01-24T18:51:31.708Z,XBTUSDT,1,36316,0.0588744126496,1
5.8595575,2022-01-24T18:51:34.407Z,XBTUSDT,1,36316,0.0588744126496,1
5.86087805556,2022-01-24T18:51:39.161Z,XBTUSDT,1,36297,0.0583510903676,1
5.86087972222,2022-01-24T18:51:39.167Z,XBTUSDT,1,36297,0.0583510903676,1
5.86681666667,2022-01-24T18:52:00.540Z,XBTUSDT,1,36278,0.0578274940759,1
5.86839805556,2022-01-24T18:52:06.233Z,XBTUSDT,1,36208.5,0.0559098950389,1
5.87490416667,2022-01-24T18:52:29.655Z,XBTUSDT,1,36221,0.05625505827,1
5.87773694444,2022-01-24T18:52:39.853Z,XBTUSDT,1,36243,0.0568622563457,1
5.89305388889,2022-01-24T18:53:34.994Z,XBTUSDT,1,36245,0.056917437893,1
5.90307361111,2022-01-24T18:54:11.065Z,XBTUSDT,1,36244.5,0.0569036427916,1
5.90325777778,2022-01-24T18:54:11.728Z,XBTUSDT,1,36245.2363281,0.0569239581676,3
5.90327083333,2022-01-24T18:54:11.775Z,XBTUSDT,1,36242.5108696,0.0568487603951,2
5.90327666667,2022-01-24T18:54:11.796Z,XBTUSDT,1,36242.5,0.056848460483,1
5.90328305556,2022-01-24T18:54:11.819Z,XBTUSDT,1,36242.5,0.056848460483,1
5.90328944444,2022-01-24T18:54:11.842Z,XBTUSDT,1,36239.9105263,0.0567770093912,2
5.90329722222,2022-01-24T18:54:11.870Z,XBTUSDT,1,36231.5,0.056544903343,1
5.90338444444,2022-01-24T18:54:12.184Z,XBTUSDT,1,36225.5,0.0563792878741,1
5.90339777778,2022-01-24T18:54:12.232Z,XBTUSDT,1,36225.5,0.0563792878741,1
5.90339944444,2022-01-24T18:54:12.238Z,XBTUSDT,1,36225.5,0.0563792878741,1
5.91048555556,2022-01-24T18:54:37.748Z,XBTUSDT,1,36278.5,0.0578412764386,1
5.91249138889,2022-01-24T18:54:44.969Z,XBTUSDT,1,36245.5,0.056931232804,1
5.91249222222,2022-01-24T18:54:44.972Z,XBTUSDT,1,36245.5,0.056931232804,1
5.91249583333,2022-01-24T18:54:44.985Z,XBTUSDT,1,36245.5,0.056931232804,1
5.92480888889,2022-01-24T18:55:29.312Z,XBTUSDT,1,36220,0.0562274495954,1
5.9294,2022-01-24T18:55:45.840Z,XBTUSDT,1,36183.5,0.055219210958,1
5.92946277778,2022-01-24T18:55:46.066Z,XBTUSDT,1,36176,0.0550119126757,1
5.92949555556,2022-01-24T18:55:46.184Z,XBTUSDT,1,36173.5,0.0549428036978,1
5.92972694444,2022-01-24T18:55:47.017Z,XBTUSDT,1,36190.6314103,0.0554162816555,4
5.935795,2022-01-24T18:56:08.862Z,XBTUSDT,1,36121,0.0534904107985,1
5.93582,2022-01-24T18:56:08.952Z,XBTUSDT,1,36121,0.0534904107985,1
5.93620777778,2022-01-24T18:56:10.348Z,XBTUSDT,1,36122,0.0535180951416,1
5.93695277778,2022-01-24T18:56:13.030Z,XBTUSDT,1,36121,0.0534904107985,1
5.93733,2022-01-24T18:56:14.388Z,XBTUSDT,1,36121,0.0534904107985,1
5.98568222222,2022-01-24T18:59:08.456Z,XBTUSDT,1,36112.5,0.0532550629325,1
5.99531138889,2022-01-24T18:59:43.121Z,XBTUSDT,1,36143.7474747,0.0541199701976,4
5.99542416667,2022-01-24T18:59:43.527Z,XBTUSDT,1,36164,0.0546801460153,1
5.99542527778,2022-01-24T18:59:43.531Z,XBTUSDT,1,36164,0.0546801460153,1
6.00344666667,2022-01-24T19:00:12.408Z,XBTUSDT,1,36160.8875,0.0545940760576,3
6.05027388889,2022-01-24T19:03:00.986Z,XBTUSDT,1,36253.5,0.0571519255041,1
6.05029472222,2022-01-24T19:03:01.061Z,XBTUSDT,1,36259.5,0.0573174130723,1
6.05029722222,2022-01-24T19:03:01.070Z,XBTUSDT,1,36259.5,0.0573174130723,1
6.05037055556,2022-01-24T19:03:01.334Z,XBTUSDT,1,36279.56,0.0578704944194,3
6.05050694444,2022-01-24T19:03:01.825Z,XBTUSDT,1,36285,0.0580204298702,1
6.05069,2022-01-24T19:03:02.484Z,XBTUSDT,1,36318,0.0589294832777,1
6.05071694444,2022-01-24T19:03:02.581Z,XBTUSDT,1,36325.3068182,0.0591306530352,4
6.05073611111,2022-01-24T19:03:02.650Z,XBTUSDT,1,36351.7794118,0.0598591521021,3
6.05781166667,2022-01-24T19:03:28.122Z,XBTUSDT,1,36211.5,0.0559927450804,2
6.11805027778,2022-01-24T19:07:04.981Z,XBTUSDT,1,36063,0.0518834061304,1
6.12544888889,2022-01-24T19:07:31.616Z,XBTUSDT,1,36061.5,0.0518418113879,2
6.13904916667,2022-01-24T19:08:20.577Z,XBTUSDT,1,36095,0.0527703487313,2
6.14141333333,2022-01-24T19:08:29.088Z,XBTUSDT,1,36095,0.0527703487313,1
6.14141777778,2022-01-24T19:08:29.104Z,XBTUSDT,1,36095,0.0527703487313,1
6.14141916667,2022-01-24T19:08:29.109Z,XBTUSDT,1,36095,0.0527703487313,1
6.14141944444,2022-01-24T19:08:29.110Z,XBTUSDT,1,36095,0.0527703487313,1
6.15684277778,2022-01-24T19:09:24.634Z,XBTUSDT,1,36120,0.0534627256889,1
6.20228166667,2022-01-24T19:12:08.214Z,XBTUSDT,1,36039.5,0.0512315563101,1
6.25537611111,2022-01-24T19:15:19.354Z,XBTUSDT,1,35962.5,0.0490927260178,1
6.28805694444,2022-01-24T19:17:17.005Z,XBTUSDT,1,35836,0.0455689718755,1
6.32181083333,2022-01-24T19:19:18.519Z,XBTUSDT,1,35843.5,0.0457782367288,1
6.32189361111,2022-01-24T19:19:18.817Z,XBTUSDT,1,35843.5,0.0457782367288,1
6.32189583333,2022-01-24T19:19:18.825Z,XBTUSDT,1,35843.5,0.0457782367288,1
6.32197944444,2022-01-24T19:19:19.126Z,XBTUSDT,1,35843.5,0.0457782367288,1
6.32198166667,2022-01-24T19:19:19.134Z,XBTUSDT,1,35843.5,0.0457782367288,1
6.32198222222,2022-01-24T19:19:19.136Z,XBTUSDT,1,35843.5,0.0457782367288,1
6.32198305556,2022-01-24T19:19:19.139Z,XBTUSDT,1,35843.5,0.0457782367288,1
6.32198361111,2022-01-24T19:19:19.141Z,XBTUSDT,1,35843.5,0.0457782367288,1
6.32198444444,2022-01-24T19:19:19.144Z,XBTUSDT,1,35843.5,0.0457782367288,2
6.32198583333,2022-01-24T19:19:19.149Z,XBTUSDT,1,35843.5,0.0457782367288,1
6.32198666667,2022-01-24T19:19:19.152Z,XBTUSDT,1,35843.5,0.0457782367288,1
6.32198805556,2022-01-24T19:19:19.157Z,XBTUSDT,1,35843.5,0.0457782367288,1
6.32199944444,2022-01-24T19:19:19.198Z,XBTUSDT,1,35848.5,0.0459177223062,1
6.32201777778,2022-01-24T19:19:19.264Z,XBTUSDT,1,35858.5,0.0461966351059,1
6.32333444444,2022-01-24T19:19:24.004Z,XBTUSDT,1,35937.5,0.0483973156977,1
6.385915,2022-01-24T19:23:09.294Z,XBTUSDT,1,35871.5,0.0465591054849,1
6.38595055556,2022-01-24T19:23:09.422Z,XBTUSDT,1,35869.5,0.0465033493622,1
6.38595222222,2022-01-24T19:23:09.428Z,XBTUSDT,1,35865,0.0463778867185,1
6.38600333333,2022-01-24T19:23:09.612Z,XBTUSDT,1,35862.5,0.0463081784476,1
6.38606472222,2022-01-24T19:23:09.833Z,XBTUSDT,1,35862.5,0.0463081784476,1
6.38607194444,2022-01-24T19:23:09.859Z,XBTUSDT,1,35862.5,0.0463081784476,1
6.38607361111,2022-01-24T19:23:09.865Z,XBTUSDT,1,35862.5,0.0463081784476,1
6.38608083333,2022-01-24T19:23:09.891Z,XBTUSDT,1,35858.5,0.0461966351059,1
6.45335722222,2022-01-24T19:27:12.086Z,XBTUSDT,1,35840.5,0.0456945360424,1
6.45335861111,2022-01-24T19:27:12.091Z,XBTUSDT,1,35840.5,0.0456945360424,1
6.45335916667,2022-01-24T19:27:12.093Z,XBTUSDT,1,35840.5,0.0456945360424,1
6.45336416667,2022-01-24T19:27:12.111Z,XBTUSDT,1,35840.5,0.0456945360424,1
6.45336527778,2022-01-24T19:27:12.115Z,XBTUSDT,1,35840.5,0.0456945360424,1
6.4781525,2022-01-24T19:28:41.349Z,XBTUSDT,1,35794.5,0.0444102474594,1
6.47815388889,2022-01-24T19:28:41.354Z,XBTUSDT,1,35794.5,0.0444102474594,1
6.47815611111,2022-01-24T19:28:41.362Z,XBTUSDT,1,35794.5,0.0444102474594,1
6.47815666667,2022-01-24T19:28:41.364Z,XBTUSDT,1,35794.5,0.0444102474594,1
6.47815833333,2022-01-24T19:28:41.370Z,XBTUSDT,1,35794.5,0.0444102474594,1
6.47985888889,2022-01-24T19:28:47.492Z,XBTUSDT,1,35819.5,0.045108434993,1
6.47985972222,2022-01-24T19:28:47.495Z,XBTUSDT,1,35819.5,0.045108434993,1
6.47986194444,2022-01-24T19:28:47.503Z,XBTUSDT,1,35819.5,0.045108434993,1
6.50210444444,2022-01-24T19:30:07.576Z,XBTUSDT,1,35835.72,0.0455611584729,2
6.51263777778,2022-01-24T19:30:45.496Z,XBTUSDT,1,36011,0.0504404444792,1
6.53204861111,2022-01-24T19:31:55.375Z,XBTUSDT,1,35914.5,0.0477571108103,1
6.5321525,2022-01-24T19:31:55.749Z,XBTUSDT,1,35912.8555556,0.0477113220037,2
6.56671444444,2022-01-24T19:34:00.172Z,XBTUSDT,1,35900,0.0473532926344,1
6.56758583333,2022-01-24T19:34:03.309Z,XBTUSDT,1,35874,0.046628796267,2
6.61649777778,2022-01-24T19:36:59.392Z,XBTUSDT,1,35783,0.0440889174297,1
6.61923027778,2022-01-24T19:37:09.229Z,XBTUSDT,1,35783,0.0440889174297,1
6.61935111111,2022-01-24T19:37:09.664Z,XBTUSDT,1,35783,0.0440889174297,1
6.61935194444,2022-01-24T19:37:09.667Z,XBTUSDT,1,35783,0.0440889174297,1
6.624575,2022-01-24T19:37:28.470Z,XBTUSDT,1,35749.5,0.0431522801684,1
6.62457638889,2022-01-24T19:37:28.475Z,XBTUSDT,1,35749.5,0.0431522801684,1
6.62458055556,2022-01-24T19:37:28.490Z,XBTUSDT,1,35749.5,0.0431522801684,1
6.630495,2022-01-24T19:37:49.782Z,XBTUSDT,1,35700,0.0417666859257,1
6.642535,2022-01-24T19:38:33.126Z,XBTUSDT,1,35700.5,0.0417806914299,1
6.64254,2022-01-24T19:38:33.144Z,XBTUSDT,1,35700,0.0417666859257,1
6.64255222222,2022-01-24T19:38:33.188Z,XBTUSDT,1,35700,0.0417666859257,1
6.64259555556,2022-01-24T19:38:33.344Z,XBTUSDT,1,35665.5,0.0407998321186,1
6.75112666667,2022-01-24T19:45:04.056Z,XBTUSDT,1,35756,0.0433340843657,1
6.76723222222,2022-01-24T19:46:02.036Z,XBTUSDT,1,35736,0.0427745811899,1
6.76724416667,2022-01-24T19:46:02.079Z,XBTUSDT,1,35736,0.0427745811899,1
6.76724972222,2022-01-24T19:46:02.099Z,XBTUSDT,1,35736,0.0427745811899,1
6.76791027778,2022-01-24T19:46:04.477Z,XBTUSDT,1,35754,0.043278148133,1
6.76797277778,2022-01-24T19:46:04.702Z,XBTUSDT,1,35754,0.043278148133,1
6.76799111111,2022-01-24T19:46:04.768Z,XBTUSDT,1,35754,0.043278148133,1
6.76822583333,2022-01-24T19:46:05.613Z,XBTUSDT,1,35754,0.043278148133,1
6.76823277778,2022-01-24T19:46:05.638Z,XBTUSDT,1,35754,0.043278148133,1
6.76823388889,2022-01-24T19:46:05.642Z,XBTUSDT,1,35754,0.043278148133,1
6.76823472222,2022-01-24T19:46:05.645Z,XBTUSDT,1,35754,0.043278148133,1
6.76823555556,2022-01-24T19:46:05.648Z,XBTUSDT,1,35754,0.043278148133,1
6.7682375,2022-01-24T19:46:05.655Z,XBTUSDT,1,35754,0.043278148133,1
6.76823888889,2022-01-24T19:46:05.660Z,XBTUSDT,1,35754,0.043278148133,1
6.76824111111,2022-01-24T19:46:05.668Z,XBTUSDT,1,35754,0.043278148133,1
6.76824388889,2022-01-24T19:46:05.678Z,XBTUSDT,1,35754,0.043278148133,1
6.78402777778,2022-01-24T19:47:02.500Z,XBTUSDT,1,35741.5,0.0429284757725,1
6.78402916667,2022-01-24T19:47:02.505Z,XBTUSDT,1,35741.5,0.0429284757725,1
6.79987888889,2022-01-24T19:47:59.564Z,XBTUSDT,1,35762.5,0.0435158555164,1
6.79988472222,2022-01-24T19:47:59.585Z,XBTUSDT,1,35762.5,0.0435158555164,1
6.79989555556,2022-01-24T19:47:59.624Z,XBTUSDT,1,35762.5,0.0435158555164,1
6.79991777778,2022-01-24T19:47:59.704Z,XBTUSDT,1,35762.5,0.0435158555164,1
6.79991833333,2022-01-24T19:47:59.706Z,XBTUSDT,1,35762.5,0.0435158555164,1
6.79991972222,2022-01-24T19:47:59.711Z,XBTUSDT,1,35762.5,0.0435158555164,1
6.83473027778,2022-01-24T19:50:05.029Z,XBTUSDT,1,35934.75,0.0483207910306,2
6.83569805556,2022-01-24T19:50:08.513Z,XBTUSDT,1,35926,0.0480772644868,1
6.835715,2022-01-24T19:50:08.574Z,XBTUSDT,1,35926,0.0480772644868,1
6.83571694444,2022-01-24T19:50:08.581Z,XBTUSDT,1,35926,0.0480772644868,1
6.83575777778,2022-01-24T19:50:08.728Z,XBTUSDT,1,35937.5,0.0483973156977,1
6.83578583333,2022-01-24T19:50:08.829Z,XBTUSDT,1,35939.5,0.0484529663231,1
6.83579222222,2022-01-24T19:50:08.852Z,XBTUSDT,1,35939.5,0.0484529663231,1
6.83587888889,2022-01-24T19:50:09.164Z,XBTUSDT,1,35939.5,0.0484529663231,1
6.84109777778,2022-01-24T19:50:27.952Z,XBTUSDT,1,35952,0.0488007125831,1
6.85963388889,2022-01-24T19:51:34.682Z,XBTUSDT,1,35890,0.0470747022996,1
6.88025083333,2022-01-24T19:52:48.903Z,XBTUSDT,1,35920,0.0479102405741,1
6.8982875,2022-01-24T19:53:53.835Z,XBTUSDT,1,35937.5,0.0483973156977,1
6.90041861111,2022-01-24T19:54:01.507Z,XBTUSDT,1,35932.5,0.0482581755834,1
6.91893583333,2022-01-24T19:55:08.169Z,XBTUSDT,1,35930.5,0.0482025141164,1
6.91894138889,2022-01-24T19:55:08.189Z,XBTUSDT,1,35930.5,0.0482025141164,1
6.98765972222,2022-01-24T19:59:15.575Z,XBTUSDT,1,36080,0.0523546923346,1
6.99214166667,2022-01-24T19:59:31.710Z,XBTUSDT,1,36066.5,0.0519804538016,1
6.99215444444,2022-01-24T19:59:31.756Z,XBTUSDT,1,36066.5,0.0519804538016,1
6.99215916667,2022-01-24T19:59:31.773Z,XBTUSDT,1,36066.5,0.0519804538016,1
6.99216305556,2022-01-24T19:59:31.787Z,XBTUSDT,1,36066.5,0.0519804538016,1
0.000665833333333,2022-01-24T13:00:02.397Z,ETHUSDT,2,2192.3,-0.0355640715253,1
0.00232027777778,2022-01-24T13:00:08.353Z,ETHUSDT,2,2192.55,-0.0354500425391,1
0.00263472222222,2022-01-24T13:00:09.485Z,ETHUSDT,2,2192.55,-0.0354500425391,1
0.00272472222222,2022-01-24T13:00:09.809Z,ETHUSDT,2,2189.45,-0.0368649218258,2
0.00329805555556,2022-01-24T13:00:11.873Z,ETHUSDT,2,2189.45,-0.0368649218258,1
0.00656194444444,2022-01-24T13:00:23.623Z,ETHUSDT,2,2178.85,-0.0417180778843,1
0.00657194444444,2022-01-24T13:00:23.659Z,ETHUSDT,2,2178.85,-0.0417180778843,1
0.00660611111111,2022-01-24T13:00:23.782Z,ETHUSDT,2,2178.65,-0.0418098736388,1
0.00669055555556,2022-01-24T13:00:24.086Z,ETHUSDT,2,2178,-0.0421082680496,1
0.00669166666667,2022-01-24T13:00:24.090Z,ETHUSDT,2,2178,-0.0421082680496,1
0.00683083333333,2022-01-24T13:00:24.591Z,ETHUSDT,2,2173.95,-0.0439695032058,1
0.00723638888889,2022-01-24T13:00:26.051Z,ETHUSDT,2,2178.05,-0.0420853114719,1
0.00934972222222,2022-01-24T13:00:33.659Z,ETHUSDT,2,2182.05,-0.0402504906549,1
0.00965166666667,2022-01-24T13:00:34.746Z,ETHUSDT,2,2182.05,-0.0402504906549,1
0.0107002777778,2022-01-24T13:00:38.521Z,ETHUSDT,2,2180.35,-0.0410298781875,1
0.0108991666667,2022-01-24T13:00:39.237Z,ETHUSDT,2,2178.6745,-0.041798628206,3
0.0111452777778,2022-01-24T13:00:40.123Z,ETHUSDT,2,2182.36914894,-0.0401042402945,2
0.0111530555556,2022-01-24T13:00:40.151Z,ETHUSDT,2,2182.69255319,-0.0399560617449,2
0.0146977777778,2022-01-24T13:00:52.912Z,ETHUSDT,2,2189.55,-0.0368192492978,1
0.01502,2022-01-24T13:00:54.072Z,ETHUSDT,2,2193.5,-0.0350168509362,1
0.0155811111111,2022-01-24T13:00:56.092Z,ETHUSDT,2,2195.45,-0.0341282556556,1
0.0189347222222,2022-01-24T13:01:08.165Z,ETHUSDT,2,2205.2,-0.0296970848269,1
0.0211458333333,2022-01-24T13:01:16.125Z,ETHUSDT,2,2212.45,-0.0264147937858,1
0.0242447222222,2022-01-24T13:01:27.281Z,ETHUSDT,2,2215.15,-0.0251951712658,1
0.0243008333333,2022-01-24T13:01:27.483Z,ETHUSDT,2,2215.15,-0.0251951712658,1
0.0243258333333,2022-01-24T13:01:27.573Z,ETHUSDT,2,2214.3,-0.0255789660983,1
0.0258705555556,2022-01-24T13:01:33.134Z,ETHUSDT,2,2214.6,-0.0254434922785,1
0.0273683333333,2022-01-24T13:01:38.526Z,ETHUSDT,2,2217.25,-0.0242476032859,1
0.0278863888889,2022-01-24T13:01:40.391Z,ETHUSDT,2,2221,-0.022557747648,1
0.0278938888889,2022-01-24T13:01:40.418Z,ETHUSDT,2,2221.6,-0.0222876355499,1
0.0279047222222,2022-01-24T13:01:40.457Z,ETHUSDT,2,2222.55,-0.0218601072196,1
0.0279227777778,2022-01-24T13:01:40.522Z,ETHUSDT,2,2223.75,-0.0213203325624,1
0.0279394444444,2022-01-24T13:01:40.582Z,ETHUSDT,2,2223.85,-0.0212753644897,1
0.0283275,2022-01-24T13:01:41.979Z,ETHUSDT,2,2222.6,-0.0218376107909,1
0.0288755555556,2022-01-24T13:01:43.952Z,ETHUSDT,2,2218.8,-0.0235487833614,1
0.0289819444444,2022-01-24T13:01:44.335Z,ETHUSDT,2,2215,-0.0252628890632,1
0.0289883333333,2022-01-24T13:01:44.358Z,ETHUSDT,2,2215,-0.0252628890632,1
0.0290008333333,2022-01-24T13:01:44.403Z,ETHUSDT,2,2215,-0.0252628890632,1
0.0290241666667,2022-01-24T13:01:44.487Z,ETHUSDT,2,2211.3,-0.0269347146791,1
0.0290366666667,2022-01-24T13:01:44.532Z,ETHUSDT,2,2211.3,-0.0269347146791,1
0.0291380555556,2022-01-24T13:01:44.897Z,ETHUSDT,2,2213.9,-0.0257596264123,1
0.0293675,2022-01-24T13:01:45.723Z,ETHUSDT,2,2204.10769231,-0.0301925402548,2
0.0294313888889,2022-01-24T13:01:45.953Z,ETHUSDT,2,2203.7,-0.0303775266868,1
0.0294644444444,2022-01-24T13:01:46.072Z,ETHUSDT,2,2203.7,-0.0303775266868,1
0.0294863888889,2022-01-24T13:01:46.151Z,ETHUSDT,2,2203.7,-0.0303775266868,1
0.0295033333333,2022-01-24T13:01:46.212Z,ETHUSDT,2,2202.81304348,-0.0307800928541,2
0.0295075,2022-01-24T13:01:46.227Z,ETHUSDT,2,2201.9,-0.0311946685517,1
0.0295180555556,2022-01-24T13:01:46.265Z,ETHUSDT,2,2201.9,-0.0311946685517,1
0.0295502777778,2022-01-24T13:01:46.381Z,ETHUSDT,2,2201.9,-0.0311946685517,1
0.0295566666667,2022-01-24T13:01:46.404Z,ETHUSDT,2,2202.58571429,-0.0308832976741,2
0.0296272222222,2022-01-24T13:01:46.658Z,ETHUSDT,2,2201.95,-0.031171961148,1
0.0296463888889,2022-01-24T13:01:46.727Z,ETHUSDT,2,2201.95,-0.031171961148,1
0.0296625,2022-01-24T13:01:46.785Z,ETHUSDT,2,2201.95,-0.031171961148,1
0.0296638888889,2022-01-24T13:01:46.790Z,ETHUSDT,2,2201.95,-0.031171961148,1
0.0296716666667,2022-01-24T13:01:46.818Z,ETHUSDT,2,2201.95,-0.031171961148,1
0.0296725,2022-01-24T13:01:46.821Z,ETHUSDT,2,2201.95,-0.031171961148,1
0.0296736111111,2022-01-24T13:01:46.825Z,ETHUSDT,2,2201.95,-0.031171961148,1
0.0296747222222,2022-01-24T13:01:46.829Z,ETHUSDT,2,2201.93970588,-0.0311766361595,2
0.0296755555556,2022-01-24T13:01:46.832Z,ETHUSDT,2,2201.9,-0.0311946685517,1
0.0296772222222,2022-01-24T13:01:46.838Z,ETHUSDT,2,2201.9,-0.0311946685517,1
0.0296788888889,2022-01-24T13:01:46.844Z,ETHUSDT,2,2201.9,-0.0311946685517,1
0.0296794444444,2022-01-24T13:01:46.846Z,ETHUSDT,2,2201.9,-0.0311946685517,1
0.0296838888889,2022-01-24T13:01:46.862Z,ETHUSDT,2,2201.9,-0.0311946685517,1
0.029685,2022-01-24T13:01:46.866Z,ETHUSDT,2,2201.9,-0.0311946685517,1
0.0296922222222,2022-01-24T13:01:46.892Z,ETHUSDT,2,2201.9,-0.0311946685517,1
0.0296927777778,2022-01-24T13:01:46.894Z,ETHUSDT,2,2201.9,-0.0311946685517,1
0.0296938888889,2022-01-24T13:01:46.898Z,ETHUSDT,2,2201.9,-0.0311946685517,1
0.0297138888889,2022-01-24T13:01:46.970Z,ETHUSDT,2,2201.9,-0.0311946685517,1
0.0297230555556,2022-01-24T13:01:47.003Z,ETHUSDT,2,2201.9,-0.0311946685517,1
0.0297258333333,2022-01-24T13:01:47.013Z,ETHUSDT,2,2201.9,-0.0311946685517,1
0.0297280555556,2022-01-24T13:01:47.021Z,ETHUSDT,2,2201.9,-0.0311946685517,1
0.0297297222222,2022-01-24T13:01:47.027Z,ETHUSDT,2,2201.9,-0.0311946685517,1
0.0297344444444,2022-01-24T13:01:47.044Z,ETHUSDT,2,2201.9,-0.0311946685517,1
0.0297427777778,2022-01-24T13:01:47.074Z,ETHUSDT,2,2201.9,-0.0311946685517,1
0.0297438888889,2022-01-24T13:01:47.078Z,ETHUSDT,2,2201.9,-0.0311946685517,1
0.0297458333333,2022-01-24T13:01:47.085Z,ETHUSDT,2,2201.9,-0.0311946685517,1
0.0297477777778,2022-01-24T13:01:47.092Z,ETHUSDT,2,2201.9,-0.0311946685517,1
0.0297533333333,2022-01-24T13:01:47.112Z,ETHUSDT,2,2201.9,-0.0311946685517,1
0.0297555555556,2022-01-24T13:01:47.120Z,ETHUSDT,2,2201.9,-0.0311946685517,1
0.0297638888889,2022-01-24T13:01:47.150Z,ETHUSDT,2,2201.9,-0.0311946685517,1
0.0297686111111,2022-01-24T13:01:47.167Z,ETHUSDT,2,2201.9,-0.0311946685517,1
0.0297691666667,2022-01-24T13:01:47.169Z,ETHUSDT,2,2201.9,-0.0311946685517,1
0.0297702777778,2022-01-24T13:01:47.173Z,ETHUSDT,2,2201.9,-0.0311946685517,1
0.0297708333333,2022-01-24T13:01:47.175Z,ETHUSDT,2,2201.9,-0.0311946685517,1
0.0297719444444,2022-01-24T13:01:47.179Z,ETHUSDT,2,2201.9,-0.0311946685517,1
0.0297725,2022-01-24T13:01:47.181Z,ETHUSDT,2,2201.9,-0.0311946685517,1
0.0297733333333,2022-01-24T13:01:47.184Z,ETHUSDT,2,2201.9,-0.0311946685517,1
0.0297747222222,2022-01-24T13:01:47.189Z,ETHUSDT,2,2201.9,-0.0311946685517,1
0.0297752777778,2022-01-24T13:01:47.191Z,ETHUSDT,2,2201.9,-0.0311946685517,1
0.0297788888889,2022-01-24T13:01:47.204Z,ETHUSDT,2,2201.9,-0.0311946685517,1
0.0297886111111,2022-01-24T13:01:47.239Z,ETHUSDT,2,2201.9,-0.0311946685517,1
0.0297938888889,2022-01-24T13:01:47.258Z,ETHUSDT,2,2201.9,-0.0311946685517,1
0.0298088888889,2022-01-24T13:01:47.312Z,ETHUSDT,2,2201.9,-0.0311946685517,1
0.0298694444444,2022-01-24T13:01:47.530Z,ETHUSDT,2,2201.9,-0.0311946685517,1
0.0298830555556,2022-01-24T13:01:47.579Z,ETHUSDT,2,2201.9,-0.0311946685517,1
0.0299163888889,2022-01-24T13:01:47.699Z,ETHUSDT,2,2201.9,-0.0311946685517,1
0.0299222222222,2022-01-24T13:01:47.720Z,ETHUSDT,2,2201.9,-0.0311946685517,1
0.0299263888889,2022-01-24T13:01:47.735Z,ETHUSDT,2,2201.9,-0.0311946685517,1
0.0299286111111,2022-01-24T13:01:47.743Z,ETHUSDT,2,2201.9,-0.0311946685517,1
0.0299325,2022-01-24T13:01:47.757Z,ETHUSDT,2,2201.9,-0.0311946685517,1
0.0299369444444,2022-01-24T13:01:47.773Z,ETHUSDT,2,2201.9,-0.0311946685517,1
0.0299375,2022-01-24T13:01:47.775Z,ETHUSDT,2,2201.9,-0.0311946685517,1
0.0299391666667,2022-01-24T13:01:47.781Z,ETHUSDT,2,2201.9,-0.0311946685517,1
0.0299441666667,2022-01-24T13:01:47.799Z,ETHUSDT,2,2201.9,-0.0311946685517,1
0.0299577777778,2022-01-24T13:01:47.848Z,ETHUSDT,2,2201.9,-0.0311946685517,1
0.0299797222222,2022-01-24T13:01:47.927Z,ETHUSDT,2,2201.9,-0.0311946685517,1
0.0299875,2022-01-24T13:01:47.955Z,ETHUSDT,2,2201.9,-0.0311946685517,1
0.0299880555556,2022-01-24T13:01:47.957Z,ETHUSDT,2,2201.9,-0.0311946685517,1
0.0299952777778,2022-01-24T13:01:47.983Z,ETHUSDT,2,2201.9,-0.0311946685517,1
0.0299966666667,2022-01-24T13:01:47.988Z,ETHUSDT,2,2201.9,-0.0311946685517,1
0.0299977777778,2022-01-24T13:01:47.992Z,ETHUSDT,2,2201.9,-0.0311946685517,1
0.0300063888889,2022-01-24T13:01:48.023Z,ETHUSDT,2,2201.9,-0.0311946685517,1
0.0300119444444,2022-01-24T13:01:48.043Z,ETHUSDT,2,2201.9,-0.0311946685517,1
0.0300127777778,2022-01-24T13:01:48.046Z,ETHUSDT,2,2201.9,-0.0311946685517,1
0.0300166666667,2022-01-24T13:01:48.060Z,ETHUSDT,2,2201.9,-0.0311946685517,1
0.0300186111111,2022-01-24T13:01:48.067Z,ETHUSDT,2,2201.9,-0.0311946685517,1
0.0300191666667,2022-01-24T13:01:48.069Z,ETHUSDT,2,2201.9,-0.0311946685517,1
0.0300308333333,2022-01-24T13:01:48.111Z,ETHUSDT,2,2201.9,-0.0311946685517,1
0.0300361111111,2022-01-24T13:01:48.130Z,ETHUSDT,2,2200.567,-0.0318002381293,2
0.0300419444444,2022-01-24T13:01:48.151Z,ETHUSDT,2,2197.75,-0.0330811828112,1
0.0300433333333,2022-01-24T13:01:48.156Z,ETHUSDT,2,2197.75,-0.0330811828112,1
0.0300466666667,2022-01-24T13:01:48.168Z,ETHUSDT,2,2197.75,-0.0330811828112,1
0.0300475,2022-01-24T13:01:48.171Z,ETHUSDT,2,2197.71083333,-0.0330990042266,2
0.0300491666667,2022-01-24T13:01:48.177Z,ETHUSDT,2,2197.7,-0.0331039336103,1
0.0300658333333,2022-01-24T13:01:48.237Z,ETHUSDT,2,2197.7,-0.0331039336103,1
0.0300691666667,2022-01-24T13:01:48.249Z,ETHUSDT,2,2197.7,-0.0331039336103,1
0.0301391666667,2022-01-24T13:01:48.501Z,ETHUSDT,2,2194.8,-0.0344243663576,1
0.0303297222222,2022-01-24T13:01:49.187Z,ETHUSDT,2,2193.2,-0.0351536280126,1
0.0303308333333,2022-01-24T13:01:49.191Z,ETHUSDT,2,2193.17833333,-0.0351635070814,3
0.0305905555556,2022-01-24T13:01:50.126Z,ETHUSDT,2,2201.85,-0.0312173764711,1
0.0312772222222,2022-01-24T13:01:52.598Z,ETHUSDT,2,2201.75,-0.0312627938569,1
0.0313052777778,2022-01-24T13:01:52.699Z,ETHUSDT,2,2203.6,-0.0304229059439,1
0.0313341666667,2022-01-24T13:01:52.803Z,ETHUSDT,2,2194.05627615,-0.0347632810132,3
0.0315411111111,2022-01-24T13:01:53.548Z,ETHUSDT,2,2206.35,-0.029175726109,1
0.03155,2022-01-24T13:01:53.580Z,ETHUSDT,2,2206.45,-0.0291304034114,2
0.0315783333333,2022-01-24T13:01:53.682Z,ETHUSDT,2,2206.5,-0.0291077428329,1
0.0315869444444,2022-01-24T13:01:53.713Z,ETHUSDT,2,2206.55,-0.0290850827678,1
0.0316019444444,2022-01-24T13:01:53.767Z,ETHUSDT,2,2207.1,-0.0288358559361,1
0.0317661111111,2022-01-24T13:01:54.358Z,ETHUSDT,2,2201.478,-0.0313863395831,2
0.0319361111111,2022-01-24T13:01:54.970Z,ETHUSDT,2,2202.75,-0.0308087127956,1
0.0356713888889,2022-01-24T13:02:08.417Z,ETHUSDT,2,2202.95,-0.0307179213209,1
0.0364919444444,2022-01-24T13:02:11.371Z,ETHUSDT,2,2206.9,-0.0289264766884,1
0.0458525,2022-01-24T13:02:45.069Z,ETHUSDT,2,2201.95,-0.031171961148,1
0.0584141666667,2022-01-24T13:03:30.291Z,ETHUSDT,2,2200.65,-0.0317625212887,1
0.0586288888889,2022-01-24T13:03:31.064Z,ETHUSDT,2,2196,-0.033877768913,1
0.0588094444444,2022-01-24T13:03:31.714Z,ETHUSDT,2,2192.1,-0.0356553040772,1
0.0588477777778,2022-01-24T13:03:31.852Z,ETHUSDT,2,2192.1,-0.0356553040772,1
0.0590880555556,2022-01-24T13:03:32.717Z,ETHUSDT,2,2184.55,-0.0391054348801,1
0.0590908333333,2022-01-24T13:03:32.727Z,ETHUSDT,2,2184.55,-0.0391054348801,1
0.0592141666667,2022-01-24T13:03:33.171Z,ETHUSDT,2,2187.1,-0.037938827174,2
0.0592955555556,2022-01-24T13:03:33.464Z,ETHUSDT,2,2184.6,-0.039082547133,1
0.0598741666667,2022-01-24T13:03:35.547Z,ETHUSDT,2,2173.56891892,-0.044144812889,2
0.0598872222222,2022-01-24T13:03:35.594Z,ETHUSDT,2,2173.63076923,-0.0441163576459,2
0.0608802777778,2022-01-24T13:03:39.169Z,ETHUSDT,2,2188.45,-0.0373217618712,1
0.0608930555556,2022-01-24T13:03:39.215Z,ETHUSDT,2,2188.6,-0.0372532225581,1
0.0611516666667,2022-01-24T13:03:40.146Z,ETHUSDT,2,2187.2,-0.0378931055728,1
0.0616536111111,2022-01-24T13:03:41.953Z,ETHUSDT,2,2187.63703704,-0.0376933097702,2
0.0617136111111,2022-01-24T13:03:42.169Z,ETHUSDT,2,2186.95,-0.0380074134956,1
0.0617305555556,2022-01-24T13:03:42.230Z,ETHUSDT,2,2177,-0.0425675103079,1
0.0617388888889,2022-01-24T13:03:42.260Z,ETHUSDT,2,2185.15,-0.0388308164835,1
0.0617558333333,2022-01-24T13:03:42.321Z,ETHUSDT,2,2193.75,-0.0349028843283,1
0.0681794444444,2022-01-24T13:04:05.446Z,ETHUSDT,2,2187.8,-0.0376188198568,1
0.0681816666667,2022-01-24T13:04:05.454Z,ETHUSDT,2,2187.8,-0.0376188198568,1
0.0686055555556,2022-01-24T13:04:06.980Z,ETHUSDT,2,2187.8,-0.0376188198568,1
0.0688030555556,2022-01-24T13:04:07.691Z,ETHUSDT,2,2187.8,-0.0376188198568,1
0.0705958333333,2022-01-24T13:04:14.145Z,ETHUSDT,2,2184.7,-0.0390367732104,1
0.0707188888889,2022-01-24T13:04:14.588Z,ETHUSDT,2,2184.7,-0.0390367732104,1
0.0748758333333,2022-01-24T13:04:29.553Z,ETHUSDT,2,2180.765,-0.0408395598853,4
0.0751011111111,2022-01-24T13:04:30.364Z,ETHUSDT,2,2178.7,-0.0417869239102,1
0.0766380555556,2022-01-24T13:04:35.897Z,ETHUSDT,2,2188.15,-0.0374588545917,1
0.0772202777778,2022-01-24T13:04:37.993Z,ETHUSDT,2,2185.5125,-0.0386649377405,3
0.0773175,2022-01-24T13:04:38.343Z,ETHUSDT,2,2184.25,-0.0392427723643,1
0.0804391666667,2022-01-24T13:04:49.581Z,ETHUSDT,2,2185.19052632,-0.0388122704157,2
0.0804566666667,2022-01-24T13:04:49.644Z,ETHUSDT,2,2184.5,-0.039128323151,1
0.0811505555556,2022-01-24T13:04:52.142Z,ETHUSDT,2,2182.864,-0.0398775165209,2
0.0814838888889,2022-01-24T13:04:53.342Z,ETHUSDT,2,2182.25,-0.040158837927,1
0.0824594444444,2022-01-24T13:04:56.854Z,ETHUSDT,2,2179.214,-0.041551031232,2
0.0825961111111,2022-01-24T13:04:57.346Z,ETHUSDT,2,2181.9,-0.0403192357139,1
0.0826813888889,2022-01-24T13:04:57.653Z,ETHUSDT,2,2181.9,-0.0403192357139,1
0.0827247222222,2022-01-24T13:04:57.809Z,ETHUSDT,2,2172.7735,-0.0445108304969,3
0.0831658333333,2022-01-24T13:04:59.397Z,ETHUSDT,2,2174.3,-0.0438085189015,1
0.0841247222222,2022-01-24T13:05:02.849Z,ETHUSDT,2,2179.2,-0.0415574555873,1
0.119016944444,2022-01-24T13:07:08.461Z,ETHUSDT,2,2182.45,-0.0400671935986,1
0.119017222222,2022-01-24T13:07:08.462Z,ETHUSDT,2,2182.45,-0.0400671935986,1
0.146257777778,2022-01-24T13:08:46.528Z,ETHUSDT,2,2187.9,-0.0375731128842,1
0.147961111111,2022-01-24T13:08:52.660Z,ETHUSDT,2,2189.35,-0.0369105964398,1
0.150524722222,2022-01-24T13:09:01.889Z,ETHUSDT,2,2191,-0.036157231947,1
0.150834722222,2022-01-24T13:09:03.005Z,ETHUSDT,2,2194,-0.0347889307073,1
0.150836111111,2022-01-24T13:09:03.010Z,ETHUSDT,2,2194,-0.0347889307073,1
0.150838055556,2022-01-24T13:09:03.017Z,ETHUSDT,2,2194,-0.0347889307073,1
0.150846944444,2022-01-24T13:09:03.049Z,ETHUSDT,2,2194,-0.0347889307073,1
0.150847777778,2022-01-24T13:09:03.052Z,ETHUSDT,2,2194,-0.0347889307073,1
0.1528375,2022-01-24T13:09:10.215Z,ETHUSDT,2,2202.25,-0.0310357275526,2
0.152850277778,2022-01-24T13:09:10.261Z,ETHUSDT,2,2202.35,-0.0309903204781,1
0.152860555556,2022-01-24T13:09:10.298Z,ETHUSDT,2,2202.38424658,-0.0309747705841,2
0.152861388889,2022-01-24T13:09:10.301Z,ETHUSDT,2,2202.4,-0.0309676177141,1
0.153526666667,2022-01-24T13:09:12.696Z,ETHUSDT,2,2202.25,-0.0310357275526,1
0.153586944444,2022-01-24T13:09:12.913Z,ETHUSDT,2,2204.71788079,-0.029915737065,5
0.153666944444,2022-01-24T13:09:13.201Z,ETHUSDT,2,2207.98216259,-0.0284362427158,4
0.153883888889,2022-01-24T13:09:13.982Z,ETHUSDT,2,2218.444,-0.0237092433229,2
0.154014722222,2022-01-24T13:09:14.453Z,ETHUSDT,2,2211.25,-0.0269573260685,1
0.154439166667,2022-01-24T13:09:15.981Z,ETHUSDT,2,2219,-0.0234586486099,1
0.154549722222,2022-01-24T13:09:16.379Z,ETHUSDT,2,2219,-0.0234586486099,1
0.154671944444,2022-01-24T13:09:16.819Z,ETHUSDT,2,2219,-0.0234586486099,1
0.154864166667,2022-01-24T13:09:17.511Z,ETHUSDT,2,2219,-0.0234586486099,1
0.154988888889,2022-01-24T13:09:17.960Z,ETHUSDT,2,2221.85,-0.0221751103722,1
0.155125277778,2022-01-24T13:09:18.451Z,ETHUSDT,2,2226.5,-0.0200844467807,2
0.158038611111,2022-01-24T13:09:28.939Z,ETHUSDT,2,2215.65,-0.0249694783877,1
0.158113888889,2022-01-24T13:09:29.210Z,ETHUSDT,2,2215,-0.0252628890632,1
0.160269444444,2022-01-24T13:09:36.970Z,ETHUSDT,2,2218.58428571,-0.0236460092368,2
0.160350833333,2022-01-24T13:09:37.263Z,ETHUSDT,2,2218.88461538,-0.0235106484366,2
0.160353611111,2022-01-24T13:09:37.273Z,ETHUSDT,2,2223.206,-0.0215649943053,3
0.1606775,2022-01-24T13:09:38.439Z,ETHUSDT,2,2225.75,-0.0204213550887,1
0.164645277778,2022-01-24T13:09:52.723Z,ETHUSDT,2,2219.05,-0.0234361161914,1
0.164731111111,2022-01-24T13:09:53.032Z,ETHUSDT,2,2219.05,-0.0234361161914,1
0.166863055556,2022-01-24T13:10:00.707Z,ETHUSDT,2,2217,-0.0243603619262,1
0.167652222222,2022-01-24T13:10:03.548Z,ETHUSDT,2,2216.95,-0.02438291518,1
0.167661111111,2022-01-24T13:10:03.580Z,ETHUSDT,2,2216.95,-0.02438291518,1
0.167669722222,2022-01-24T13:10:03.611Z,ETHUSDT,2,2217.1,-0.0243152569443,1
0.167741388889,2022-01-24T13:10:03.869Z,ETHUSDT,2,2219.3,-0.0233234617138,1
0.167895555556,2022-01-24T13:10:04.424Z,ETHUSDT,2,2219.35,-0.0233009323411,1
0.169510555556,2022-01-24T13:10:10.238Z,ETHUSDT,2,2223.66,-0.0213608055568,2
0.169827777778,2022-01-24T13:10:11.380Z,ETHUSDT,2,2226.05,-0.0202865781443,1
0.1709,2022-01-24T13:10:15.240Z,ETHUSDT,2,2231.7,-0.0177516656771,2
0.188108611111,2022-01-24T13:11:17.191Z,ETHUSDT,2,2225.95,-0.0203315017742,1
0.189595,2022-01-24T13:11:22.542Z,ETHUSDT,2,2227.05,-0.0198374528084,1
0.189705277778,2022-01-24T13:11:22.939Z,ETHUSDT,2,2227.05,-0.0198374528084,1
0.192106111111,2022-01-24T13:11:31.582Z,ETHUSDT,2,2227.2,-0.0197701014024,1
0.192106944444,2022-01-24T13:11:31.585Z,ETHUSDT,2,2227.2,-0.0197701014024,1
0.194258611111,2022-01-24T13:11:39.331Z,ETHUSDT,2,2221.6,-0.0222876355499,1
0.194261666667,2022-01-24T13:11:39.342Z,ETHUSDT,2,2221.6,-0.0222876355499,1
0.197608055556,2022-01-24T13:11:51.389Z,ETHUSDT,2,2214,-0.0257144582739,1
0.250472777778,2022-01-24T13:15:01.702Z,ETHUSDT,2,2208.25,-0.0283149459172,1
0.250488055556,2022-01-24T13:15:01.757Z,ETHUSDT,2,2208.25,-0.0283149459172,1
0.254285277778,2022-01-24T13:15:15.427Z,ETHUSDT,2,2218.55,-0.0236614632267,1
0.295193055556,2022-01-24T13:17:42.695Z,ETHUSDT,2,2210.56497462,-0.0272671650781,3
0.295276111111,2022-01-24T13:17:42.994Z,ETHUSDT,2,2206.31313559,-0.0291924345708,6
0.303985555556,2022-01-24T13:18:14.348Z,ETHUSDT,2,2202.4,-0.0309676177141,1
0.335000833333,2022-01-24T13:20:06.003Z,ETHUSDT,2,2202.95,-0.0307179213209,1
0.335005,2022-01-24T13:20:06.018Z,ETHUSDT,2,2202.95,-0.0307179213209,1
0.335995,2022-01-24T13:20:09.582Z,ETHUSDT,2,2201.55,-0.0313536348171,1
0.336960555556,2022-01-24T13:20:13.058Z,ETHUSDT,2,2197.21666667,-0.033323884691,2
0.336987222222,2022-01-24T13:20:13.154Z,ETHUSDT,2,2195.75,-0.0339916187452,1
0.337825833333,2022-01-24T13:20:16.173Z,ETHUSDT,2,2194.45,-0.0345838469071,1
0.341693611111,2022-01-24T13:20:30.097Z,ETHUSDT,2,2196.95,-0.0334452577236,1
0.341746666667,2022-01-24T13:20:30.288Z,ETHUSDT,2,2196.95,-0.0334452577236,1
0.341747777778,2022-01-24T13:20:30.292Z,ETHUSDT,2,2196.95,-0.0334452577236,1
0.341755555556,2022-01-24T13:20:30.320Z,ETHUSDT,2,2196.95,-0.0334452577236,1
0.341756944444,2022-01-24T13:20:30.325Z,ETHUSDT,2,2196.95,-0.0334452577236,1
0.341786944444,2022-01-24T13:20:30.433Z,ETHUSDT,2,2196.95,-0.0334452577236,1
0.341966666667,2022-01-24T13:20:31.080Z,ETHUSDT,2,2200.7685,-0.0317086750116,3
0.343358888889,2022-01-24T13:20:36.092Z,ETHUSDT,2,2196.95,-0.0334452577236,1
0.379177777778,2022-01-24T13:22:45.040Z,ETHUSDT,2,2209.75,-0.0276359056014,1
0.386972222222,2022-01-24T13:23:13.100Z,ETHUSDT,2,2209.7,-0.0276585328514,1
0.387088055556,2022-01-24T13:23:13.517Z,ETHUSDT,2,2210.35,-0.0273644185293,1
0.3871,2022-01-24T13:23:13.560Z,ETHUSDT,2,2211.2,-0.0269799379691,1
0.390582222222,2022-01-24T13:23:26.096Z,ETHUSDT,2,2211.9,-0.0266634178788,1
0.390586111111,2022-01-24T13:23:26.110Z,ETHUSDT,2,2211.9,-0.0266634178788,1
0.391293888889,2022-01-24T13:23:28.658Z,ETHUSDT,2,2219.95,-0.0230306194523,1
0.392100277778,2022-01-24T13:23:31.561Z,ETHUSDT,2,2223.85,-0.0212753644897,1
0.3939325,2022-01-24T13:23:38.157Z,ETHUSDT,2,2221.1,-0.022512723898,1
0.397591944444,2022-01-24T13:23:51.331Z,ETHUSDT,2,2218.8,-0.0235487833614,1
0.397593055556,2022-01-24T13:23:51.335Z,ETHUSDT,2,2218.8,-0.0235487833614,1
0.407351944444,2022-01-24T13:24:26.467Z,ETHUSDT,2,2216.75,-0.0244731332823,1
0.407362222222,2022-01-24T13:24:26.504Z,ETHUSDT,2,2216.75,-0.0244731332823,1
0.407411388889,2022-01-24T13:24:26.681Z,ETHUSDT,2,2217.1,-0.0243152569443,1
0.434624444444,2022-01-24T13:26:04.648Z,ETHUSDT,2,2218.65,-0.023616389757,1
0.449163055556,2022-01-24T13:26:56.987Z,ETHUSDT,2,2227.55,-0.0196129657603,1
0.451659722222,2022-01-24T13:27:05.975Z,ETHUSDT,2,2227.275,-0.0197364274004,3
0.4735025,2022-01-24T13:28:24.609Z,ETHUSDT,2,2221.8,-0.0221976143948,1
0.501939166667,2022-01-24T13:30:06.981Z,ETHUSDT,2,2216,-0.0248115236753,1
0.502472222222,2022-01-24T13:30:08.900Z,ETHUSDT,2,2214.35,-0.0255563858538,1
0.503011944444,2022-01-24T13:30:10.843Z,ETHUSDT,2,2215.45,-0.0250597494266,2
0.503976666667,2022-01-24T13:30:14.316Z,ETHUSDT,2,2220.73576642,-0.0226767252689,2
0.503984444444,2022-01-24T13:30:14.344Z,ETHUSDT,2,2220.75,-0.0226703158927,1
0.514705833333,2022-01-24T13:30:52.941Z,ETHUSDT,2,2224.7,-0.0208932174934,1
0.514718333333,2022-01-24T13:30:52.986Z,ETHUSDT,2,2224.7,-0.0208932174934,1
0.564701944444,2022-01-24T13:33:52.927Z,ETHUSDT,2,2220.7,-0.0226928310623,1
0.564709722222,2022-01-24T13:33:52.955Z,ETHUSDT,2,2220.7,-0.0226928310623,1
0.564711944444,2022-01-24T13:33:52.963Z,ETHUSDT,2,2220.7,-0.0226928310623,1
0.564713611111,2022-01-24T13:33:52.969Z,ETHUSDT,2,2220.7,-0.0226928310623,1
0.564741111111,2022-01-24T13:33:53.068Z,ETHUSDT,2,2218.73642973,-0.0235774345176,6
0.564775555556,2022-01-24T13:33:53.192Z,ETHUSDT,2,2218.5,-0.0236840007235,1
0.564831388889,2022-01-24T13:33:53.393Z,ETHUSDT,2,2218.2,-0.0238192363718,1
0.5648325,2022-01-24T13:33:53.397Z,ETHUSDT,2,2217.98,-0.0239184208054,2
0.564843333333,2022-01-24T13:33:53.436Z,ETHUSDT,2,2217.8,-0.0239995790233,1
0.567401944444,2022-01-24T13:34:02.647Z,ETHUSDT,2,2212.5462585,-0.0263712870808,3
0.567403333333,2022-01-24T13:34:02.652Z,ETHUSDT,2,2212.05,-0.0265956051774,1
0.567418888889,2022-01-24T13:34:02.708Z,ETHUSDT,2,2211.9,-0.0266634178788,1
0.567421944444,2022-01-24T13:34:02.719Z,ETHUSDT,2,2211.9,-0.0266634178788,1
0.577142777778,2022-01-24T13:34:37.714Z,ETHUSDT,2,2205,-0.0297877836615,1
0.586619722222,2022-01-24T13:35:11.831Z,ETHUSDT,2,2204.25,-0.0301279775753,1
0.615539444444,2022-01-24T13:36:55.942Z,ETHUSDT,2,2202.35,-0.0309903204781,1
0.615542222222,2022-01-24T13:36:55.952Z,ETHUSDT,2,2202.35,-0.0309903204781,1
0.615543888889,2022-01-24T13:36:55.958Z,ETHUSDT,2,2202.35,-0.0309903204781,1
0.627286666667,2022-01-24T13:37:38.232Z,ETHUSDT,2,2193.86944444,-0.0348484382005,2
0.6273275,2022-01-24T13:37:38.379Z,ETHUSDT,2,2192.79666667,-0.0353375466815,2
0.627355,2022-01-24T13:37:38.478Z,ETHUSDT,2,2190.85,-0.0362256961802,1
0.62742,2022-01-24T13:37:38.712Z,ETHUSDT,2,2190.85,-0.0362256961802,1
0.627516111111,2022-01-24T13:37:39.058Z,ETHUSDT,2,2190.85,-0.0362256961802,1
0.627526388889,2022-01-24T13:37:39.095Z,ETHUSDT,2,2190.85,-0.0362256961802,1
0.627576111111,2022-01-24T13:37:39.274Z,ETHUSDT,2,2190.8,-0.0362485186329,1
0.627583888889,2022-01-24T13:37:39.302Z,ETHUSDT,2,2190.8,-0.0362485186329,1
0.627585,2022-01-24T13:37:39.306Z,ETHUSDT,2,2190.8,-0.0362485186329,1
0.627586944444,2022-01-24T13:37:39.313Z,ETHUSDT,2,2190.8,-0.0362485186329,1
0.627590277778,2022-01-24T13:37:39.325Z,ETHUSDT,2,2190.8,-0.0362485186329,1
0.627692777778,2022-01-24T13:37:39.694Z,ETHUSDT,2,2190.15,-0.0365452579268,1
0.627733611111,2022-01-24T13:37:39.841Z,ETHUSDT,2,2190.15,-0.0365452579268,1
0.627945,2022-01-24T13:37:40.602Z,ETHUSDT,2,2189.45,-0.0368649218258,1
0.627952222222,2022-01-24T13:37:40.628Z,ETHUSDT,2,2188.25,-0.0374131549299,1
0.628071111111,2022-01-24T13:37:41.056Z,ETHUSDT,2,2188.25,-0.0374131549299,1
0.628071944444,2022-01-24T13:37:41.059Z,ETHUSDT,2,2188.25,-0.0374131549299,1
0.628241666667,2022-01-24T13:37:41.670Z,ETHUSDT,2,2188.15,-0.0374588545917,1
0.628591944444,2022-01-24T13:37:42.931Z,ETHUSDT,2,2189.2,-0.0369791122727,1
0.628929166667,2022-01-24T13:37:44.145Z,ETHUSDT,2,2190.1,-0.0365680876739,1
0.628946944444,2022-01-24T13:37:44.209Z,ETHUSDT,2,2190.3,-0.0364767718123,1
0.628948611111,2022-01-24T13:37:44.215Z,ETHUSDT,2,2190.3,-0.0364767718123,1
0.628993333333,2022-01-24T13:37:44.376Z,ETHUSDT,2,2190.8,-0.0362485186329,1
0.674331666667,2022-01-24T13:40:27.594Z,ETHUSDT,2,2193.45,-0.0350396458165,1
0.674346111111,2022-01-24T13:40:27.646Z,ETHUSDT,2,2193.45,-0.0350396458165,1
0.678236388889,2022-01-24T13:40:41.651Z,ETHUSDT,2,2190.05,-0.0365909179423,1
0.679384166667,2022-01-24T13:40:45.783Z,ETHUSDT,2,2187.628,-0.0376974407369,2
0.680661666667,2022-01-24T13:40:50.382Z,ETHUSDT,2,2184.6,-0.039082547133,1
0.680671666667,2022-01-24T13:40:50.418Z,ETHUSDT,2,2184.55,-0.0391054348801,1
0.681548888889,2022-01-24T13:40:53.576Z,ETHUSDT,2,2183.9,-0.0394030232717,1
0.681589166667,2022-01-24T13:40:53.721Z,ETHUSDT,2,2182,-0.0402734051494,1
0.690314166667,2022-01-24T13:41:25.131Z,ETHUSDT,2,2185.65,-0.0386020254145,1
0.690315,2022-01-24T13:41:25.134Z,ETHUSDT,2,2185.65,-0.0386020254145,1
0.710520833333,2022-01-24T13:42:37.875Z,ETHUSDT,2,2190.95,-0.0361800528372,1
0.710636666667,2022-01-24T13:42:38.292Z,ETHUSDT,2,2190.95,-0.0361800528372,1
0.711007777778,2022-01-24T13:42:39.628Z,ETHUSDT,2,2190.95,-0.0361800528372,1
0.711035833333,2022-01-24T13:42:39.729Z,ETHUSDT,2,2190.95,-0.0361800528372,1
0.711115277778,2022-01-24T13:42:40.015Z,ETHUSDT,2,2190.95,-0.0361800528372,1
0.711116944444,2022-01-24T13:42:40.021Z,ETHUSDT,2,2190.95,-0.0361800528372,1
0.7111175,2022-01-24T13:42:40.023Z,ETHUSDT,2,2190.95,-0.0361800528372,1
0.711118888889,2022-01-24T13:42:40.028Z,ETHUSDT,2,2190.95,-0.0361800528372,1
0.711123333333,2022-01-24T13:42:40.044Z,ETHUSDT,2,2190.95,-0.0361800528372,1
0.711123888889,2022-01-24T13:42:40.046Z,ETHUSDT,2,2190.95,-0.0361800528372,1
0.711125,2022-01-24T13:42:40.050Z,ETHUSDT,2,2190.95,-0.0361800528372,1
0.711127222222,2022-01-24T13:42:40.058Z,ETHUSDT,2,2190.95,-0.0361800528372,1
0.711129166667,2022-01-24T13:42:40.065Z,ETHUSDT,2,2190.95,-0.0361800528372,1
0.711141111111,2022-01-24T13:42:40.108Z,ETHUSDT,2,2190.95,-0.0361800528372,1
0.711153333333,2022-01-24T13:42:40.152Z,ETHUSDT,2,2190.95,-0.0361800528372,1
0.711158055556,2022-01-24T13:42:40.169Z,ETHUSDT,2,2190.95,-0.0361800528372,1
0.711167777778,2022-01-24T13:42:40.204Z,ETHUSDT,2,2190.95,-0.0361800528372,1
0.711168333333,2022-01-24T13:42:40.206Z,ETHUSDT,2,2190.95,-0.0361800528372,1
0.711168611111,2022-01-24T13:42:40.207Z,ETHUSDT,2,2190.95,-0.0361800528372,1
0.711169444444,2022-01-24T13:42:40.210Z,ETHUSDT,2,2190.95,-0.0361800528372,1
0.711170277778,2022-01-24T13:42:40.213Z,ETHUSDT,2,2190.95,-0.0361800528372,1
0.7111725,2022-01-24T13:42:40.221Z,ETHUSDT,2,2190.95,-0.0361800528372,1
0.711173055556,2022-01-24T13:42:40.223Z,ETHUSDT,2,2190.95,-0.0361800528372,1
0.711173333333,2022-01-24T13:42:40.224Z,ETHUSDT,2,2190.95,-0.0361800528372,1
0.711173888889,2022-01-24T13:42:40.226Z,ETHUSDT,2,2190.95,-0.0361800528372,1
0.711175,2022-01-24T13:42:40.230Z,ETHUSDT,2,2190.95,-0.0361800528372,1
0.711176111111,2022-01-24T13:42:40.234Z,ETHUSDT,2,2190.95,-0.0361800528372,1
0.711176666667,2022-01-24T13:42:40.236Z,ETHUSDT,2,2190.95,-0.0361800528372,1
0.711177222222,2022-01-24T13:42:40.238Z,ETHUSDT,2,2190.95,-0.0361800528372,1
0.711314722222,2022-01-24T13:42:40.733Z,ETHUSDT,2,2193.15,-0.0351764260109,1
0.7113275,2022-01-24T13:42:40.779Z,ETHUSDT,2,2193.18428571,-0.0351607930418,2
0.711334444444,2022-01-24T13:42:40.804Z,ETHUSDT,2,2193.2,-0.0351536280126,1
0.718771944444,2022-01-24T13:43:07.579Z,ETHUSDT,2,2190.95,-0.0361800528372,1
0.7188025,2022-01-24T13:43:07.689Z,ETHUSDT,2,2190.95,-0.0361800528372,1
0.718804444444,2022-01-24T13:43:07.696Z,ETHUSDT,2,2190.95,-0.0361800528372,1
0.718819166667,2022-01-24T13:43:07.749Z,ETHUSDT,2,2190.95,-0.0361800528372,1
0.726271111111,2022-01-24T13:43:34.576Z,ETHUSDT,2,2193.4,-0.0350624412164,1
0.726286111111,2022-01-24T13:43:34.630Z,ETHUSDT,2,2193.4,-0.0350624412164,1
0.726313888889,2022-01-24T13:43:34.730Z,ETHUSDT,2,2193.4,-0.0350624412164,1
0.728411111111,2022-01-24T13:43:42.280Z,ETHUSDT,2,2193.35,-0.0350852371359,1
0.743341111111,2022-01-24T13:44:36.028Z,ETHUSDT,2,2190.6,-0.0363398136528,1
0.743728888889,2022-01-24T13:44:37.424Z,ETHUSDT,2,2190.625,-0.0363284013195,3
0.744225277778,2022-01-24T13:44:39.211Z,ETHUSDT,2,2189.55,-0.0368192492978,1
0.744226111111,2022-01-24T13:44:39.214Z,ETHUSDT,2,2189.55,-0.0368192492978,1
0.759233611111,2022-01-24T13:45:33.241Z,ETHUSDT,2,2196,-0.033877768913,1
0.759234166667,2022-01-24T13:45:33.243Z,ETHUSDT,2,2196,-0.033877768913,1
0.759236111111,2022-01-24T13:45:33.250Z,ETHUSDT,2,2196,-0.033877768913,1
0.759241666667,2022-01-24T13:45:33.270Z,ETHUSDT,2,2196,-0.033877768913,1
0.759412222222,2022-01-24T13:45:33.884Z,ETHUSDT,2,2196.95,-0.0334452577236,1
0.761698333333,2022-01-24T13:45:42.114Z,ETHUSDT,2,2198.5,-0.0327399829216,1
0.76847,2022-01-24T13:46:06.492Z,ETHUSDT,2,2196.3,-0.0337411662218,1
0.775436944444,2022-01-24T13:46:31.573Z,ETHUSDT,2,2192.15,-0.0356324951589,1
0.779172777778,2022-01-24T13:46:45.022Z,ETHUSDT,2,2194.75,-0.0344471477361,1
0.786358611111,2022-01-24T13:47:10.891Z,ETHUSDT,2,2194.6,-0.0345154949858,1
0.791751666667,2022-01-24T13:47:30.306Z,ETHUSDT,2,2197.25,-0.0333087140977,1
0.801186111111,2022-01-24T13:48:04.270Z,ETHUSDT,2,2199.5,-0.0322852307537,1
0.801195,2022-01-24T13:48:04.302Z,ETHUSDT,2,2199.5,-0.0322852307537,1
0.803896666667,2022-01-24T13:48:14.028Z,ETHUSDT,2,2201.075,-0.0315694151763,2
0.816691388889,2022-01-24T13:49:00.089Z,ETHUSDT,2,2198.6,-0.0326944983977,1
0.820248055556,2022-01-24T13:49:12.893Z,ETHUSDT,2,2195.15,-0.0342649112382,1
0.820253611111,2022-01-24T13:49:12.913Z,ETHUSDT,2,2195.15,-0.0342649112382,1
0.833873333333,2022-01-24T13:50:01.944Z,ETHUSDT,2,2194.8,-0.0344243663576,1
0.834112222222,2022-01-24T13:50:02.804Z,ETHUSDT,2,2196.75,-0.0335362971665,1
0.834150277778,2022-01-24T13:50:02.941Z,ETHUSDT,2,2196.75,-0.0335362971665,1
0.8341975,2022-01-24T13:50:03.111Z,ETHUSDT,2,2196.75,-0.0335362971665,1
0.834223611111,2022-01-24T13:50:03.205Z,ETHUSDT,2,2197.15,-0.0333542265681,1
0.834240277778,2022-01-24T13:50:03.265Z,ETHUSDT,2,2197.15,-0.0333542265681,1
0.834257222222,2022-01-24T13:50:03.326Z,ETHUSDT,2,2197.275,-0.0332973363038,2
0.834273055556,2022-01-24T13:50:03.383Z,ETHUSDT,2,2197.4,-0.0332404492757,1
0.834290833333,2022-01-24T13:50:03.447Z,ETHUSDT,2,2197.4,-0.0332404492757,1
0.842668055556,2022-01-24T13:50:33.605Z,ETHUSDT,2,2193,-0.0352448231246,1
0.878423055556,2022-01-24T13:52:42.323Z,ETHUSDT,2,2198.3,-0.0328309581764,1
0.925126388889,2022-01-24T13:55:30.455Z,ETHUSDT,2,2203.15,-0.0306271380885,1
0.930818333333,2022-01-24T13:55:50.946Z,ETHUSDT,2,2195.7,-0.0340143902672,1
0.937583055556,2022-01-24T13:56:15.299Z,ETHUSDT,2,2194.05,-0.0347661415413,1
0.937604444444,2022-01-24T13:56:15.376Z,ETHUSDT,2,2194.05,-0.0347661415413,1
0.937614444444,2022-01-24T13:56:15.412Z,ETHUSDT,2,2194.05,-0.0347661415413,1
0.967734166667,2022-01-24T13:58:03.843Z,ETHUSDT,2,2194.5,-0.0345610624142,1
0.967736111111,2022-01-24T13:58:03.850Z,ETHUSDT,2,2194.5,-0.0345610624142,1
0.967738333333,2022-01-24T13:58:03.858Z,ETHUSDT,2,2194.5,-0.0345610624142,1
0.967740277778,2022-01-24T13:58:03.865Z,ETHUSDT,2,2194.75851064,-0.034443270018,2
0.967830277778,2022-01-24T13:58:04.189Z,ETHUSDT,2,2196.85,-0.033490776409,1
0.9678325,2022-01-24T13:58:04.197Z,ETHUSDT,2,2196.85,-0.033490776409,1
0.967921388889,2022-01-24T13:58:04.517Z,ETHUSDT,2,2195.592,-0.0340635785243,3
0.989218611111,2022-01-24T13:59:21.187Z,ETHUSDT,2,2199.35,-0.0323534303968,1
0.989219722222,2022-01-24T13:59:21.191Z,ETHUSDT,2,2199.35,-0.0323534303968,1
0.9913,2022-01-24T13:59:28.680Z,ETHUSDT,2,2193.35,-0.0350852371359,1
0.991309444444,2022-01-24T13:59:28.714Z,ETHUSDT,2,2193.35,-0.0350852371359,1
0.998485833333,2022-01-24T13:59:54.549Z,ETHUSDT,2,2187.4,-0.0378016686413,1
0.99849,2022-01-24T13:59:54.564Z,ETHUSDT,2,2187.4,-0.0378016686413,1
0.998499166667,2022-01-24T13:59:54.597Z,ETHUSDT,2,2187.25,-0.0378702455561,1
0.998515277778,2022-01-24T13:59:54.655Z,ETHUSDT,2,2186.10119048,-0.0383956136321,2
1.00042805556,2022-01-24T14:00:01.541Z,ETHUSDT,2,2177.7787,-0.0422098801908,9
1.003545,2022-01-24T14:00:12.762Z,ETHUSDT,2,2179.9,-0.0412362883711,1
1.00394333333,2022-01-24T14:00:14.196Z,ETHUSDT,2,2180,-0.0411904157593,1
1.00825555556,2022-01-24T14:00:29.720Z,ETHUSDT,2,2181.20208333,-0.0406391533593,2
1.0082575,2022-01-24T14:00:29.727Z,ETHUSDT,2,2181.15,-0.0406630319149,1
1.00836277778,2022-01-24T14:00:30.106Z,ETHUSDT,2,2180.93928571,-0.0407596435485,2
1.00839222222,2022-01-24T14:00:30.212Z,ETHUSDT,2,2179.33942308,-0.0414934786154,4
1.00839472222,2022-01-24T14:00:30.221Z,ETHUSDT,2,2179,-0.0416492365978,1
1.01208222222,2022-01-24T14:00:43.496Z,ETHUSDT,2,2186.45,-0.0382360685476,1
1.01375833333,2022-01-24T14:00:49.530Z,ETHUSDT,2,2181.3536,-0.0405696910176,3
1.01524722222,2022-01-24T14:00:54.890Z,ETHUSDT,2,2182.3,-0.0401359260575,1
1.01533083333,2022-01-24T14:00:55.191Z,ETHUSDT,2,2182.3,-0.0401359260575,1
1.01776638889,2022-01-24T14:01:03.959Z,ETHUSDT,2,2176.15,-0.0429580321189,1
1.02896194444,2022-01-24T14:01:44.263Z,ETHUSDT,2,2179.25,-0.0415345116508,1
1.02956611111,2022-01-24T14:01:46.438Z,ETHUSDT,2,2177.55,-0.0423149009669,1
1.03185972222,2022-01-24T14:01:54.695Z,ETHUSDT,2,2179.85,-0.0412592254661,1
1.0459,2022-01-24T14:02:45.240Z,ETHUSDT,2,2181.2,-0.0406401084906,1
1.05157611111,2022-01-24T14:03:05.674Z,ETHUSDT,2,2186.45,-0.0382360685476,1
1.05672888889,2022-01-24T14:03:24.224Z,ETHUSDT,2,2188.7,-0.0372075322924,1
1.05883666667,2022-01-24T14:03:31.812Z,ETHUSDT,2,2191.75,-0.0358149810738,1
1.05889583333,2022-01-24T14:03:32.025Z,ETHUSDT,2,2191.95,-0.0357237339537,1
1.05903638889,2022-01-24T14:03:32.531Z,ETHUSDT,2,2193.12586207,-0.0351874321272,2
1.05942722222,2022-01-24T14:03:33.938Z,ETHUSDT,2,2194.6,-0.0345154949858,1
1.06203194444,2022-01-24T14:03:43.315Z,ETHUSDT,2,2191.4,-0.0359746835712,1
1.09504444444,2022-01-24T14:05:42.160Z,ETHUSDT,2,2184.8,-0.038991001383,1
1.09504527778,2022-01-24T14:05:42.163Z,ETHUSDT,2,2184.8,-0.038991001383,1
1.09505138889,2022-01-24T14:05:42.185Z,ETHUSDT,2,2184.8,-0.038991001383,1
1.09505305556,2022-01-24T14:05:42.191Z,ETHUSDT,2,2184.8,-0.038991001383,1
1.09506472222,2022-01-24T14:05:42.233Z,ETHUSDT,2,2184.8,-0.038991001383,1
1.11015861111,2022-01-24T14:06:36.571Z,ETHUSDT,2,2177.35,-0.0424067515261,1
1.11694027778,2022-01-24T14:07:00.985Z,ETHUSDT,2,2175.4,-0.0433027368827,1
1.11770833333,2022-01-24T14:07:03.750Z,ETHUSDT,2,2173.5,-0.0441765211136,1
1.1184325,2022-01-24T14:07:06.357Z,ETHUSDT,2,2169.25,-0.0461338068689,1
1.11862111111,2022-01-24T14:07:07.036Z,ETHUSDT,2,2168.25,-0.0465949019779,1
1.11873527778,2022-01-24T14:07:07.447Z,ETHUSDT,2,2167.5,-0.0469408628878,1
1.11876944444,2022-01-24T14:07:07.570Z,ETHUSDT,2,2166.65,-0.0473330966641,1
1.11880222222,2022-01-24T14:07:07.688Z,ETHUSDT,2,2166.25,-0.0475177305126,1
1.11891805556,2022-01-24T14:07:08.105Z,ETHUSDT,2,2165.6,-0.0478178332424,1
1.118925,2022-01-24T14:07:08.130Z,ETHUSDT,2,2164.675,-0.0482450578478,2
1.11893194444,2022-01-24T14:07:08.155Z,ETHUSDT,2,2164.35,-0.0483952071311,1
1.11895083333,2022-01-24T14:07:08.223Z,ETHUSDT,2,2163.05,-0.048996029814,1
1.11915861111,2022-01-24T14:07:08.971Z,ETHUSDT,2,2161.60913978,-0.0496623760956,2
1.11919111111,2022-01-24T14:07:09.088Z,ETHUSDT,2,2160.9,-0.049990490979,1
1.11920111111,2022-01-24T14:07:09.124Z,ETHUSDT,2,2160.85,-0.0500136297538,1
1.11921527778,2022-01-24T14:07:09.175Z,ETHUSDT,2,2160.85,-0.0500136297538,1
1.11922527778,2022-01-24T14:07:09.211Z,ETHUSDT,2,2160.55,-0.0501524736472,1
1.11923694444,2022-01-24T14:07:09.253Z,ETHUSDT,2,2160.96785714,-0.0499590892124,2
1.11927916667,2022-01-24T14:07:09.405Z,ETHUSDT,2,2161.65,-0.04964347359,1
1.119305,2022-01-24T14:07:09.498Z,ETHUSDT,2,2161.65,-0.04964347359,1
1.11932305556,2022-01-24T14:07:09.563Z,ETHUSDT,2,2162.15,-0.0494121955465,1
1.11937972222,2022-01-24T14:07:09.767Z,ETHUSDT,2,2160.95,-0.0499673527396,1
1.11939972222,2022-01-24T14:07:09.839Z,ETHUSDT,2,2160.95,-0.0499673527396,1
1.11942638889,2022-01-24T14:07:09.935Z,ETHUSDT,2,2160,-0.0504070708643,1
1.11949138889,2022-01-24T14:07:10.169Z,ETHUSDT,2,2160,-0.0504070708643,1
1.11953138889,2022-01-24T14:07:10.313Z,ETHUSDT,2,2159.4715,-0.0506517767282,5
1.11971,2022-01-24T14:07:10.956Z,ETHUSDT,2,2160,-0.0504070708643,1
1.11975361111,2022-01-24T14:07:11.113Z,ETHUSDT,2,2161.625,-0.0496550388964,2
1.1197825,2022-01-24T14:07:11.217Z,ETHUSDT,2,2161.55,-0.0496897356181,1
1.11978916667,2022-01-24T14:07:11.241Z,ETHUSDT,2,2162.49146341,-0.0492542802981,5
1.119805,2022-01-24T14:07:11.298Z,ETHUSDT,2,2161.1,-0.0498979412335,1
1.11980555556,2022-01-24T14:07:11.300Z,ETHUSDT,2,2161.1,-0.0498979412335,1
1.12005166667,2022-01-24T14:07:12.186Z,ETHUSDT,2,2164.79827586,-0.0481881105684,3
1.120145,2022-01-24T14:07:12.522Z,ETHUSDT,2,2166.45,-0.0474254093272,1
1.12039222222,2022-01-24T14:07:13.412Z,ETHUSDT,2,2165.7,-0.0477716577292,1
1.12976722222,2022-01-24T14:07:47.162Z,ETHUSDT,2,2161.47027027,-0.0497266217416,2
1.15200666667,2022-01-24T14:09:07.224Z,ETHUSDT,2,2162.4,-0.0492965765802,1
1.17094194444,2022-01-24T14:10:15.391Z,ETHUSDT,2,2162.85,-0.0490884961217,1
1.17095472222,2022-01-24T14:10:15.437Z,ETHUSDT,2,2162.85,-0.0490884961217,1
1.17097833333,2022-01-24T14:10:15.522Z,ETHUSDT,2,2162.85,-0.0490884961217,1
1.17101638889,2022-01-24T14:10:15.659Z,ETHUSDT,2,2162.85,-0.0490884961217,1
1.17103916667,2022-01-24T14:10:15.741Z,ETHUSDT,2,2162.85,-0.0490884961217,1
1.17105916667,2022-01-24T14:10:15.813Z,ETHUSDT,2,2162.85,-0.0490884961217,1
1.171075,2022-01-24T14:10:15.870Z,ETHUSDT,2,2162.85,-0.0490884961217,1
1.17411944444,2022-01-24T14:10:26.830Z,ETHUSDT,2,2167.3,-0.0470331393481,1
1.17973611111,2022-01-24T14:10:47.050Z,ETHUSDT,2,2167.05,-0.047148496899,1
1.18204555556,2022-01-24T14:10:55.364Z,ETHUSDT,2,2165.9,-0.047679313099,1
1.18205944444,2022-01-24T14:10:55.414Z,ETHUSDT,2,2165.9,-0.047679313099,1
1.18208777778,2022-01-24T14:10:55.516Z,ETHUSDT,2,2165.9,-0.047679313099,1
1.18208805556,2022-01-24T14:10:55.517Z,ETHUSDT,2,2165.9,-0.047679313099,1
1.18208944444,2022-01-24T14:10:55.522Z,ETHUSDT,2,2165.56320755,-0.0478348228828,2
1.18224277778,2022-01-24T14:10:56.074Z,ETHUSDT,2,2165.9,-0.047679313099,1
1.18593916667,2022-01-24T14:11:09.381Z,ETHUSDT,2,2165.15,-0.0480256494412,1
1.18594083333,2022-01-24T14:11:09.387Z,ETHUSDT,2,2165.15,-0.0480256494412,1
1.18991083333,2022-01-24T14:11:23.679Z,ETHUSDT,2,2164.52804878,-0.0483129461948,2
1.1899175,2022-01-24T14:11:23.703Z,ETHUSDT,2,2164.5,-0.0483259046604,1
1.18991777778,2022-01-24T14:11:23.704Z,ETHUSDT,2,2164.5,-0.0483259046604,1
1.19106972222,2022-01-24T14:11:27.851Z,ETHUSDT,2,2162.85,-0.0490884961217,1
1.20098916667,2022-01-24T14:12:03.561Z,ETHUSDT,2,2164.2635,-0.0484351737393,2
1.22612611111,2022-01-24T14:13:34.054Z,ETHUSDT,2,2167,-0.0471715700061,1
1.23154361111,2022-01-24T14:13:53.557Z,ETHUSDT,2,2162.95,-0.0490422618991,1
1.23866694444,2022-01-24T14:14:19.201Z,ETHUSDT,2,2168.215625,-0.0466107559027,2
1.23867027778,2022-01-24T14:14:19.213Z,ETHUSDT,2,2168.25,-0.0465949019779,1
1.23870138889,2022-01-24T14:14:19.325Z,ETHUSDT,2,2168.41666667,-0.0465180380271,2
1.23879333333,2022-01-24T14:14:19.656Z,ETHUSDT,2,2169.2,-0.0461568565756,1
1.23885194444,2022-01-24T14:14:19.867Z,ETHUSDT,2,2169.9,-0.0458342090191,1
1.23917638889,2022-01-24T14:14:21.035Z,ETHUSDT,2,2172.875,-0.0444641171008,4
1.25243138889,2022-01-24T14:15:08.753Z,ETHUSDT,2,2179.9,-0.0412362883711,1
1.25395277778,2022-01-24T14:15:14.230Z,ETHUSDT,2,2183.9,-0.0394030232717,1
1.25396361111,2022-01-24T14:15:14.269Z,ETHUSDT,2,2183.85,-0.039425918355,1
1.25882694444,2022-01-24T14:15:31.777Z,ETHUSDT,2,2189.1,-0.0370247921028,1
1.25894694444,2022-01-24T14:15:32.209Z,ETHUSDT,2,2190.85,-0.0362256961802,1
1.25899638889,2022-01-24T14:15:32.387Z,ETHUSDT,2,2193.674,-0.034937528803,2
1.26112555556,2022-01-24T14:15:40.052Z,ETHUSDT,2,2195.85,-0.0339460772569,1
1.26576277778,2022-01-24T14:15:56.746Z,ETHUSDT,2,2194.65,-0.0344927120502,1
1.26578194444,2022-01-24T14:15:56.815Z,ETHUSDT,2,2194.9,-0.0343788051576,1
1.26578277778,2022-01-24T14:15:56.818Z,ETHUSDT,2,2195.53076923,-0.0340914669585,3
1.26585916667,2022-01-24T14:15:57.093Z,ETHUSDT,2,2196,-0.033877768913,1
1.26588055556,2022-01-24T14:15:57.170Z,ETHUSDT,2,2196,-0.033877768913,1
1.26802472222,2022-01-24T14:16:04.889Z,ETHUSDT,2,2195.8,-0.0339688477418,1
1.26881944444,2022-01-24T14:16:07.750Z,ETHUSDT,2,2200.6435,-0.0317654749658,4
1.26899722222,2022-01-24T14:16:08.390Z,ETHUSDT,2,2200.6,-0.0317852421067,1
1.2705,2022-01-24T14:16:13.800Z,ETHUSDT,2,2198.2,-0.0328764489077,1
1.27103972222,2022-01-24T14:16:15.743Z,ETHUSDT,2,2194.25,-0.0346749900702,1
1.27503861111,2022-01-24T14:16:30.139Z,ETHUSDT,2,2195.3,-0.0341965811126,1
1.27934416667,2022-01-24T14:16:45.639Z,ETHUSDT,2,2193.65,-0.0349484694129,1
1.28587694444,2022-01-24T14:17:09.157Z,ETHUSDT,2,2196.3,-0.0337411662218,1
1.2866925,2022-01-24T14:17:12.093Z,ETHUSDT,2,2195.7,-0.0340143902672,1
1.28671777778,2022-01-24T14:17:12.184Z,ETHUSDT,2,2197.4,-0.0332404492757,1
1.28685777778,2022-01-24T14:17:12.688Z,ETHUSDT,2,2197.4,-0.0332404492757,1
1.28814333333,2022-01-24T14:17:17.316Z,ETHUSDT,2,2195.85,-0.0339460772569,1
1.28815305556,2022-01-24T14:17:17.351Z,ETHUSDT,2,2195.85,-0.0339460772569,1
1.29118416667,2022-01-24T14:17:28.263Z,ETHUSDT,2,2193.45,-0.0350396458165,1
1.29118527778,2022-01-24T14:17:28.267Z,ETHUSDT,2,2193.45,-0.0350396458165,1
1.29118555556,2022-01-24T14:17:28.268Z,ETHUSDT,2,2193.45,-0.0350396458165,1
1.29128833333,2022-01-24T14:17:28.638Z,ETHUSDT,2,2190.65,-0.0363169891164,1
1.2913425,2022-01-24T14:17:28.833Z,ETHUSDT,2,2189.85,-0.0366822442284,1
1.29263805556,2022-01-24T14:17:33.497Z,ETHUSDT,2,2187.65,-0.037687384233,1
1.29999916667,2022-01-24T14:17:59.997Z,ETHUSDT,2,2187.9,-0.0375731128842,1
1.30344972222,2022-01-24T14:18:12.419Z,ETHUSDT,2,2184.1,-0.0393114481801,1
1.30345861111,2022-01-24T14:18:12.451Z,ETHUSDT,2,2183.9,-0.0394030232717,1
1.30360166667,2022-01-24T14:18:12.966Z,ETHUSDT,2,2181.5,-0.0405025789788,1
1.30381638889,2022-01-24T14:18:13.739Z,ETHUSDT,2,2179.237,-0.0415404770236,3
1.30400027778,2022-01-24T14:18:14.401Z,ETHUSDT,2,2179.1,-0.0416033450396,1
1.32301611111,2022-01-24T14:19:22.858Z,ETHUSDT,2,2186.1,-0.0383961581981,2
1.32419222222,2022-01-24T14:19:27.092Z,ETHUSDT,2,2189.05,-0.0370476328003,1
1.35223444444,2022-01-24T14:21:08.044Z,ETHUSDT,2,2188.3,-0.0373903058822,1
1.36812027778,2022-01-24T14:22:05.233Z,ETHUSDT,2,2192,-0.0357009234746,1
1.36995194444,2022-01-24T14:22:11.827Z,ETHUSDT,2,2195.2,-0.0342421340109,1
1.37072944444,2022-01-24T14:22:14.626Z,ETHUSDT,2,2197.86666667,-0.033028099626,2
1.43171,2022-01-24T14:25:54.156Z,ETHUSDT,2,2197.3,-0.0332859586392,1
1.43171361111,2022-01-24T14:25:54.169Z,ETHUSDT,2,2197.3,-0.0332859586392,1
1.43171555556,2022-01-24T14:25:54.176Z,ETHUSDT,2,2197.3,-0.0332859586392,1
1.4333975,2022-01-24T14:26:00.231Z,ETHUSDT,2,2197.2,-0.033331470074,1
1.43339888889,2022-01-24T14:26:00.236Z,ETHUSDT,2,2197.2,-0.033331470074,1
1.4334,2022-01-24T14:26:00.240Z,ETHUSDT,2,2197.2,-0.033331470074,1
1.44022611111,2022-01-24T14:26:24.814Z,ETHUSDT,2,2201.45,-0.031399058392,1
1.44220777778,2022-01-24T14:26:31.948Z,ETHUSDT,2,2201.6,-0.0313309238034,1
1.44222194444,2022-01-24T14:26:31.999Z,ETHUSDT,2,2201.6,-0.0313309238034,1
1.44672472222,2022-01-24T14:26:48.209Z,ETHUSDT,2,2201.6,-0.0313309238034,1
1.44706361111,2022-01-24T14:26:49.429Z,ETHUSDT,2,2201.6,-0.0313309238034,1
1.45020388889,2022-01-24T14:27:00.734Z,ETHUSDT,2,2205.7,-0.0294703737239,1
1.45294833333,2022-01-24T14:27:10.614Z,ETHUSDT,2,2209.8,-0.0276132788634,1
1.45295694444,2022-01-24T14:27:10.645Z,ETHUSDT,2,2209.99848485,-0.0275234626198,2
1.45323611111,2022-01-24T14:27:11.650Z,ETHUSDT,2,2213.1,-0.0261210449841,1
1.4706625,2022-01-24T14:28:14.385Z,ETHUSDT,2,2210.05,-0.0275001528522,1
1.47067861111,2022-01-24T14:28:14.443Z,ETHUSDT,2,2209.65,-0.0276811606134,1
1.47157916667,2022-01-24T14:28:17.685Z,ETHUSDT,2,2210.65,-0.0272287026277,1
1.50084,2022-01-24T14:30:03.024Z,ETHUSDT,2,2204.6,-0.0299692060133,1
1.50181944444,2022-01-24T14:30:06.550Z,ETHUSDT,2,2201.5,-0.0313763463467,1
1.5018275,2022-01-24T14:30:06.579Z,ETHUSDT,2,2201.5,-0.0313763463467,1
1.50257611111,2022-01-24T14:30:09.274Z,ETHUSDT,2,2198.118,-0.0329137528516,3
1.50287638889,2022-01-24T14:30:10.355Z,ETHUSDT,2,2198.85,-0.0325807961383,1
1.50400944444,2022-01-24T14:30:14.434Z,ETHUSDT,2,2198.85,-0.0325807961383,1
1.50707277778,2022-01-24T14:30:25.462Z,ETHUSDT,2,2196.34534884,-0.0337205186012,3
1.50910861111,2022-01-24T14:30:32.791Z,ETHUSDT,2,2192.1,-0.0356553040772,1
1.50911527778,2022-01-24T14:30:32.815Z,ETHUSDT,2,2191.2,-0.0360659535936,1
1.51024527778,2022-01-24T14:30:36.883Z,ETHUSDT,2,2190.05,-0.0365909179423,1
1.516525,2022-01-24T14:30:59.490Z,ETHUSDT,2,2202.4,-0.0309676177141,1
1.51652638889,2022-01-24T14:30:59.495Z,ETHUSDT,2,2202.4,-0.0309676177141,1
1.51889166667,2022-01-24T14:31:08.010Z,ETHUSDT,2,2206.85,-0.0289491331596,2
1.52012583333,2022-01-24T14:31:12.453Z,ETHUSDT,2,2209.55,-0.0277264176735,1
1.52012777778,2022-01-24T14:31:12.460Z,ETHUSDT,2,2209.5475,-0.0277275491263,2
1.52018583333,2022-01-24T14:31:12.669Z,ETHUSDT,2,2209.05,-0.0279527337022,1
1.52069361111,2022-01-24T14:31:14.497Z,ETHUSDT,2,2209.47368421,-0.0277609573343,2
1.52578916667,2022-01-24T14:31:32.841Z,ETHUSDT,2,2214.7,-0.0253983384167,1
1.52579888889,2022-01-24T14:31:32.876Z,ETHUSDT,2,2214.75,-0.0253757622503,1
1.52582972222,2022-01-24T14:31:32.987Z,ETHUSDT,2,2215.95,-0.0248340871067,1
1.52593527778,2022-01-24T14:31:33.367Z,ETHUSDT,2,2216.1,-0.0247663983397,1
1.52800277778,2022-01-24T14:31:40.810Z,ETHUSDT,2,2214.75,-0.0253757622503,1
1.52800361111,2022-01-24T14:31:40.813Z,ETHUSDT,2,2214.75,-0.0253757622503,1
1.52806083333,2022-01-24T14:31:41.019Z,ETHUSDT,2,2216.568,-0.0245552388295,3
1.52847861111,2022-01-24T14:31:42.523Z,ETHUSDT,2,2218.3,-0.0237741557903,1
1.52855805556,2022-01-24T14:31:42.809Z,ETHUSDT,2,2219.45,-0.0232558751184,1
1.53242972222,2022-01-24T14:31:56.747Z,ETHUSDT,2,2223.4,-0.021477736743,1
1.53297972222,2022-01-24T14:31:58.727Z,ETHUSDT,2,2223.64791667,-0.0213662395558,3
1.53299027778,2022-01-24T14:31:58.765Z,ETHUSDT,2,2224.5,-0.0209831212964,1
1.53301416667,2022-01-24T14:31:58.851Z,ETHUSDT,2,2224.6,-0.0209381683845,1
1.53301611111,2022-01-24T14:31:58.858Z,ETHUSDT,2,2224.6,-0.0209381683845,1
1.53319416667,2022-01-24T14:31:59.499Z,ETHUSDT,2,2222.35,-0.0219500979956,1
1.53326583333,2022-01-24T14:31:59.757Z,ETHUSDT,2,2222.35,-0.0219500979956,1
1.53570166667,2022-01-24T14:32:08.526Z,ETHUSDT,2,2220.65,-0.0227153467388,1
1.53639,2022-01-24T14:32:11.004Z,ETHUSDT,2,2221.4,-0.0223776648094,1
1.53853722222,2022-01-24T14:32:18.734Z,ETHUSDT,2,2222.35,-0.0219500979956,1
1.53860916667,2022-01-24T14:32:18.993Z,ETHUSDT,2,2226.1805,-0.0202279558425,3
1.53876972222,2022-01-24T14:32:19.571Z,ETHUSDT,2,2226.6,-0.0200395342479,1
1.54100222222,2022-01-24T14:32:27.608Z,ETHUSDT,2,2226.95,-0.0198823562659,1
1.54100444444,2022-01-24T14:32:27.616Z,ETHUSDT,2,2226.95,-0.0198823562659,1
1.541135,2022-01-24T14:32:28.086Z,ETHUSDT,2,2230.106,-0.0184661745857,3
1.54653861111,2022-01-24T14:32:47.539Z,ETHUSDT,2,2226.15,-0.0202416565325,1
1.55032861111,2022-01-24T14:33:01.183Z,ETHUSDT,2,2224.3,-0.0210730331828,1
1.55033138889,2022-01-24T14:33:01.193Z,ETHUSDT,2,2224.3,-0.0210730331828,1
1.552645,2022-01-24T14:33:09.522Z,ETHUSDT,2,2223.05,-0.0216351657035,1
1.55330833333,2022-01-24T14:33:11.910Z,ETHUSDT,2,2220.65,-0.0227153467388,1
1.55363694444,2022-01-24T14:33:13.093Z,ETHUSDT,2,2220.65,-0.0227153467388,1
1.55368,2022-01-24T14:33:13.248Z,ETHUSDT,2,2221.15,-0.0224902127831,1
1.55371916667,2022-01-24T14:33:13.389Z,ETHUSDT,2,2221.15,-0.0224902127831,1
1.55849027778,2022-01-24T14:33:30.565Z,ETHUSDT,2,2224.9125,-0.0207977035581,3
1.55871111111,2022-01-24T14:33:31.360Z,ETHUSDT,2,2225.35,-0.0206010859422,1
1.56397583333,2022-01-24T14:33:50.313Z,ETHUSDT,2,2220.8,-0.02264780123,1
1.56664388889,2022-01-24T14:33:59.918Z,ETHUSDT,2,2220.8,-0.02264780123,1
1.57427666667,2022-01-24T14:34:27.396Z,ETHUSDT,2,2212.75,-0.0262792066935,1
1.58552027778,2022-01-24T14:35:07.873Z,ETHUSDT,2,2214.45,-0.0255112268943,1
1.58552861111,2022-01-24T14:35:07.903Z,ETHUSDT,2,2217.1,-0.0243152569443,1
1.60044416667,2022-01-24T14:36:01.599Z,ETHUSDT,2,2216.6,-0.0245408022009,1
1.60044555556,2022-01-24T14:36:01.604Z,ETHUSDT,2,2216.6,-0.0245408022009,1
1.61616361111,2022-01-24T14:36:58.189Z,ETHUSDT,2,2220.25,-0.0228954904039,1
1.62227333333,2022-01-24T14:37:20.184Z,ETHUSDT,2,2226.77,-0.019963187571,2
1.64100833333,2022-01-24T14:38:27.630Z,ETHUSDT,2,2226.5,-0.0200844467807,1
1.6410475,2022-01-24T14:38:27.771Z,ETHUSDT,2,2226.5,-0.0200844467807,1
1.64107611111,2022-01-24T14:38:27.874Z,ETHUSDT,2,2230.45,-0.0183119337239,1
1.6411,2022-01-24T14:38:27.960Z,ETHUSDT,2,2230.60625,-0.0182418830493,2
1.64247861111,2022-01-24T14:38:32.923Z,ETHUSDT,2,2230.4,-0.0183343509763,1
1.64248,2022-01-24T14:38:32.928Z,ETHUSDT,2,2230.4,-0.0183343509763,1
1.64670916667,2022-01-24T14:38:48.153Z,ETHUSDT,2,2234.75,-0.0163859275745,1
1.64752638889,2022-01-24T14:38:51.095Z,ETHUSDT,2,2235.05,-0.0162516933804,1
1.64910777778,2022-01-24T14:38:56.788Z,ETHUSDT,2,2239.8,-0.0141287163939,1
1.64913583333,2022-01-24T14:38:56.889Z,ETHUSDT,2,2242.18,-0.0130666856737,3
1.64926722222,2022-01-24T14:38:57.362Z,ETHUSDT,2,2245.5,-0.0115870790147,1
1.65591972222,2022-01-24T14:39:21.311Z,ETHUSDT,2,2243.65,-0.0124112885442,1
1.65782972222,2022-01-24T14:39:28.187Z,ETHUSDT,2,2243.9,-0.0122998691727,1
1.65938194444,2022-01-24T14:39:33.775Z,ETHUSDT,2,2243.5,-0.0124781461264,1
1.659455,2022-01-24T14:39:34.038Z,ETHUSDT,2,2245.9,-0.0114089608328,1
1.65946166667,2022-01-24T14:39:34.062Z,ETHUSDT,2,2246.1,-0.0113199136377,1
1.66092277778,2022-01-24T14:39:39.322Z,ETHUSDT,2,2247.242,-0.0108116060018,4
1.66121888889,2022-01-24T14:39:40.388Z,ETHUSDT,2,2247.95,-0.0104966027691,1
1.66436361111,2022-01-24T14:39:51.709Z,ETHUSDT,2,2243.4,-0.0125227203313,1
1.66436472222,2022-01-24T14:39:51.713Z,ETHUSDT,2,2243.4,-0.0125227203313,1
1.66582777778,2022-01-24T14:39:56.980Z,ETHUSDT,2,2244.55,-0.0120102368923,1
1.66592916667,2022-01-24T14:39:57.345Z,ETHUSDT,2,2244.7,-0.011943410585,1
1.66625944444,2022-01-24T14:39:58.534Z,ETHUSDT,2,2244.7,-0.011943410585,1
1.66626888889,2022-01-24T14:39:58.568Z,ETHUSDT,2,2246.72,-0.0110439177136,3
1.6664975,2022-01-24T14:39:59.391Z,ETHUSDT,2,2247.7,-0.0106078213917,1
1.66810472222,2022-01-24T14:40:05.177Z,ETHUSDT,2,2246.35,-0.0112086157934,1
1.66814805556,2022-01-24T14:40:05.333Z,ETHUSDT,2,2246.6,-0.011097330335,1
1.66884805556,2022-01-24T14:40:07.853Z,ETHUSDT,2,2249.468125,-0.00982149317715,4
1.66899027778,2022-01-24T14:40:08.365Z,ETHUSDT,2,2250,-0.009585076344,1
1.66928166667,2022-01-24T14:40:09.414Z,ETHUSDT,2,2250,-0.009585076344,3
1.66933972222,2022-01-24T14:40:09.623Z,ETHUSDT,2,2250.65,-0.00929622917547,1
1.66935194444,2022-01-24T14:40:09.667Z,ETHUSDT,2,2250.7,-0.00927401361792,1
1.68207638889,2022-01-24T14:40:55.475Z,ETHUSDT,2,2250.1,-0.00954063288718,1
1.68563888889,2022-01-24T14:41:08.300Z,ETHUSDT,2,2241.55,-0.0133477017046,1
1.68577694444,2022-01-24T14:41:08.797Z,ETHUSDT,2,2241.6,-0.0133253959597,1
1.70597611111,2022-01-24T14:42:21.514Z,ETHUSDT,2,2241.55,-0.0133477017046,1
1.70729444444,2022-01-24T14:42:26.260Z,ETHUSDT,2,2238.5,-0.0147092938614,1
1.70924,2022-01-24T14:42:33.264Z,ETHUSDT,2,2236.8,-0.015469019503,1
1.70990638889,2022-01-24T14:42:35.663Z,ETHUSDT,2,2233.3,-0.017034980316,1
1.71016527778,2022-01-24T14:42:36.595Z,ETHUSDT,2,2233.2,-0.0170797581063,1
1.71018805556,2022-01-24T14:42:36.677Z,ETHUSDT,2,2233.17014925,-0.0170931249994,2
1.71616611111,2022-01-24T14:42:58.198Z,ETHUSDT,2,2233.4,-0.0169902045308,1
1.72712722222,2022-01-24T14:43:37.658Z,ETHUSDT,2,2228.3,-0.0192763296495,1
1.727205,2022-01-24T14:43:37.938Z,ETHUSDT,2,2227.35,-0.0197027545323,1
1.72770388889,2022-01-24T14:43:39.734Z,ETHUSDT,2,2225.95,-0.0203315017742,1
1.731445,2022-01-24T14:43:53.202Z,ETHUSDT,2,2222.2,-0.0220175963926,1
1.73145583333,2022-01-24T14:43:53.241Z,ETHUSDT,2,2221.65,-0.0222651295014,1
1.73148166667,2022-01-24T14:43:53.334Z,ETHUSDT,2,2220.9,-0.0226027734253,1
1.73222666667,2022-01-24T14:43:56.016Z,ETHUSDT,2,2219.25,-0.023345991594,1
1.73297027778,2022-01-24T14:43:58.693Z,ETHUSDT,2,2220.45,-0.0228054145149,1
1.7351375,2022-01-24T14:44:06.495Z,ETHUSDT,2,2221.45,-0.0223551567347,1
1.73562222222,2022-01-24T14:44:08.240Z,ETHUSDT,2,2221.25,-0.0224451920736,1
1.73563111111,2022-01-24T14:44:08.272Z,ETHUSDT,2,2221.25,-0.0224451920736,1
1.73579861111,2022-01-24T14:44:08.875Z,ETHUSDT,2,2222.90319149,-0.0217012071143,2
1.73580416667,2022-01-24T14:44:08.895Z,ETHUSDT,2,2222.95,-0.021680149959,1
1.7364875,2022-01-24T14:44:11.355Z,ETHUSDT,2,2222.85,-0.0217251362382,1
1.73783222222,2022-01-24T14:44:16.196Z,ETHUSDT,2,2220.5,-0.0227828968103,1
1.74529944444,2022-01-24T14:44:43.078Z,ETHUSDT,2,2217.05,-0.0243378091809,1
1.74530361111,2022-01-24T14:44:43.093Z,ETHUSDT,2,2217.05,-0.0243378091809,1
1.74539972222,2022-01-24T14:44:43.439Z,ETHUSDT,2,2214.15,-0.0256467098913,1
1.74585388889,2022-01-24T14:44:45.074Z,ETHUSDT,2,2213.45,-0.0259629082859,1
1.74589166667,2022-01-24T14:44:45.210Z,ETHUSDT,2,2213.45,-0.0259629082859,1
1.74589277778,2022-01-24T14:44:45.214Z,ETHUSDT,2,2213.45,-0.0259629082859,1
1.74918277778,2022-01-24T14:44:57.058Z,ETHUSDT,2,2217.2075,-0.0242667713578,2
1.77344638889,2022-01-24T14:46:24.407Z,ETHUSDT,2,2216.75,-0.0244731332823,1
1.77345361111,2022-01-24T14:46:24.433Z,ETHUSDT,2,2216.75,-0.0244731332823,1
1.77559555556,2022-01-24T14:46:32.144Z,ETHUSDT,2,2216.95,-0.02438291518,1
1.77559777778,2022-01-24T14:46:32.152Z,ETHUSDT,2,2216.95,-0.02438291518,1
1.77830694444,2022-01-24T14:46:41.905Z,ETHUSDT,2,2210.3,-0.0273870396371,1
1.78140555556,2022-01-24T14:46:53.060Z,ETHUSDT,2,2217.4,-0.0241799542042,1
1.78141361111,2022-01-24T14:46:53.089Z,ETHUSDT,2,2217.4,-0.0241799542042,1
1.78224833333,2022-01-24T14:46:56.094Z,ETHUSDT,2,2217.55,-0.0241123096986,1
1.85269527778,2022-01-24T14:51:09.703Z,ETHUSDT,2,2199.7,-0.0321943051308,1
1.8526975,2022-01-24T14:51:09.711Z,ETHUSDT,2,2199.7,-0.0321943051308,1
1.85358333333,2022-01-24T14:51:12.900Z,ETHUSDT,2,2195.75,-0.0339916187452,1
1.85465083333,2022-01-24T14:51:16.743Z,ETHUSDT,2,2195.7,-0.0340143902672,1
1.85788916667,2022-01-24T14:51:28.401Z,ETHUSDT,2,2189.8,-0.0367050771031,1
1.85827861111,2022-01-24T14:51:29.803Z,ETHUSDT,2,2188.3,-0.0373903058822,1
1.86542388889,2022-01-24T14:51:55.526Z,ETHUSDT,2,2190.2,-0.0365224287008,1
1.86542694444,2022-01-24T14:51:55.537Z,ETHUSDT,2,2190.38877551,-0.0364362414233,2
1.86542861111,2022-01-24T14:51:55.543Z,ETHUSDT,2,2190.45,-0.0364082903879,1
1.8654425,2022-01-24T14:51:55.593Z,ETHUSDT,2,2190.3,-0.0364767718123,1
1.86545861111,2022-01-24T14:51:55.651Z,ETHUSDT,2,2190.95,-0.0361800528372,1
1.86547277778,2022-01-24T14:51:55.702Z,ETHUSDT,2,2191.65,-0.0358606077563,1
1.88580027778,2022-01-24T14:53:08.881Z,ETHUSDT,2,2199.6,-0.0322397669088,1
1.88580722222,2022-01-24T14:53:08.906Z,ETHUSDT,2,2199.6,-0.0322397669088,1
1.90220944444,2022-01-24T14:54:07.954Z,ETHUSDT,2,2199.45,-0.0323079634513,1
1.90508222222,2022-01-24T14:54:18.296Z,ETHUSDT,2,2203.6,-0.0304229059439,1
1.90510805556,2022-01-24T14:54:18.389Z,ETHUSDT,2,2203.6,-0.0304229059439,1
1.90558388889,2022-01-24T14:54:20.102Z,ETHUSDT,2,2205.25,-0.0296744114036,1
1.90558527778,2022-01-24T14:54:20.107Z,ETHUSDT,2,2205.25,-0.0296744114036,1
1.90836527778,2022-01-24T14:54:30.115Z,ETHUSDT,2,2204,-0.0302414012697,1
1.91177333333,2022-01-24T14:54:42.384Z,ETHUSDT,2,2202.86083333,-0.0307583981684,3
1.91177611111,2022-01-24T14:54:42.394Z,ETHUSDT,2,2203.56916667,-0.0304368982969,3
1.91180666667,2022-01-24T14:54:42.504Z,ETHUSDT,2,2203.9,-0.0302867743498,1
1.91638555556,2022-01-24T14:54:58.988Z,ETHUSDT,2,2202.7,-0.0308314119524,1
1.91638722222,2022-01-24T14:54:58.994Z,ETHUSDT,2,2202.7,-0.0308314119524,1
1.93739694444,2022-01-24T14:56:14.629Z,ETHUSDT,2,2216.9,-0.0244054689426,1
1.93742611111,2022-01-24T14:56:14.734Z,ETHUSDT,2,2216.9,-0.0244054689426,1
1.93744,2022-01-24T14:56:14.784Z,ETHUSDT,2,2216.9,-0.0244054689426,1
1.93752111111,2022-01-24T14:56:15.076Z,ETHUSDT,2,2216.9,-0.0244054689426,1
1.93752166667,2022-01-24T14:56:15.078Z,ETHUSDT,2,2216.9,-0.0244054689426,1
1.9375225,2022-01-24T14:56:15.081Z,ETHUSDT,2,2216.9,-0.0244054689426,1
1.93754777778,2022-01-24T14:56:15.172Z,ETHUSDT,2,2216.9,-0.0244054689426,1
1.93756111111,2022-01-24T14:56:15.220Z,ETHUSDT,2,2216.9,-0.0244054689426,1
1.93756194444,2022-01-24T14:56:15.223Z,ETHUSDT,2,2216.9,-0.0244054689426,1
1.96950805556,2022-01-24T14:58:10.229Z,ETHUSDT,2,2213.75,-0.0258273824454,1
2.00762,2022-01-24T15:00:27.432Z,ETHUSDT,2,2213.85,-0.0257822112466,1
2.007665,2022-01-24T15:00:27.594Z,ETHUSDT,2,2214.9,-0.0253080368092,1
2.00767138889,2022-01-24T15:00:27.617Z,ETHUSDT,2,2214.9,-0.0253080368092,1
2.00768194444,2022-01-24T15:00:27.655Z,ETHUSDT,2,2214.9,-0.0253080368092,1
2.02067805556,2022-01-24T15:01:14.441Z,ETHUSDT,2,2212.9,-0.0262114200406,1
2.02071722222,2022-01-24T15:01:14.582Z,ETHUSDT,2,2212.9,-0.0262114200406,1
2.02072083333,2022-01-24T15:01:14.595Z,ETHUSDT,2,2212.9,-0.0262114200406,1
2.02995166667,2022-01-24T15:01:47.826Z,ETHUSDT,2,2215,-0.0252628890632,1
2.02995361111,2022-01-24T15:01:47.833Z,ETHUSDT,2,2215,-0.0252628890632,1
2.07699916667,2022-01-24T15:04:37.197Z,ETHUSDT,2,2208.35,-0.0282696622148,1
2.07878638889,2022-01-24T15:04:43.631Z,ETHUSDT,2,2204.15,-0.0301733455093,1
2.07878916667,2022-01-24T15:04:43.641Z,ETHUSDT,2,2204.15,-0.0301733455093,1
2.07879,2022-01-24T15:04:43.644Z,ETHUSDT,2,2203.63464912,-0.0304071821962,3
2.07888638889,2022-01-24T15:04:43.991Z,ETHUSDT,2,2203.6,-0.0304229059439,1
2.07890888889,2022-01-24T15:04:44.072Z,ETHUSDT,2,2202.8712766,-0.030753657407,2
2.07892,2022-01-24T15:04:44.112Z,ETHUSDT,2,2200.25,-0.0319443022885,1
2.07892361111,2022-01-24T15:04:44.125Z,ETHUSDT,2,2200.25,-0.0319443022885,1
2.07894222222,2022-01-24T15:04:44.192Z,ETHUSDT,2,2200.7,-0.031739800987,1
2.07894777778,2022-01-24T15:04:44.212Z,ETHUSDT,2,2200.25,-0.0319443022885,1
2.07895333333,2022-01-24T15:04:44.232Z,ETHUSDT,2,2200.25,-0.0319443022885,1
2.07896305556,2022-01-24T15:04:44.267Z,ETHUSDT,2,2200.25,-0.0319443022885,1
2.07902361111,2022-01-24T15:04:44.485Z,ETHUSDT,2,2199.89189189,-0.0321070734526,4
2.08116583333,2022-01-24T15:04:52.197Z,ETHUSDT,2,2196.9,-0.0334680168073,1
2.08958944444,2022-01-24T15:05:22.522Z,ETHUSDT,2,2194.9,-0.0343788051576,1
2.09215027778,2022-01-24T15:05:31.741Z,ETHUSDT,2,2194.85,-0.0344015854981,1
2.09947027778,2022-01-24T15:05:58.093Z,ETHUSDT,2,2199.1,-0.0324671068057,1
2.09947138889,2022-01-24T15:05:58.097Z,ETHUSDT,2,2199.1,-0.0324671068057,1
2.10621388889,2022-01-24T15:06:22.370Z,ETHUSDT,2,2201.95,-0.031171961148,1
2.10622861111,2022-01-24T15:06:22.423Z,ETHUSDT,2,2201.84038462,-0.0312217434378,2
2.10623277778,2022-01-24T15:06:22.438Z,ETHUSDT,2,2201.8,-0.0312400849062,1
2.13923083333,2022-01-24T15:08:21.231Z,ETHUSDT,2,2197.1,-0.0333769835801,1
2.15478666667,2022-01-24T15:09:17.232Z,ETHUSDT,2,2198.6,-0.0326944983977,1
2.15788444444,2022-01-24T15:09:28.384Z,ETHUSDT,2,2198.8,-0.032603535556,1
2.16022055556,2022-01-24T15:09:36.794Z,ETHUSDT,2,2193.2,-0.0351536280126,1
2.16152527778,2022-01-24T15:09:41.491Z,ETHUSDT,2,2189.15,-0.0370019519269,1
2.16152611111,2022-01-24T15:09:41.494Z,ETHUSDT,2,2189.09146341,-0.0370286916971,2
2.17155888889,2022-01-24T15:10:17.612Z,ETHUSDT,2,2185.01,-0.0388948873642,2
2.17157305556,2022-01-24T15:10:17.663Z,ETHUSDT,2,2184.65,-0.0390596599098,1
2.17162694444,2022-01-24T15:10:17.857Z,ETHUSDT,2,2183.8,-0.0394488139625,1
2.1819575,2022-01-24T15:10:55.047Z,ETHUSDT,2,2181.85,-0.0403421517838,1
2.18200722222,2022-01-24T15:10:55.226Z,ETHUSDT,2,2181.85,-0.0403421517838,1
2.18207444444,2022-01-24T15:10:55.468Z,ETHUSDT,2,2180.8266129,-0.0408113073991,4
2.18208,2022-01-24T15:10:55.488Z,ETHUSDT,2,2179.6,-0.0413739188335,1
2.18214361111,2022-01-24T15:10:55.717Z,ETHUSDT,2,2179.6,-0.0413739188335,1
2.182165,2022-01-24T15:10:55.794Z,ETHUSDT,2,2179.6,-0.0413739188335,1
2.18222305556,2022-01-24T15:10:56.003Z,ETHUSDT,2,2179.6,-0.0413739188335,1
2.18223527778,2022-01-24T15:10:56.047Z,ETHUSDT,2,2178.29254386,-0.0419739594111,3
2.18226861111,2022-01-24T15:10:56.167Z,ETHUSDT,2,2177.95,-0.0421312251542,1
2.18228777778,2022-01-24T15:10:56.236Z,ETHUSDT,2,2177.95,-0.0421312251542,1
2.18229583333,2022-01-24T15:10:56.265Z,ETHUSDT,2,2177.95,-0.0421312251542,1
2.18267111111,2022-01-24T15:10:57.616Z,ETHUSDT,2,2174.75,-0.0436015771548,1
2.18270916667,2022-01-24T15:10:57.753Z,ETHUSDT,2,2174.75,-0.0436015771548,1
2.18274972222,2022-01-24T15:10:57.899Z,ETHUSDT,2,2174.75,-0.0436015771548,1
2.18277944444,2022-01-24T15:10:58.006Z,ETHUSDT,2,2174.75,-0.0436015771548,1
2.18280055556,2022-01-24T15:10:58.082Z,ETHUSDT,2,2174.75,-0.0436015771548,1
2.18282,2022-01-24T15:10:58.152Z,ETHUSDT,2,2174.75,-0.0436015771548,1
2.18284333333,2022-01-24T15:10:58.236Z,ETHUSDT,2,2174.75,-0.0436015771548,1
2.18286194444,2022-01-24T15:10:58.303Z,ETHUSDT,2,2174.75,-0.0436015771548,1
2.18289111111,2022-01-24T15:10:58.408Z,ETHUSDT,2,2171.25654762,-0.0452092383928,4
2.18355861111,2022-01-24T15:11:00.811Z,ETHUSDT,2,2169.65,-0.0459494283392,1
2.18366527778,2022-01-24T15:11:01.195Z,ETHUSDT,2,2169.58164557,-0.0459809336544,3
2.18512444444,2022-01-24T15:11:06.448Z,ETHUSDT,2,2172.4,-0.0446827453818,1
2.18536111111,2022-01-24T15:11:07.300Z,ETHUSDT,2,2170.025,-0.045776604337,2
2.18665694444,2022-01-24T15:11:11.965Z,ETHUSDT,2,2169.4085,-0.04606074281,5
2.18745694444,2022-01-24T15:11:14.845Z,ETHUSDT,2,2167.25,-0.0470562097937,1
2.18746,2022-01-24T15:11:14.856Z,ETHUSDT,2,2166.26987179,-0.047508557193,3
2.18908888889,2022-01-24T15:11:20.720Z,ETHUSDT,2,2169.75,-0.0459033390181,1
2.19571055556,2022-01-24T15:11:44.558Z,ETHUSDT,2,2177.1,-0.0425215765903,1
2.19632138889,2022-01-24T15:11:46.757Z,ETHUSDT,2,2172.8,-0.0444986341781,1
2.20409111111,2022-01-24T15:12:14.728Z,ETHUSDT,2,2192.95,-0.0352676232021,1
2.20409222222,2022-01-24T15:12:14.732Z,ETHUSDT,2,2192.95,-0.0352676232021,1
2.20427694444,2022-01-24T15:12:15.397Z,ETHUSDT,2,2195.59375,-0.0340627814731,2
2.20428861111,2022-01-24T15:12:15.439Z,ETHUSDT,2,2196.97647059,-0.0334332090066,3
2.20454361111,2022-01-24T15:12:16.357Z,ETHUSDT,2,2196.85,-0.033490776409,1
2.20559416667,2022-01-24T15:12:20.139Z,ETHUSDT,2,2196.85,-0.033490776409,1
2.20628666667,2022-01-24T15:12:22.632Z,ETHUSDT,2,2197.1,-0.0333769835801,1
2.20913111111,2022-01-24T15:12:32.872Z,ETHUSDT,2,2187.6,-0.0377102400698,1
2.21127861111,2022-01-24T15:12:40.603Z,ETHUSDT,2,2188,-0.0375274080006,1
2.21127888889,2022-01-24T15:12:40.604Z,ETHUSDT,2,2188,-0.0375274080006,1
2.21398,2022-01-24T15:12:50.328Z,ETHUSDT,2,2187.3,-0.037847386062,1
2.22166888889,2022-01-24T15:13:18.008Z,ETHUSDT,2,2185.25,-0.0387850540819,1
2.22475388889,2022-01-24T15:13:29.114Z,ETHUSDT,2,2182.47892562,-0.0400539399487,2
2.2249475,2022-01-24T15:13:29.811Z,ETHUSDT,2,2184.55,-0.0391054348801,2
2.23392194444,2022-01-24T15:14:02.119Z,ETHUSDT,2,2184.3,-0.0392198814737,1
2.23393333333,2022-01-24T15:14:02.160Z,ETHUSDT,2,2184.3,-0.0392198814737,1
2.23925027778,2022-01-24T15:14:21.301Z,ETHUSDT,2,2188.2,-0.0374360044998,1
2.23925333333,2022-01-24T15:14:21.312Z,ETHUSDT,2,2188.2,-0.0374360044998,1
2.24049194444,2022-01-24T15:14:25.771Z,ETHUSDT,2,2196.65,-0.0335818199962,1
2.24088777778,2022-01-24T15:14:27.196Z,ETHUSDT,2,2197.95,-0.0329901847903,1
2.24089694444,2022-01-24T15:14:27.229Z,ETHUSDT,2,2198.5,-0.0327399829216,1
2.24090666667,2022-01-24T15:14:27.264Z,ETHUSDT,2,2198.75,-0.0326262754907,1
2.24092583333,2022-01-24T15:14:27.333Z,ETHUSDT,2,2199.25,-0.0323988994097,1
2.24103333333,2022-01-24T15:14:27.720Z,ETHUSDT,2,2198.55,-0.032717240401,1
2.24110527778,2022-01-24T15:14:27.979Z,ETHUSDT,2,2198.55,-0.032717240401,1
2.24110916667,2022-01-24T15:14:27.993Z,ETHUSDT,2,2198.55,-0.032717240401,1
2.25383111111,2022-01-24T15:15:13.792Z,ETHUSDT,2,2187.95,-0.0375502601813,1
2.25551722222,2022-01-24T15:15:19.862Z,ETHUSDT,2,2185.65,-0.0386020254145,1
2.25879138889,2022-01-24T15:15:31.649Z,ETHUSDT,2,2185.15,-0.0388308164835,1
2.258825,2022-01-24T15:15:31.770Z,ETHUSDT,2,2185.15,-0.0388308164835,1
2.27725583333,2022-01-24T15:16:38.121Z,ETHUSDT,2,2182.45,-0.0400671935986,1
2.28193555556,2022-01-24T15:16:54.968Z,ETHUSDT,2,2190.2,-0.0365224287008,1
2.28193638889,2022-01-24T15:16:54.971Z,ETHUSDT,2,2190.2,-0.0365224287008,1
2.2839775,2022-01-24T15:17:02.319Z,ETHUSDT,2,2190.95,-0.0361800528372,1
2.2841425,2022-01-24T15:17:02.913Z,ETHUSDT,2,2194.5,-0.0345610624142,1
2.28890805556,2022-01-24T15:17:20.069Z,ETHUSDT,2,2191.05,-0.0361344115775,1
2.28907194444,2022-01-24T15:17:20.659Z,ETHUSDT,2,2192.85,-0.0353132249167,1
2.28907305556,2022-01-24T15:17:20.663Z,ETHUSDT,2,2192.85,-0.0353132249167,1
2.28951166667,2022-01-24T15:17:22.242Z,ETHUSDT,2,2191.1,-0.0361115917288,2
2.30051805556,2022-01-24T15:18:01.865Z,ETHUSDT,2,2189.2,-0.0369791122727,1
2.30052833333,2022-01-24T15:18:01.902Z,ETHUSDT,2,2189.2,-0.0369791122727,1
2.30064194444,2022-01-24T15:18:02.311Z,ETHUSDT,2,2187.95,-0.0375502601813,1
2.3006475,2022-01-24T15:18:02.331Z,ETHUSDT,2,2187.95,-0.0375502601813,1
2.30065277778,2022-01-24T15:18:02.350Z,ETHUSDT,2,2187.9,-0.0375731128842,1
2.30110861111,2022-01-24T15:18:03.991Z,ETHUSDT,2,2186.25,-0.0383275452097,1
2.32303805556,2022-01-24T15:19:22.937Z,ETHUSDT,2,2186.95,-0.0380074134956,1
2.33137972222,2022-01-24T15:19:52.967Z,ETHUSDT,2,2187.75,-0.0376416741265,1
2.33138083333,2022-01-24T15:19:52.971Z,ETHUSDT,2,2187.8,-0.0376188198568,3
2.35363,2022-01-24T15:21:13.068Z,ETHUSDT,2,2193.2,-0.0351536280126,1
2.35975333333,2022-01-24T15:21:35.112Z,ETHUSDT,2,2195.7,-0.0340143902672,3
2.35975666667,2022-01-24T15:21:35.124Z,ETHUSDT,2,2195.75,-0.0339916187452,1
2.35975777778,2022-01-24T15:21:35.128Z,ETHUSDT,2,2195.75,-0.0339916187452,1
2.35980805556,2022-01-24T15:21:35.309Z,ETHUSDT,2,2196.8,-0.0335135365288,1
2.35984166667,2022-01-24T15:21:35.430Z,ETHUSDT,2,2197.4,-0.0332404492757,1
2.36043277778,2022-01-24T15:21:37.558Z,ETHUSDT,2,2200.2,-0.0319670272371,1
2.36728472222,2022-01-24T15:22:02.225Z,ETHUSDT,2,2195.55,-0.0340827079444,1
2.37586388889,2022-01-24T15:22:33.110Z,ETHUSDT,2,2195.5,-0.0341054815407,1
2.39920416667,2022-01-24T15:23:57.135Z,ETHUSDT,2,2207.5,-0.0286546390644,1
2.39924666667,2022-01-24T15:23:57.288Z,ETHUSDT,2,2207.5,-0.0286546390644,1
2.39925972222,2022-01-24T15:23:57.335Z,ETHUSDT,2,2207.5,-0.0286546390644,1
2.41951666667,2022-01-24T15:25:10.260Z,ETHUSDT,2,2215.6,-0.0249920453835,1
2.41952277778,2022-01-24T15:25:10.282Z,ETHUSDT,2,2219.03629283,-0.0234422932525,5
2.41959166667,2022-01-24T15:25:10.530Z,ETHUSDT,2,2219.25,-0.023345991594,1
2.41964166667,2022-01-24T15:25:10.710Z,ETHUSDT,2,2227.38688953,-0.0196861925981,2
2.41965805556,2022-01-24T15:25:10.769Z,ETHUSDT,2,2227.4,-0.0196803065835,1
2.41991055556,2022-01-24T15:25:11.678Z,ETHUSDT,2,2225.55,-0.0205112164776,1
2.42001333333,2022-01-24T15:25:12.048Z,ETHUSDT,2,2227.35,-0.0197027545323,1
2.42011138889,2022-01-24T15:25:12.401Z,ETHUSDT,2,2229.03064516,-0.0189484898611,2
2.42042305556,2022-01-24T15:25:13.523Z,ETHUSDT,2,2239.628,-0.0142055119133,2
2.42102833333,2022-01-24T15:25:15.702Z,ETHUSDT,2,2239.549,-0.0142407862506,5
2.421415,2022-01-24T15:25:17.094Z,ETHUSDT,2,2239.75,-0.0141510400648,1
2.42258166667,2022-01-24T15:25:21.294Z,ETHUSDT,2,2234.95,-0.0162964361097,1
2.42800805556,2022-01-24T15:25:40.829Z,ETHUSDT,2,2236.7,-0.0155137272262,1
2.42803083333,2022-01-24T15:25:40.911Z,ETHUSDT,2,2237,-0.0153796100523,1
2.42893611111,2022-01-24T15:25:44.170Z,ETHUSDT,2,2239.75,-0.0141510400648,2
2.42894388889,2022-01-24T15:25:44.198Z,ETHUSDT,2,2239.75,-0.0141510400648,1
2.42985416667,2022-01-24T15:25:47.475Z,ETHUSDT,2,2242.75,-0.0128125011031,1
2.43443194444,2022-01-24T15:26:03.955Z,ETHUSDT,2,2239.2,-0.0143966333412,1
2.43443472222,2022-01-24T15:26:03.965Z,ETHUSDT,2,2239.2,-0.0143966333412,1
2.44135527778,2022-01-24T15:26:28.879Z,ETHUSDT,2,2233.86456954,-0.0167822161608,2
2.44135638889,2022-01-24T15:26:28.883Z,ETHUSDT,2,2233.85,-0.0167887383037,1
2.44166472222,2022-01-24T15:26:29.993Z,ETHUSDT,2,2236.55,-0.0155807925591,1
2.4416725,2022-01-24T15:26:30.021Z,ETHUSDT,2,2236.55,-0.0155807925591,1
2.45108,2022-01-24T15:27:03.888Z,ETHUSDT,2,2229.35,-0.0188052293974,1
2.45108083333,2022-01-24T15:27:03.891Z,ETHUSDT,2,2229.35,-0.0188052293974,1
2.45108833333,2022-01-24T15:27:03.918Z,ETHUSDT,2,2229.34166667,-0.0188089674147,2
2.45108972222,2022-01-24T15:27:03.923Z,ETHUSDT,2,2229.3,-0.0188276577109,1
2.4511025,2022-01-24T15:27:03.969Z,ETHUSDT,2,2229.3,-0.0188276577109,1
2.45160138889,2022-01-24T15:27:05.765Z,ETHUSDT,2,2228.5,-0.0191865791559,1
2.45712527778,2022-01-24T15:27:25.651Z,ETHUSDT,2,2246.57712766,-0.0111075112559,3
2.45816555556,2022-01-24T15:27:29.396Z,ETHUSDT,2,2246.3,-0.0112308743713,1
2.45861611111,2022-01-24T15:27:31.018Z,ETHUSDT,2,2244.9,-0.011854315788,1
2.46329861111,2022-01-24T15:27:47.875Z,ETHUSDT,2,2245.7,-0.011498015958,1
2.46560194444,2022-01-24T15:27:56.167Z,ETHUSDT,2,2242.7,-0.0128347954102,1
2.46574777778,2022-01-24T15:27:56.692Z,ETHUSDT,2,2244.8,-0.0118988621943,1
2.46574888889,2022-01-24T15:27:56.696Z,ETHUSDT,2,2244.8,-0.0118988621943,1
2.46576888889,2022-01-24T15:27:56.768Z,ETHUSDT,2,2248,-0.0104743605289,1
2.46577166667,2022-01-24T15:27:56.778Z,ETHUSDT,2,2248,-0.0104743605289,1
2.47008944444,2022-01-24T15:28:12.322Z,ETHUSDT,2,2240.4,-0.0138608712068,2
2.47410416667,2022-01-24T15:28:26.775Z,ETHUSDT,2,2237.478,-0.015165953844,3
2.48424361111,2022-01-24T15:29:03.277Z,ETHUSDT,2,2236.4,-0.01564786239,1
2.48424472222,2022-01-24T15:29:03.281Z,ETHUSDT,2,2236.4,-0.01564786239,1
2.48479888889,2022-01-24T15:29:05.276Z,ETHUSDT,2,2237.75,-0.0150443957914,1
2.48820722222,2022-01-24T15:29:17.546Z,ETHUSDT,2,2237,-0.0153796100523,1
2.48831388889,2022-01-24T15:29:17.930Z,ETHUSDT,2,2237,-0.0153796100523,1
2.49513555556,2022-01-24T15:29:42.488Z,ETHUSDT,2,2236.65,-0.0155360818374,1
2.49881611111,2022-01-24T15:29:55.738Z,ETHUSDT,2,2236.65,-0.0155360818374,1
2.49882055556,2022-01-24T15:29:55.754Z,ETHUSDT,2,2236.3,-0.0156925781098,1
2.49906638889,2022-01-24T15:29:56.639Z,ETHUSDT,2,2234.7,-0.0164083016921,1
2.49908,2022-01-24T15:29:56.688Z,ETHUSDT,2,2234.7,-0.0164083016921,1
2.51208083333,2022-01-24T15:30:43.491Z,ETHUSDT,2,2238.8,-0.0145752845253,1
2.51626694444,2022-01-24T15:30:58.561Z,ETHUSDT,2,2241.05,-0.0135707865223,1
2.51626722222,2022-01-24T15:30:58.562Z,ETHUSDT,2,2241.05,-0.0135707865223,1
2.51631888889,2022-01-24T15:30:58.748Z,ETHUSDT,2,2240.3,-0.0139055070896,1
2.51720888889,2022-01-24T15:31:01.952Z,ETHUSDT,2,2239.2,-0.0143966333412,1
2.5172125,2022-01-24T15:31:01.965Z,ETHUSDT,2,2239.2,-0.0143966333412,1
2.53237666667,2022-01-24T15:31:56.556Z,ETHUSDT,2,2238.65,-0.0146422869485,1
2.53528166667,2022-01-24T15:32:07.014Z,ETHUSDT,2,2240.85,-0.013660034386,1
2.53986694444,2022-01-24T15:32:23.521Z,ETHUSDT,2,2246.78571429,-0.0110146691536,2
2.53993861111,2022-01-24T15:32:23.779Z,ETHUSDT,2,2247.9,-0.0105188455041,1
2.55244277778,2022-01-24T15:33:08.794Z,ETHUSDT,2,2255.15,-0.00729880297096,1
2.55244305556,2022-01-24T15:33:08.795Z,ETHUSDT,2,2255.15,-0.00729880297096,1
2.55251361111,2022-01-24T15:33:09.049Z,ETHUSDT,2,2255.2,-0.00727663174256,1
2.55260694444,2022-01-24T15:33:09.385Z,ETHUSDT,2,2257.4,-0.00630158402094,1
2.55316916667,2022-01-24T15:33:11.409Z,ETHUSDT,2,2255.2,-0.00727663174256,1
2.55597388889,2022-01-24T15:33:21.506Z,ETHUSDT,2,2257.55,-0.00623513810236,1
2.55765638889,2022-01-24T15:33:27.563Z,ETHUSDT,2,2264.4,-0.00320546937996,1
2.55896111111,2022-01-24T15:33:32.260Z,ETHUSDT,2,2261.55,-0.00446487364943,1
2.55900833333,2022-01-24T15:33:32.430Z,ETHUSDT,2,2263.35,-0.0036692759147,1
2.55904694444,2022-01-24T15:33:32.569Z,ETHUSDT,2,2267.40714286,-0.00187834172262,2
2.56443055556,2022-01-24T15:33:51.950Z,ETHUSDT,2,2259.35,-0.00543813126347,1
2.56685527778,2022-01-24T15:34:00.679Z,ETHUSDT,2,2255.2,-0.00727663174256,1
2.56759361111,2022-01-24T15:34:03.337Z,ETHUSDT,2,2252.97313433,-0.00826455558063,2
2.57009972222,2022-01-24T15:34:12.359Z,ETHUSDT,2,2256,-0.00692195892452,1
2.57501083333,2022-01-24T15:34:30.039Z,ETHUSDT,2,2260.9,-0.00475232846019,1
2.57966222222,2022-01-24T15:34:46.784Z,ETHUSDT,2,2261.05,-0.00468598540021,1
2.57968583333,2022-01-24T15:34:46.869Z,ETHUSDT,2,2261.05,-0.00468598540021,1
2.58377527778,2022-01-24T15:35:01.591Z,ETHUSDT,2,2254.65,-0.00752054229512,1
2.587495,2022-01-24T15:35:14.982Z,ETHUSDT,2,2251.5,-0.00891863180084,1
2.58767,2022-01-24T15:35:15.612Z,ETHUSDT,2,2251.5,-0.00891863180084,1
2.59237222222,2022-01-24T15:35:32.540Z,ETHUSDT,2,2247.95,-0.0104966027691,1
2.59246416667,2022-01-24T15:35:32.871Z,ETHUSDT,2,2247.95,-0.0104966027691,1
2.59748888889,2022-01-24T15:35:50.960Z,ETHUSDT,2,2252.52407407,-0.00846389440385,2
2.59762472222,2022-01-24T15:35:51.449Z,ETHUSDT,2,2251.2,-0.00905188518234,1
2.59762888889,2022-01-24T15:35:51.464Z,ETHUSDT,2,2251.2,-0.00905188518234,1
2.60173388889,2022-01-24T15:36:06.242Z,ETHUSDT,2,2259.5,-0.00537174269113,1
2.60504027778,2022-01-24T15:36:18.145Z,ETHUSDT,2,2264.25,-0.00327171428741,1
2.60580833333,2022-01-24T15:36:20.910Z,ETHUSDT,2,2266.75,-0.0021682050163,1
2.64237583333,2022-01-24T15:38:32.553Z,ETHUSDT,2,2267.65,-0.00177123959119,1
2.65168472222,2022-01-24T15:39:06.065Z,ETHUSDT,2,2269.25,-0.00106591213573,1
2.65971777778,2022-01-24T15:39:34.984Z,ETHUSDT,2,2265.25,-0.0028301644403,1
2.67640222222,2022-01-24T15:40:35.048Z,ETHUSDT,2,2262,-0.0042659148664,1
2.67654777778,2022-01-24T15:40:35.572Z,ETHUSDT,2,2260.027,-0.00513853244484,5
2.67676944444,2022-01-24T15:40:36.370Z,ETHUSDT,2,2260.1,-0.00510623246743,1
2.67969277778,2022-01-24T15:40:46.894Z,ETHUSDT,2,2254.985,-0.00737197151251,4
2.67981916667,2022-01-24T15:40:47.349Z,ETHUSDT,2,2255.6,-0.00709927960944,1
2.68484194444,2022-01-24T15:41:05.431Z,ETHUSDT,2,2261.45,-0.00450909208852,1
2.68484305556,2022-01-24T15:41:05.435Z,ETHUSDT,2,2261.45,-0.00450909208852,1
2.69810083333,2022-01-24T15:41:53.163Z,ETHUSDT,2,2255.8,-0.00701061533665,1
2.69830472222,2022-01-24T15:41:53.897Z,ETHUSDT,2,2255.8,-0.00701061533665,1
2.69833666667,2022-01-24T15:41:54.012Z,ETHUSDT,2,2255.8,-0.00701061533665,1
2.69946722222,2022-01-24T15:41:58.082Z,ETHUSDT,2,2256.75,-0.0065895673642,1
2.69948638889,2022-01-24T15:41:58.151Z,ETHUSDT,2,2257.45,-0.00627943489085,1
2.69970444444,2022-01-24T15:41:58.936Z,ETHUSDT,2,2259.85,-0.00521685316025,1
2.69971805556,2022-01-24T15:41:58.985Z,ETHUSDT,2,2259.85,-0.00521685316025,1
2.69971888889,2022-01-24T15:41:58.988Z,ETHUSDT,2,2259.85,-0.00521685316025,1
2.73445555556,2022-01-24T15:44:04.040Z,ETHUSDT,2,2260.5,-0.00492926480781,1
2.734575,2022-01-24T15:44:04.470Z,ETHUSDT,2,2260.75,-0.00481867592188,1
2.73794888889,2022-01-24T15:44:16.616Z,ETHUSDT,2,2263.75,-0.00349256234484,1
2.74396277778,2022-01-24T15:44:38.266Z,ETHUSDT,2,2268.45,-0.00141851367761,1
2.7491475,2022-01-24T15:44:56.931Z,ETHUSDT,2,2269.2,-0.00108794609005,1
2.75443388889,2022-01-24T15:45:15.962Z,ETHUSDT,2,2265.05,-0.00291845881379,1
2.75443472222,2022-01-24T15:45:15.965Z,ETHUSDT,2,2265.05,-0.00291845881379,1
2.75781222222,2022-01-24T15:45:28.124Z,ETHUSDT,2,2262.15,-0.00419960406766,1
2.75781444444,2022-01-24T15:45:28.132Z,ETHUSDT,2,2262.15,-0.00419960406766,1
2.78602027778,2022-01-24T15:47:09.673Z,ETHUSDT,2,2261.45,-0.00450909208852,1
2.78603333333,2022-01-24T15:47:09.720Z,ETHUSDT,2,2261.45,-0.00450909208852,1
2.79638694444,2022-01-24T15:47:46.993Z,ETHUSDT,2,2259.25,-0.0054823927604,1
2.81547277778,2022-01-24T15:48:55.702Z,ETHUSDT,2,2249.6425,-0.00974397785706,3
2.81566166667,2022-01-24T15:48:56.382Z,ETHUSDT,2,2249.5,-0.00980732326124,1
2.81569333333,2022-01-24T15:48:56.496Z,ETHUSDT,2,2249.3,-0.00989623586021,1
2.88636916667,2022-01-24T15:53:10.929Z,ETHUSDT,2,2259.4,-0.00541600124964,1
2.89075083333,2022-01-24T15:53:26.703Z,ETHUSDT,2,2260.9,-0.00475232846019,1
2.89126055556,2022-01-24T15:53:28.538Z,ETHUSDT,2,2264.1,-0.00333796358353,1
2.89126916667,2022-01-24T15:53:28.569Z,ETHUSDT,2,2264.1,-0.00333796358353,1
2.91328638889,2022-01-24T15:54:47.831Z,ETHUSDT,2,2275.45,0.00166254248011,1
2.91328861111,2022-01-24T15:54:47.839Z,ETHUSDT,2,2275.45,0.00166254248011,1
2.91495361111,2022-01-24T15:54:53.833Z,ETHUSDT,2,2281.228,0.00419860190622,2
2.91535083333,2022-01-24T15:54:55.263Z,ETHUSDT,2,2279.2,0.00330921164123,1
2.91638805556,2022-01-24T15:54:58.997Z,ETHUSDT,2,2281.25,0.00420824578834,1
2.93569055556,2022-01-24T15:56:08.486Z,ETHUSDT,2,2278.15,0.00284841753124,1
2.93591888889,2022-01-24T15:56:09.308Z,ETHUSDT,2,2276.25,0.00201405949935,1
2.93595,2022-01-24T15:56:09.420Z,ETHUSDT,2,2276.25,0.00201405949935,1
2.975685,2022-01-24T15:58:32.466Z,ETHUSDT,2,2276.55,0.0021458465317,1
2.97925777778,2022-01-24T15:58:45.328Z,ETHUSDT,2,2274.15,0.00109106365324,1
2.98823916667,2022-01-24T15:59:17.661Z,ETHUSDT,2,2273.1,0.000629246062973,1
2.98825861111,2022-01-24T15:59:17.731Z,ETHUSDT,2,2273.1,0.000629246062973,1
3.01822,2022-01-24T16:01:05.592Z,ETHUSDT,2,2267.15,-0.00199175648367,1
3.01823944444,2022-01-24T16:01:05.662Z,ETHUSDT,2,2267.2,-0.00196970260605,1
3.04035055556,2022-01-24T16:02:25.262Z,ETHUSDT,2,2269.45,-0.000977781173061,1
3.04219694444,2022-01-24T16:02:31.909Z,ETHUSDT,2,2269.5,-0.000955749645945,1
3.04225722222,2022-01-24T16:02:32.126Z,ETHUSDT,2,2269.5,-0.000955749645945,1
3.045675,2022-01-24T16:02:44.430Z,ETHUSDT,2,2269.05,-0.00115405086615,1
3.04587444444,2022-01-24T16:02:45.148Z,ETHUSDT,2,2269,-0.00117608676262,1
3.05539277778,2022-01-24T16:03:19.414Z,ETHUSDT,2,2269.2,-0.00108794609005,1
3.06879722222,2022-01-24T16:04:07.670Z,ETHUSDT,2,2264.55,-0.00313922886061,1
3.08871111111,2022-01-24T16:05:19.360Z,ETHUSDT,2,2257.75,-0.00614655041156,1
3.10751527778,2022-01-24T16:06:27.055Z,ETHUSDT,2,2259.45,-0.00539387172553,1
3.11615027778,2022-01-24T16:06:58.141Z,ETHUSDT,2,2262,-0.0042659148664,1
3.11615222222,2022-01-24T16:06:58.148Z,ETHUSDT,2,2262,-0.0042659148664,1
3.11615583333,2022-01-24T16:06:58.161Z,ETHUSDT,2,2262,-0.0042659148664,1
3.11615777778,2022-01-24T16:06:58.168Z,ETHUSDT,2,2262,-0.0042659148664,1
3.11617055556,2022-01-24T16:06:58.214Z,ETHUSDT,2,2262,-0.0042659148664,1
3.11617111111,2022-01-24T16:06:58.216Z,ETHUSDT,2,2262,-0.0042659148664,1
3.1380675,2022-01-24T16:08:17.043Z,ETHUSDT,2,2259.55,-0.00534961414641,1
3.13941722222,2022-01-24T16:08:21.902Z,ETHUSDT,2,2259.55,-0.00534961414641,1
3.14758166667,2022-01-24T16:08:51.294Z,ETHUSDT,2,2261.35,-0.00455331248298,1
3.14758472222,2022-01-24T16:08:51.305Z,ETHUSDT,2,2261.35,-0.00455331248298,1
3.147585,2022-01-24T16:08:51.306Z,ETHUSDT,2,2261.35,-0.00455331248298,1
3.14758666667,2022-01-24T16:08:51.312Z,ETHUSDT,2,2261.35,-0.00455331248298,1
3.1502175,2022-01-24T16:09:00.783Z,ETHUSDT,2,2267,-0.00205792103494,1
3.16082638889,2022-01-24T16:09:38.975Z,ETHUSDT,2,2265.1,-0.00289638448954,1
3.17459222222,2022-01-24T16:10:28.532Z,ETHUSDT,2,2266.65,-0.00221232201459,1
3.18180388889,2022-01-24T16:10:54.494Z,ETHUSDT,2,2258.95,-0.00561518900689,1
3.18181166667,2022-01-24T16:10:54.522Z,ETHUSDT,2,2258.95,-0.00561518900689,1
3.18185583333,2022-01-24T16:10:54.681Z,ETHUSDT,2,2258.95,-0.00561518900689,1
3.19143583333,2022-01-24T16:11:29.169Z,ETHUSDT,2,2261.05,-0.00468598540021,1
3.26248777778,2022-01-24T16:15:44.956Z,ETHUSDT,2,2268.75,-0.0012862735293,1
3.26796111111,2022-01-24T16:16:04.660Z,ETHUSDT,2,2269.2,-0.00108794609005,1
3.2680125,2022-01-24T16:16:04.845Z,ETHUSDT,2,2269.95,-0.00075748774132,1
3.26810555556,2022-01-24T16:16:05.180Z,ETHUSDT,2,2271.95,0.000123201014165,1
3.27831166667,2022-01-24T16:16:41.922Z,ETHUSDT,2,2275.65,0.00175043331975,1
3.28245972222,2022-01-24T16:16:56.855Z,ETHUSDT,2,2282.45,0.00473413488168,1
3.28246833333,2022-01-24T16:16:56.886Z,ETHUSDT,2,2282.45,0.00473413488168,1
3.28250166667,2022-01-24T16:16:57.006Z,ETHUSDT,2,2284.35,0.00556622742334,1
3.28632777778,2022-01-24T16:17:10.780Z,ETHUSDT,2,2294.13412698,0.00984019304448,2
3.29092583333,2022-01-24T16:17:27.333Z,ETHUSDT,2,2287.4,0.00690050880465,1
3.29102305556,2022-01-24T16:17:27.683Z,ETHUSDT,2,2287.4,0.00690050880465,1
3.29102555556,2022-01-24T16:17:27.692Z,ETHUSDT,2,2287.4,0.00690050880465,1
3.30192333333,2022-01-24T16:18:06.924Z,ETHUSDT,2,2289.08,0.00763469755909,2
3.31140277778,2022-01-24T16:18:41.050Z,ETHUSDT,2,2280.15,0.00372593771567,1
3.31310666667,2022-01-24T16:18:47.184Z,ETHUSDT,2,2275.89225,0.00185688075533,4
3.31900555556,2022-01-24T16:19:08.420Z,ETHUSDT,2,2275.45,0.00166254248011,1
3.31909611111,2022-01-24T16:19:08.746Z,ETHUSDT,2,2275.45,0.00166254248011,1
3.3191325,2022-01-24T16:19:08.877Z,ETHUSDT,2,2275.45,0.00166254248011,1
3.31913333333,2022-01-24T16:19:08.880Z,ETHUSDT,2,2275.45,0.00166254248011,1
3.31918833333,2022-01-24T16:19:09.078Z,ETHUSDT,2,2275.45,0.00166254248011,1
3.31921694444,2022-01-24T16:19:09.181Z,ETHUSDT,2,2275.45,0.00166254248011,1
3.31922027778,2022-01-24T16:19:09.193Z,ETHUSDT,2,2275.45,0.00166254248011,1
3.31953444444,2022-01-24T16:19:10.324Z,ETHUSDT,2,2275.45,0.00166254248011,1
3.31954166667,2022-01-24T16:19:10.350Z,ETHUSDT,2,2275.45,0.00166254248011,1
3.31954694444,2022-01-24T16:19:10.369Z,ETHUSDT,2,2275.45,0.00166254248011,1
3.31957166667,2022-01-24T16:19:10.458Z,ETHUSDT,2,2275.45,0.00166254248011,1
3.319575,2022-01-24T16:19:10.470Z,ETHUSDT,2,2275.45,0.00166254248011,1
3.31957861111,2022-01-24T16:19:10.483Z,ETHUSDT,2,2275.45,0.00166254248011,1
3.31960638889,2022-01-24T16:19:10.583Z,ETHUSDT,2,2275.45,0.00166254248011,1
3.31960722222,2022-01-24T16:19:10.586Z,ETHUSDT,2,2275.45,0.00166254248011,1
3.31960777778,2022-01-24T16:19:10.588Z,ETHUSDT,2,2275.45,0.00166254248011,1
3.31960972222,2022-01-24T16:19:10.595Z,ETHUSDT,2,2275.45,0.00166254248011,1
3.31961055556,2022-01-24T16:19:10.598Z,ETHUSDT,2,2275.45,0.00166254248011,1
3.31961166667,2022-01-24T16:19:10.602Z,ETHUSDT,2,2275.45,0.00166254248011,1
3.31961305556,2022-01-24T16:19:10.607Z,ETHUSDT,2,2275.45,0.00166254248011,1
3.31961388889,2022-01-24T16:19:10.610Z,ETHUSDT,2,2275.45,0.00166254248011,1
3.31961638889,2022-01-24T16:19:10.619Z,ETHUSDT,2,2275.45,0.00166254248011,1
3.31962944444,2022-01-24T16:19:10.666Z,ETHUSDT,2,2275.45,0.00166254248011,1
3.31963166667,2022-01-24T16:19:10.674Z,ETHUSDT,2,2275.45,0.00166254248011,1
3.31964333333,2022-01-24T16:19:10.716Z,ETHUSDT,2,2275.45,0.00166254248011,1
3.31964444444,2022-01-24T16:19:10.720Z,ETHUSDT,2,2275.45,0.00166254248011,1
3.31964583333,2022-01-24T16:19:10.725Z,ETHUSDT,2,2275.45,0.00166254248011,1
3.31964916667,2022-01-24T16:19:10.737Z,ETHUSDT,2,2275.45,0.00166254248011,1
3.31965027778,2022-01-24T16:19:10.741Z,ETHUSDT,2,2275.45,0.00166254248011,1
3.3196525,2022-01-24T16:19:10.749Z,ETHUSDT,2,2275.45,0.00166254248011,1
3.31965333333,2022-01-24T16:19:10.752Z,ETHUSDT,2,2275.45,0.00166254248011,1
3.31965388889,2022-01-24T16:19:10.754Z,ETHUSDT,2,2275.45,0.00166254248011,1
3.31965444444,2022-01-24T16:19:10.756Z,ETHUSDT,2,2275.45,0.00166254248011,1
3.31965805556,2022-01-24T16:19:10.769Z,ETHUSDT,2,2275.45,0.00166254248011,1
3.31966055556,2022-01-24T16:19:10.778Z,ETHUSDT,2,2275.45,0.00166254248011,1
3.31966333333,2022-01-24T16:19:10.788Z,ETHUSDT,2,2275.45,0.00166254248011,1
3.31967111111,2022-01-24T16:19:10.816Z,ETHUSDT,2,2275.45,0.00166254248011,1
3.3196725,2022-01-24T16:19:10.821Z,ETHUSDT,2,2275.45,0.00166254248011,1
3.31967333333,2022-01-24T16:19:10.824Z,ETHUSDT,2,2275.45,0.00166254248011,1
3.31967416667,2022-01-24T16:19:10.827Z,ETHUSDT,2,2275.45,0.00166254248011,1
3.31967777778,2022-01-24T16:19:10.840Z,ETHUSDT,2,2275.45,0.00166254248011,1
3.31967833333,2022-01-24T16:19:10.842Z,ETHUSDT,2,2275.45,0.00166254248011,1
3.31968083333,2022-01-24T16:19:10.851Z,ETHUSDT,2,2275.45,0.00166254248011,1
3.31968361111,2022-01-24T16:19:10.861Z,ETHUSDT,2,2275.45,0.00166254248011,1
3.31968472222,2022-01-24T16:19:10.865Z,ETHUSDT,2,2275.45,0.00166254248011,1
3.31968555556,2022-01-24T16:19:10.868Z,ETHUSDT,2,2275.45,0.00166254248011,1
3.31968638889,2022-01-24T16:19:10.871Z,ETHUSDT,2,2275.45,0.00166254248011,1
3.31968722222,2022-01-24T16:19:10.874Z,ETHUSDT,2,2275.45,0.00166254248011,1
3.31968777778,2022-01-24T16:19:10.876Z,ETHUSDT,2,2275.45,0.00166254248011,1
3.31968861111,2022-01-24T16:19:10.879Z,ETHUSDT,2,2275.45,0.00166254248011,1
3.31968916667,2022-01-24T16:19:10.881Z,ETHUSDT,2,2275.45,0.00166254248011,1
3.31969,2022-01-24T16:19:10.884Z,ETHUSDT,2,2275.45,0.00166254248011,1
3.31969277778,2022-01-24T16:19:10.894Z,ETHUSDT,2,2275.45,0.00166254248011,1
3.3196975,2022-01-24T16:19:10.911Z,ETHUSDT,2,2275.45,0.00166254248011,1
3.31969805556,2022-01-24T16:19:10.913Z,ETHUSDT,2,2275.45,0.00166254248011,1
3.31969944444,2022-01-24T16:19:10.918Z,ETHUSDT,2,2275.45,0.00166254248011,1
3.31970027778,2022-01-24T16:19:10.921Z,ETHUSDT,2,2275.45,0.00166254248011,1
3.31970083333,2022-01-24T16:19:10.923Z,ETHUSDT,2,2275.45,0.00166254248011,1
3.31970166667,2022-01-24T16:19:10.926Z,ETHUSDT,2,2275.45,0.00166254248011,1
3.3197025,2022-01-24T16:19:10.929Z,ETHUSDT,2,2275.45,0.00166254248011,1
3.31970361111,2022-01-24T16:19:10.933Z,ETHUSDT,2,2275.45,0.00166254248011,1
3.31970472222,2022-01-24T16:19:10.937Z,ETHUSDT,2,2275.45,0.00166254248011,1
3.31970583333,2022-01-24T16:19:10.941Z,ETHUSDT,2,2275.45,0.00166254248011,1
3.31970638889,2022-01-24T16:19:10.943Z,ETHUSDT,2,2275.45,0.00166254248011,1
3.3197075,2022-01-24T16:19:10.947Z,ETHUSDT,2,2275.45,0.00166254248011,1
3.31970888889,2022-01-24T16:19:10.952Z,ETHUSDT,2,2275.45,0.00166254248011,1
3.31970972222,2022-01-24T16:19:10.955Z,ETHUSDT,2,2275.45,0.00166254248011,1
3.31971027778,2022-01-24T16:19:10.957Z,ETHUSDT,2,2275.45,0.00166254248011,1
3.31971138889,2022-01-24T16:19:10.961Z,ETHUSDT,2,2275.45,0.00166254248011,1
3.31971277778,2022-01-24T16:19:10.966Z,ETHUSDT,2,2275.45,0.00166254248011,1
3.31971361111,2022-01-24T16:19:10.969Z,ETHUSDT,2,2275.45,0.00166254248011,1
3.31981277778,2022-01-24T16:19:11.326Z,ETHUSDT,2,2273.35,0.000739221978358,1
3.32068833333,2022-01-24T16:19:14.478Z,ETHUSDT,2,2270.4,-0.000559265136687,1
3.32565833333,2022-01-24T16:19:32.370Z,ETHUSDT,2,2269.95,-0.00075748774132,1
3.32569527778,2022-01-24T16:19:32.503Z,ETHUSDT,2,2269.95,-0.00075748774132,1
3.33488138889,2022-01-24T16:20:05.573Z,ETHUSDT,2,2271.95,0.000123201014165,1
3.33488305556,2022-01-24T16:20:05.579Z,ETHUSDT,2,2271.95,0.000123201014165,1
3.33619472222,2022-01-24T16:20:10.301Z,ETHUSDT,2,2271.05,-0.000273012946554,1
3.33792388889,2022-01-24T16:20:16.526Z,ETHUSDT,2,2268.6,-0.00135239141752,1
3.33794888889,2022-01-24T16:20:16.616Z,ETHUSDT,2,2268.25,-0.00150668349273,2
3.33808472222,2022-01-24T16:20:17.105Z,ETHUSDT,2,2268.25,-0.00150668349273,1
3.35036222222,2022-01-24T16:21:01.304Z,ETHUSDT,2,2273.5,0.0008052017226,1
3.35211972222,2022-01-24T16:21:07.631Z,ETHUSDT,2,2271.8,5.7176254856e-05,1
3.35667638889,2022-01-24T16:21:24.035Z,ETHUSDT,2,2270.65,-0.00044915844319,1
3.35669361111,2022-01-24T16:21:24.097Z,ETHUSDT,2,2270.65,-0.00044915844319,1
3.36006444444,2022-01-24T16:21:36.232Z,ETHUSDT,2,2272,0.000145208298576,1
3.3600725,2022-01-24T16:21:36.261Z,ETHUSDT,2,2272,0.000145208298576,1
3.37306277778,2022-01-24T16:22:23.026Z,ETHUSDT,2,2279.95,0.003638220341,1
3.37306361111,2022-01-24T16:22:23.029Z,ETHUSDT,2,2279.96458333,0.00364461665964,2
3.3765075,2022-01-24T16:22:35.427Z,ETHUSDT,2,2284.95,0.00582884970835,1
3.37651361111,2022-01-24T16:22:35.449Z,ETHUSDT,2,2284.95,0.00582884970835,1
3.38408722222,2022-01-24T16:23:02.714Z,ETHUSDT,2,2284.14492754,0.0054764506075,2
3.38726722222,2022-01-24T16:23:14.162Z,ETHUSDT,2,2279.4,0.00339695787917,1
3.38728361111,2022-01-24T16:23:14.221Z,ETHUSDT,2,2279.4,0.00339695787917,1
3.3933025,2022-01-24T16:23:35.889Z,ETHUSDT,2,2279.65,0.00350662985041,1
3.39452277778,2022-01-24T16:23:40.282Z,ETHUSDT,2,2279.7,0.00352856280138,1
3.39693111111,2022-01-24T16:23:48.952Z,ETHUSDT,2,2276.7,0.00221173353551,1
3.396935,2022-01-24T16:23:48.966Z,ETHUSDT,2,2276.7,0.00221173353551,1
3.39746055556,2022-01-24T16:23:50.858Z,ETHUSDT,2,2273.62395833,0.000859723365071,3
3.3974625,2022-01-24T16:23:50.865Z,ETHUSDT,2,2273.5,0.0008052017226,1
3.40183916667,2022-01-24T16:24:06.621Z,ETHUSDT,2,2275.95,0.00188225509689,1
3.40184083333,2022-01-24T16:24:06.627Z,ETHUSDT,2,2275.95,0.00188225509689,1
3.40184222222,2022-01-24T16:24:06.632Z,ETHUSDT,2,2275.95,0.00188225509689,1
3.42358194444,2022-01-24T16:25:24.895Z,ETHUSDT,2,2271.95,0.000123201014165,1
3.42360083333,2022-01-24T16:25:24.963Z,ETHUSDT,2,2271.95,0.000123201014165,1
3.42595361111,2022-01-24T16:25:33.433Z,ETHUSDT,2,2273.85,0.000959137531672,1
3.42599638889,2022-01-24T16:25:33.587Z,ETHUSDT,2,2274.45,0.00122297237259,1
3.42602638889,2022-01-24T16:25:33.695Z,ETHUSDT,2,2275.15,0.00153069173497,1
3.42656916667,2022-01-24T16:25:35.649Z,ETHUSDT,2,2275.6,0.00172846133403,1
3.43888277778,2022-01-24T16:26:19.978Z,ETHUSDT,2,2276.75,0.00223369490546,1
3.43888416667,2022-01-24T16:26:19.983Z,ETHUSDT,2,2276.75,0.00223369490546,1
3.43888555556,2022-01-24T16:26:19.988Z,ETHUSDT,2,2276.75,0.00223369490546,1
3.43889027778,2022-01-24T16:26:20.005Z,ETHUSDT,2,2276.75,0.00223369490546,1
3.43889138889,2022-01-24T16:26:20.009Z,ETHUSDT,2,2276.75,0.00223369490546,1
3.46999277778,2022-01-24T16:28:11.974Z,ETHUSDT,2,2285.25,0.00596013499146,1
3.47009388889,2022-01-24T16:28:12.338Z,ETHUSDT,2,2286.5,0.00650697155564,1
3.470265,2022-01-24T16:28:12.954Z,ETHUSDT,2,2287.2,0.00681306946564,1
3.47073694444,2022-01-24T16:28:14.653Z,ETHUSDT,2,2288.7,0.00746867822183,1
3.47074194444,2022-01-24T16:28:14.671Z,ETHUSDT,2,2289,0.0075997484101,1
3.47076027778,2022-01-24T16:28:14.737Z,ETHUSDT,2,2289.7,0.00790551205719,1
3.47090194444,2022-01-24T16:28:15.247Z,ETHUSDT,2,2289.25,0.00770896044538,1
3.47300583333,2022-01-24T16:28:22.821Z,ETHUSDT,2,2287.1,0.00676934692885,1
3.48838166667,2022-01-24T16:29:18.174Z,ETHUSDT,2,2280.05,0.00368207999013,1
3.49045861111,2022-01-24T16:29:25.651Z,ETHUSDT,2,2280.45,0.00385749935249,1
3.50239388889,2022-01-24T16:30:08.618Z,ETHUSDT,2,2280.95,0.00407673029124,1
3.50241222222,2022-01-24T16:30:08.684Z,ETHUSDT,2,2280.9,0.00405480936004,1
3.503365,2022-01-24T16:30:12.114Z,ETHUSDT,2,2283.25,0.00508457402932,1
3.50336805556,2022-01-24T16:30:12.125Z,ETHUSDT,2,2283.25,0.00508457402932,1
3.50338861111,2022-01-24T16:30:12.199Z,ETHUSDT,2,2283.25,0.00508457402932,1
3.50753833333,2022-01-24T16:30:27.138Z,ETHUSDT,2,2290.85,0.00840763517522,1
3.5075875,2022-01-24T16:30:27.315Z,ETHUSDT,2,2291.55,0.00871315193738,1
3.50768555556,2022-01-24T16:30:27.668Z,ETHUSDT,2,2292.6,0.00917125213844,1
3.50769055556,2022-01-24T16:30:27.686Z,ETHUSDT,2,2292.6,0.00917125213844,1
3.50772083333,2022-01-24T16:30:27.795Z,ETHUSDT,2,2295.1,0.0102611229877,1
3.507775,2022-01-24T16:30:27.990Z,ETHUSDT,2,2296.65,0.0109362468767,1
3.50784861111,2022-01-24T16:30:28.255Z,ETHUSDT,2,2299.05,0.0119807015706,1
3.50787472222,2022-01-24T16:30:28.349Z,ETHUSDT,2,2299.05,0.0119807015706,1
3.50787694444,2022-01-24T16:30:28.357Z,ETHUSDT,2,2299.05,0.0119807015706,1
3.50787888889,2022-01-24T16:30:28.364Z,ETHUSDT,2,2299.05,0.0119807015706,1
3.5078825,2022-01-24T16:30:28.377Z,ETHUSDT,2,2299.05,0.0119807015706,1
3.50788916667,2022-01-24T16:30:28.401Z,ETHUSDT,2,2299.05,0.0119807015706,1
3.50789,2022-01-24T16:30:28.404Z,ETHUSDT,2,2299.05,0.0119807015706,1
3.50813222222,2022-01-24T16:30:29.276Z,ETHUSDT,2,2303.65,0.0139795290116,1
3.50814472222,2022-01-24T16:30:29.321Z,ETHUSDT,2,2304.55,0.0143701370631,1
3.50815666667,2022-01-24T16:30:29.364Z,ETHUSDT,2,2307.35,0.0155843873045,1
3.51124472222,2022-01-24T16:30:40.481Z,ETHUSDT,2,2298.5175,0.0117490573359,2
3.51797055556,2022-01-24T16:31:04.694Z,ETHUSDT,2,2294.55,0.0100214532949,1
3.51821861111,2022-01-24T16:31:05.587Z,ETHUSDT,2,2292.15,0.00897494917691,1
3.54636861111,2022-01-24T16:32:46.927Z,ETHUSDT,2,2286.25,0.00639762816261,1
3.54637194444,2022-01-24T16:32:46.939Z,ETHUSDT,2,2286.25,0.00639762816261,1
3.55906916667,2022-01-24T16:33:32.649Z,ETHUSDT,2,2278.35,0.00293620420967,1
3.56595777778,2022-01-24T16:33:57.448Z,ETHUSDT,2,2270.85,-0.000361081816468,1
3.56595805556,2022-01-24T16:33:57.449Z,ETHUSDT,2,2270.85,-0.000361081816468,1
3.56596,2022-01-24T16:33:57.456Z,ETHUSDT,2,2270.85,-0.000361081816468,1
3.56596111111,2022-01-24T16:33:57.460Z,ETHUSDT,2,2270.85,-0.000361081816468,1
3.56596416667,2022-01-24T16:33:57.471Z,ETHUSDT,2,2270.85,-0.000361081816468,1
3.56596666667,2022-01-24T16:33:57.480Z,ETHUSDT,2,2270.85,-0.000361081816468,1
3.59371805556,2022-01-24T16:35:37.385Z,ETHUSDT,2,2274.9,0.00142080283253,1
3.59372138889,2022-01-24T16:35:37.397Z,ETHUSDT,2,2274.9,0.00142080283253,1
3.59372222222,2022-01-24T16:35:37.400Z,ETHUSDT,2,2274.9,0.00142080283253,1
3.60836916667,2022-01-24T16:36:30.129Z,ETHUSDT,2,2269.15,-0.00110998052988,1
3.61739583333,2022-01-24T16:37:02.625Z,ETHUSDT,2,2268.55,-0.00137443168509,2
3.62116305556,2022-01-24T16:37:16.187Z,ETHUSDT,2,2268.55,-0.00137443168509,1
3.62119166667,2022-01-24T16:37:16.290Z,ETHUSDT,2,2268.55,-0.00137443168509,1
3.62534805556,2022-01-24T16:37:31.253Z,ETHUSDT,2,2264.05,-0.0033600476576,1
3.62537305556,2022-01-24T16:37:31.343Z,ETHUSDT,2,2262.615,-0.00399406853084,3
3.62602694444,2022-01-24T16:37:33.697Z,ETHUSDT,2,2260.98571429,-0.00471441760126,2
3.62612361111,2022-01-24T16:37:34.045Z,ETHUSDT,2,2259.65,-0.00530535852594,1
3.62612444444,2022-01-24T16:37:34.048Z,ETHUSDT,2,2259.65,-0.00530535852594,1
3.62801833333,2022-01-24T16:37:40.866Z,ETHUSDT,2,2256.07266667,-0.00688974904137,9
3.63178333333,2022-01-24T16:37:54.420Z,ETHUSDT,2,2256.5,-0.00670035227541,1
3.63178611111,2022-01-24T16:37:54.430Z,ETHUSDT,2,2256.5,-0.00670035227541,1
3.63181111111,2022-01-24T16:37:54.520Z,ETHUSDT,2,2256.5,-0.00670035227541,1
3.63184222222,2022-01-24T16:37:54.632Z,ETHUSDT,2,2254.55,-0.00756489606076,1
3.6318475,2022-01-24T16:37:54.651Z,ETHUSDT,2,2254.55,-0.00756489606076,1
3.63474111111,2022-01-24T16:38:05.068Z,ETHUSDT,2,2257.75,-0.00614655041156,1
3.63475,2022-01-24T16:38:05.100Z,ETHUSDT,2,2257.75,-0.00614655041156,1
3.63763638889,2022-01-24T16:38:15.491Z,ETHUSDT,2,2260.8,-0.0047965596122,1
3.64555638889,2022-01-24T16:38:44.003Z,ETHUSDT,2,2257.9,-0.00608011479318,1
3.65792027778,2022-01-24T16:39:28.513Z,ETHUSDT,2,2258.8,-0.00568159374378,1
3.65801472222,2022-01-24T16:39:28.853Z,ETHUSDT,2,2257.4,-0.00630158402094,1
3.66375555556,2022-01-24T16:39:49.520Z,ETHUSDT,2,2259.05,-0.00557092163194,1
3.66484388889,2022-01-24T16:39:53.438Z,ETHUSDT,2,2257.65,-0.00619084327598,1
3.66487027778,2022-01-24T16:39:53.533Z,ETHUSDT,2,2257.5,-0.00625728625132,1
3.66493388889,2022-01-24T16:39:53.762Z,ETHUSDT,2,2256.3,-0.006788989042,1
3.68341972222,2022-01-24T16:41:00.311Z,ETHUSDT,2,2253.95,-0.00783105997494,1
3.68342111111,2022-01-24T16:41:00.316Z,ETHUSDT,2,2253.87258065,-0.00786540886666,2
3.71089944444,2022-01-24T16:42:39.238Z,ETHUSDT,2,2257.4,-0.00630158402094,1
3.72305555556,2022-01-24T16:43:23.000Z,ETHUSDT,2,2254.6,-0.00754271893203,1
3.72314611111,2022-01-24T16:43:23.326Z,ETHUSDT,2,2253.8,-0.00789761202422,1
3.7231525,2022-01-24T16:43:23.349Z,ETHUSDT,2,2253.76,-0.00791535998542,2
3.72315555556,2022-01-24T16:43:23.360Z,ETHUSDT,2,2253.75,-0.00791979702494,1
3.72318916667,2022-01-24T16:43:23.481Z,ETHUSDT,2,2253.42142857,-0.00806559641791,2
3.723305,2022-01-24T16:43:23.898Z,ETHUSDT,2,2251.25,-0.0090296750523,1
3.72332638889,2022-01-24T16:43:23.975Z,ETHUSDT,2,2251.25,-0.0090296750523,1
3.72332944444,2022-01-24T16:43:23.986Z,ETHUSDT,2,2251.25,-0.0090296750523,1
3.72336194444,2022-01-24T16:43:24.103Z,ETHUSDT,2,2251.25,-0.0090296750523,1
3.72340944444,2022-01-24T16:43:24.274Z,ETHUSDT,2,2251.25,-0.0090296750523,1
3.72341972222,2022-01-24T16:43:24.311Z,ETHUSDT,2,2251.25,-0.0090296750523,1
3.72345611111,2022-01-24T16:43:24.442Z,ETHUSDT,2,2251.25,-0.0090296750523,1
3.72347666667,2022-01-24T16:43:24.516Z,ETHUSDT,2,2251.25,-0.0090296750523,1
3.7427075,2022-01-24T16:44:33.747Z,ETHUSDT,2,2249.51666667,-0.00979991423482,2
3.74273611111,2022-01-24T16:44:33.850Z,ETHUSDT,2,2250.05,-0.00956285436869,1
3.74280361111,2022-01-24T16:44:34.093Z,ETHUSDT,2,2250.7,-0.00927401361792,1
3.74286972222,2022-01-24T16:44:34.331Z,ETHUSDT,2,2252.2,-0.00860777627954,1
3.74678611111,2022-01-24T16:44:48.430Z,ETHUSDT,2,2251.55,-0.00889642463014,1
3.74684666667,2022-01-24T16:44:48.648Z,ETHUSDT,2,2252.3,-0.00856337623513,1
3.74686138889,2022-01-24T16:44:48.701Z,ETHUSDT,2,2253.37368421,-0.00808678413988,2
3.75534888889,2022-01-24T16:45:19.256Z,ETHUSDT,2,2257.55,-0.00623513810236,1
3.75535527778,2022-01-24T16:45:19.279Z,ETHUSDT,2,2257.55,-0.00623513810236,1
3.77590388889,2022-01-24T16:46:33.254Z,ETHUSDT,2,2251.6,-0.00887421795259,1
3.77593666667,2022-01-24T16:46:33.372Z,ETHUSDT,2,2251.6,-0.00887421795259,1
3.7759375,2022-01-24T16:46:33.375Z,ETHUSDT,2,2251.6,-0.00887421795259,1
3.77765,2022-01-24T16:46:39.540Z,ETHUSDT,2,2245.2,-0.0117206884744,1
3.77765472222,2022-01-24T16:46:39.557Z,ETHUSDT,2,2245.2,-0.0117206884744,1
3.7949775,2022-01-24T16:47:41.919Z,ETHUSDT,2,2239.17142857,-0.0144093930817,2
3.79510638889,2022-01-24T16:47:42.383Z,ETHUSDT,2,2238.4,-0.0147539676312,1
3.79627527778,2022-01-24T16:47:46.591Z,ETHUSDT,2,2239.9,-0.014084070547,1
3.79867222222,2022-01-24T16:47:55.220Z,ETHUSDT,2,2238.3,-0.0147986433969,1
3.79867361111,2022-01-24T16:47:55.225Z,ETHUSDT,2,2238.3,-0.0147986433969,1
3.7986775,2022-01-24T16:47:55.239Z,ETHUSDT,2,2238.3,-0.0147986433969,1
3.79875694444,2022-01-24T16:47:55.525Z,ETHUSDT,2,2237.7,-0.0150667399132,1
3.80393277778,2022-01-24T16:48:14.158Z,ETHUSDT,2,2235.35,-0.0161174772027,1
3.80393861111,2022-01-24T16:48:14.179Z,ETHUSDT,2,2235.05275591,-0.0162504603414,4
3.80394472222,2022-01-24T16:48:14.201Z,ETHUSDT,2,2234.45,-0.0165201797899,1
3.8106475,2022-01-24T16:48:38.331Z,ETHUSDT,2,2229.6,-0.0186930953747,1
3.81068111111,2022-01-24T16:48:38.452Z,ETHUSDT,2,2226.54683333,-0.0200634124934,4
3.81133222222,2022-01-24T16:48:40.796Z,ETHUSDT,2,2229.55,-0.0187155211734,1
3.82076888889,2022-01-24T16:49:14.768Z,ETHUSDT,2,2226.2,-0.0202191964833,1
3.82077,2022-01-24T16:49:14.772Z,ETHUSDT,2,2226.11875,-0.0202556943194,2
3.83884027778,2022-01-24T16:50:19.825Z,ETHUSDT,2,2227.95,-0.0194334123988,1
3.84319944444,2022-01-24T16:50:35.518Z,ETHUSDT,2,2229.55,-0.0187155211734,1
3.84322527778,2022-01-24T16:50:35.611Z,ETHUSDT,2,2229.55,-0.0187155211734,1
3.85333694444,2022-01-24T16:51:12.013Z,ETHUSDT,2,2232.25,-0.0175052471451,1
3.86283833333,2022-01-24T16:51:46.218Z,ETHUSDT,2,2227.1,-0.0198150018357,1
3.86287722222,2022-01-24T16:51:46.358Z,ETHUSDT,2,2227.1,-0.0198150018357,1
3.86478638889,2022-01-24T16:51:53.231Z,ETHUSDT,2,2223.95,-0.0212303984391,1
3.86798222222,2022-01-24T16:52:04.736Z,ETHUSDT,2,2222.15,-0.0220400968707,1
3.87123111111,2022-01-24T16:52:16.432Z,ETHUSDT,2,2228.122,-0.0193562143643,3
3.87342611111,2022-01-24T16:52:24.334Z,ETHUSDT,2,2228.2109375,-0.0193162992586,2
3.87710972222,2022-01-24T16:52:37.595Z,ETHUSDT,2,2230.975,-0.0180765829101,2
3.88297472222,2022-01-24T16:52:58.709Z,ETHUSDT,2,2234.15,-0.0166544500313,1
3.88297583333,2022-01-24T16:52:58.713Z,ETHUSDT,2,2234.15,-0.0166544500313,1
3.89140222222,2022-01-24T16:53:29.048Z,ETHUSDT,2,2242.05,-0.0131246666425,1
3.89143611111,2022-01-24T16:53:29.170Z,ETHUSDT,2,2244.2,-0.0121661823117,1
3.89145055556,2022-01-24T16:53:29.222Z,ETHUSDT,2,2244.21714286,-0.0121585436023,2
3.89803777778,2022-01-24T16:53:52.936Z,ETHUSDT,2,2241.55,-0.0133477017046,1
3.91758388889,2022-01-24T16:55:03.302Z,ETHUSDT,2,2246.35,-0.0112086157934,1
3.91781083333,2022-01-24T16:55:04.119Z,ETHUSDT,2,2249.25,-0.00991846524524,5
3.92004555556,2022-01-24T16:55:12.164Z,ETHUSDT,2,2249.275,-0.00990735049096,2
3.93816166667,2022-01-24T16:56:17.382Z,ETHUSDT,2,2257.15,-0.00641233703077,1
3.93816583333,2022-01-24T16:56:17.397Z,ETHUSDT,2,2257.15,-0.00641233703077,1
3.93915638889,2022-01-24T16:56:20.963Z,ETHUSDT,2,2259.08417722,-0.00555579272525,3
3.94259194444,2022-01-24T16:56:33.331Z,ETHUSDT,2,2259.225,-0.00549345844075,2
3.94267666667,2022-01-24T16:56:33.636Z,ETHUSDT,2,2259.5,-0.00537174269113,1
3.95572055556,2022-01-24T16:57:20.594Z,ETHUSDT,2,2255.85,-0.00698845049673,1
3.95573138889,2022-01-24T16:57:20.633Z,ETHUSDT,2,2255.75,-0.00703278066786,1
3.955735,2022-01-24T16:57:20.646Z,ETHUSDT,2,2255.75,-0.00703278066786,1
3.95616972222,2022-01-24T16:57:22.211Z,ETHUSDT,2,2254.15,-0.00774233079851,1
3.95617138889,2022-01-24T16:57:22.217Z,ETHUSDT,2,2254.15,-0.00774233079851,1
3.9561775,2022-01-24T16:57:22.239Z,ETHUSDT,2,2254.15,-0.00774233079851,1
3.9615525,2022-01-24T16:57:41.589Z,ETHUSDT,2,2251.6,-0.00887421795259,1
3.96156638889,2022-01-24T16:57:41.639Z,ETHUSDT,2,2251.57592593,-0.00888490999504,2
3.97964722222,2022-01-24T16:58:46.730Z,ETHUSDT,2,2250.85,-0.00920736990628,1
3.98463416667,2022-01-24T16:59:04.683Z,ETHUSDT,2,2253,-0.00825263111022,1
3.99849638889,2022-01-24T16:59:54.587Z,ETHUSDT,2,2260.2,-0.00506198761641,1
4.00073361111,2022-01-24T17:00:02.641Z,ETHUSDT,2,2256.70333333,-0.00661024628264,3
4.00418083333,2022-01-24T17:00:15.051Z,ETHUSDT,2,2255.85,-0.00698845049673,1
4.00419916667,2022-01-24T17:00:15.117Z,ETHUSDT,2,2255.85,-0.00698845049673,1
4.02297638889,2022-01-24T17:01:22.715Z,ETHUSDT,2,2256.25,-0.00681114946127,1
4.02299416667,2022-01-24T17:01:22.779Z,ETHUSDT,2,2256.25,-0.00681114946127,1
4.05634861111,2022-01-24T17:03:22.855Z,ETHUSDT,2,2249.95,-0.00960729881314,1
4.06736527778,2022-01-24T17:04:02.515Z,ETHUSDT,2,2248.45,-0.0102742026259,1
4.07316333333,2022-01-24T17:04:23.388Z,ETHUSDT,2,2245,-0.0118097713661,1
4.08756694444,2022-01-24T17:05:15.241Z,ETHUSDT,2,2246.03345324,-0.0113495417702,4
4.08756944444,2022-01-24T17:05:15.250Z,ETHUSDT,2,2245.4,-0.0116316135178,1
4.08769111111,2022-01-24T17:05:15.688Z,ETHUSDT,2,2244.95,-0.0118320433291,1
4.13964916667,2022-01-24T17:08:22.737Z,ETHUSDT,2,2242.45,-0.0129462744021,1
4.14440194444,2022-01-24T17:08:39.847Z,ETHUSDT,2,2239.3,-0.0143519755317,1
4.14441388889,2022-01-24T17:08:39.890Z,ETHUSDT,2,2239.3,-0.0143519755317,1
4.14760388889,2022-01-24T17:08:51.374Z,ETHUSDT,2,2236.7,-0.0155137272262,1
4.18759027778,2022-01-24T17:11:15.325Z,ETHUSDT,2,2230.7,-0.0181998549997,1
4.19686944444,2022-01-24T17:11:48.730Z,ETHUSDT,2,2230.7,-0.0181998549997,1
4.22025166667,2022-01-24T17:13:12.906Z,ETHUSDT,2,2226.3,-0.0201742778983,1
4.29126583333,2022-01-24T17:17:28.557Z,ETHUSDT,2,2222.7,-0.0217926194517,1
4.29135277778,2022-01-24T17:17:28.870Z,ETHUSDT,2,2222.7,-0.0217926194517,1
4.29188694444,2022-01-24T17:17:30.793Z,ETHUSDT,2,2220.8,-0.02264780123,1
4.29194083333,2022-01-24T17:17:30.987Z,ETHUSDT,2,2220.8,-0.02264780123,1
4.29313777778,2022-01-24T17:17:35.296Z,ETHUSDT,2,2218.75,-0.0235713183187,1
4.29562777778,2022-01-24T17:17:44.260Z,ETHUSDT,2,2221.5,-0.0223326491665,1
4.29563638889,2022-01-24T17:17:44.291Z,ETHUSDT,2,2221.8,-0.0221976143948,2
4.29611277778,2022-01-24T17:17:46.006Z,ETHUSDT,2,2223.1,-0.0216126743345,1
4.30034444444,2022-01-24T17:18:01.240Z,ETHUSDT,2,2218.78440367,-0.0235558125596,2
4.30035583333,2022-01-24T17:18:01.281Z,ETHUSDT,2,2218.75,-0.0235713183187,1
4.31279388889,2022-01-24T17:18:46.058Z,ETHUSDT,2,2222.40319149,-0.0219261634881,3
4.31280027778,2022-01-24T17:18:46.081Z,ETHUSDT,2,2221.55,-0.0223101421049,1
4.31627472222,2022-01-24T17:18:58.589Z,ETHUSDT,2,2218.75,-0.0235713183187,1
4.316355,2022-01-24T17:18:58.878Z,ETHUSDT,2,2218.75,-0.0235713183187,1
4.31644805556,2022-01-24T17:18:59.213Z,ETHUSDT,2,2218.75,-0.0235713183187,1
4.32081722222,2022-01-24T17:19:14.942Z,ETHUSDT,2,2218.75,-0.0235713183187,1
4.32083444444,2022-01-24T17:19:15.004Z,ETHUSDT,2,2218.75,-0.0235713183187,1
4.32109805556,2022-01-24T17:19:15.953Z,ETHUSDT,2,2218.75,-0.0235713183187,1
4.32111222222,2022-01-24T17:19:16.004Z,ETHUSDT,2,2218.75,-0.0235713183187,1
4.32113388889,2022-01-24T17:19:16.082Z,ETHUSDT,2,2218.75,-0.0235713183187,1
4.32114888889,2022-01-24T17:19:16.136Z,ETHUSDT,2,2218.75,-0.0235713183187,1
4.32117666667,2022-01-24T17:19:16.236Z,ETHUSDT,2,2218.75,-0.0235713183187,1
4.32122472222,2022-01-24T17:19:16.409Z,ETHUSDT,2,2218.75,-0.0235713183187,1
4.32124555556,2022-01-24T17:19:16.484Z,ETHUSDT,2,2218.75,-0.0235713183187,1
4.32263722222,2022-01-24T17:19:21.494Z,ETHUSDT,2,2218.75,-0.0235713183187,1
4.32263777778,2022-01-24T17:19:21.496Z,ETHUSDT,2,2218.75,-0.0235713183187,1
4.32264111111,2022-01-24T17:19:21.508Z,ETHUSDT,2,2218.75,-0.0235713183187,1
4.32264444444,2022-01-24T17:19:21.520Z,ETHUSDT,2,2218.75,-0.0235713183187,1
4.32264555556,2022-01-24T17:19:21.524Z,ETHUSDT,2,2218.75,-0.0235713183187,1
4.32267527778,2022-01-24T17:19:21.631Z,ETHUSDT,2,2218.75,-0.0235713183187,1
4.32269638889,2022-01-24T17:19:21.707Z,ETHUSDT,2,2218.75,-0.0235713183187,1
4.32271111111,2022-01-24T17:19:21.760Z,ETHUSDT,2,2218.75,-0.0235713183187,1
4.32276722222,2022-01-24T17:19:21.962Z,ETHUSDT,2,2218.75,-0.0235713183187,1
4.32292916667,2022-01-24T17:19:22.545Z,ETHUSDT,2,2218.75,-0.0235713183187,1
4.32327027778,2022-01-24T17:19:23.773Z,ETHUSDT,2,2218.75,-0.0235713183187,1
4.32328361111,2022-01-24T17:19:23.821Z,ETHUSDT,2,2218.75,-0.0235713183187,1
4.32328416667,2022-01-24T17:19:23.823Z,ETHUSDT,2,2218.75,-0.0235713183187,1
4.323285,2022-01-24T17:19:23.826Z,ETHUSDT,2,2218.75,-0.0235713183187,1
4.32329222222,2022-01-24T17:19:23.852Z,ETHUSDT,2,2218.75,-0.0235713183187,1
4.32329916667,2022-01-24T17:19:23.877Z,ETHUSDT,2,2218.75,-0.0235713183187,1
4.32330027778,2022-01-24T17:19:23.881Z,ETHUSDT,2,2218.75,-0.0235713183187,1
4.32330361111,2022-01-24T17:19:23.893Z,ETHUSDT,2,2218.75,-0.0235713183187,1
4.32330611111,2022-01-24T17:19:23.902Z,ETHUSDT,2,2218.75,-0.0235713183187,1
4.32331472222,2022-01-24T17:19:23.933Z,ETHUSDT,2,2218.75,-0.0235713183187,1
4.32334111111,2022-01-24T17:19:24.028Z,ETHUSDT,2,2218.75,-0.0235713183187,1
4.32336611111,2022-01-24T17:19:24.118Z,ETHUSDT,2,2218.75,-0.0235713183187,1
4.32337027778,2022-01-24T17:19:24.133Z,ETHUSDT,2,2218.75,-0.0235713183187,1
4.32344916667,2022-01-24T17:19:24.417Z,ETHUSDT,2,2218.75,-0.0235713183187,1
4.32350083333,2022-01-24T17:19:24.603Z,ETHUSDT,2,2218.75,-0.0235713183187,1
4.32359361111,2022-01-24T17:19:24.937Z,ETHUSDT,2,2218.75,-0.0235713183187,1
4.32360611111,2022-01-24T17:19:24.982Z,ETHUSDT,2,2218.75,-0.0235713183187,1
4.32360638889,2022-01-24T17:19:24.983Z,ETHUSDT,2,2218.75,-0.0235713183187,1
4.32360833333,2022-01-24T17:19:24.990Z,ETHUSDT,2,2218.75,-0.0235713183187,1
4.32361861111,2022-01-24T17:19:25.027Z,ETHUSDT,2,2218.75,-0.0235713183187,1
4.32362194444,2022-01-24T17:19:25.039Z,ETHUSDT,2,2218.75,-0.0235713183187,1
4.32362805556,2022-01-24T17:19:25.061Z,ETHUSDT,2,2218.75,-0.0235713183187,1
4.32362972222,2022-01-24T17:19:25.067Z,ETHUSDT,2,2218.75,-0.0235713183187,1
4.32364944444,2022-01-24T17:19:25.138Z,ETHUSDT,2,2218.75,-0.0235713183187,1
4.32366638889,2022-01-24T17:19:25.199Z,ETHUSDT,2,2218.75,-0.0235713183187,1
4.32371416667,2022-01-24T17:19:25.371Z,ETHUSDT,2,2218.75,-0.0235713183187,1
4.32371583333,2022-01-24T17:19:25.377Z,ETHUSDT,2,2218.75,-0.0235713183187,1
4.32371611111,2022-01-24T17:19:25.378Z,ETHUSDT,2,2218.75,-0.0235713183187,1
4.32371972222,2022-01-24T17:19:25.391Z,ETHUSDT,2,2218.75,-0.0235713183187,1
4.32372111111,2022-01-24T17:19:25.396Z,ETHUSDT,2,2218.75,-0.0235713183187,1
4.32372222222,2022-01-24T17:19:25.400Z,ETHUSDT,2,2218.75,-0.0235713183187,1
4.32372305556,2022-01-24T17:19:25.403Z,ETHUSDT,2,2218.75,-0.0235713183187,1
4.323725,2022-01-24T17:19:25.410Z,ETHUSDT,2,2218.75,-0.0235713183187,1
4.32372583333,2022-01-24T17:19:25.413Z,ETHUSDT,2,2218.75,-0.0235713183187,1
4.3237275,2022-01-24T17:19:25.419Z,ETHUSDT,2,2218.75,-0.0235713183187,1
4.32372833333,2022-01-24T17:19:25.422Z,ETHUSDT,2,2218.75,-0.0235713183187,1
4.32372861111,2022-01-24T17:19:25.423Z,ETHUSDT,2,2218.75,-0.0235713183187,1
4.32372888889,2022-01-24T17:19:25.424Z,ETHUSDT,2,2218.75,-0.0235713183187,1
4.32373,2022-01-24T17:19:25.428Z,ETHUSDT,2,2218.75,-0.0235713183187,1
4.32373083333,2022-01-24T17:19:25.431Z,ETHUSDT,2,2218.75,-0.0235713183187,1
4.32373166667,2022-01-24T17:19:25.434Z,ETHUSDT,2,2218.75,-0.0235713183187,1
4.32373222222,2022-01-24T17:19:25.436Z,ETHUSDT,2,2218.75,-0.0235713183187,1
4.3237325,2022-01-24T17:19:25.437Z,ETHUSDT,2,2218.75,-0.0235713183187,1
4.32373416667,2022-01-24T17:19:25.443Z,ETHUSDT,2,2218.75,-0.0235713183187,1
4.323735,2022-01-24T17:19:25.446Z,ETHUSDT,2,2218.75,-0.0235713183187,2
4.32373583333,2022-01-24T17:19:25.449Z,ETHUSDT,2,2218.75,-0.0235713183187,1
4.32373611111,2022-01-24T17:19:25.450Z,ETHUSDT,2,2218.75,-0.0235713183187,1
4.32373666667,2022-01-24T17:19:25.452Z,ETHUSDT,2,2218.75,-0.0235713183187,1
4.3237375,2022-01-24T17:19:25.455Z,ETHUSDT,2,2218.75,-0.0235713183187,1
4.32373833333,2022-01-24T17:19:25.458Z,ETHUSDT,2,2218.75,-0.0235713183187,1
4.32373888889,2022-01-24T17:19:25.460Z,ETHUSDT,2,2218.75,-0.0235713183187,1
4.32373916667,2022-01-24T17:19:25.461Z,ETHUSDT,2,2218.75,-0.0235713183187,1
4.32373972222,2022-01-24T17:19:25.463Z,ETHUSDT,2,2218.75,-0.0235713183187,2
4.32374111111,2022-01-24T17:19:25.468Z,ETHUSDT,2,2218.75,-0.0235713183187,1
4.32374194444,2022-01-24T17:19:25.471Z,ETHUSDT,2,2218.75,-0.0235713183187,1
4.32374361111,2022-01-24T17:19:25.477Z,ETHUSDT,2,2218.75,-0.0235713183187,2
4.32374388889,2022-01-24T17:19:25.478Z,ETHUSDT,2,2218.75,-0.0235713183187,1
4.323745,2022-01-24T17:19:25.482Z,ETHUSDT,2,2218.75,-0.0235713183187,1
4.32374527778,2022-01-24T17:19:25.483Z,ETHUSDT,2,2218.75,-0.0235713183187,1
4.32374583333,2022-01-24T17:19:25.485Z,ETHUSDT,2,2218.75,-0.0235713183187,2
4.32374694444,2022-01-24T17:19:25.489Z,ETHUSDT,2,2218.75,-0.0235713183187,1
4.32374777778,2022-01-24T17:19:25.492Z,ETHUSDT,2,2218.75,-0.0235713183187,1
4.32374833333,2022-01-24T17:19:25.494Z,ETHUSDT,2,2218.75,-0.0235713183187,1
4.32374861111,2022-01-24T17:19:25.495Z,ETHUSDT,2,2218.75,-0.0235713183187,1
4.32377638889,2022-01-24T17:19:25.595Z,ETHUSDT,2,2217.25,-0.0242476032859,1
4.32387555556,2022-01-24T17:19:25.952Z,ETHUSDT,2,2216.1,-0.0247663983397,1
4.32389277778,2022-01-24T17:19:26.014Z,ETHUSDT,2,2216.05636364,-0.0247860891448,2
4.35494666667,2022-01-24T17:21:17.808Z,ETHUSDT,2,2232.95,-0.0171917113547,1
4.35498472222,2022-01-24T17:21:17.945Z,ETHUSDT,2,2232.95,-0.0171917113547,1
4.354985,2022-01-24T17:21:17.946Z,ETHUSDT,2,2232.95,-0.0171917113547,1
4.35512333333,2022-01-24T17:21:18.444Z,ETHUSDT,2,2232.95,-0.0171917113547,1
4.35525111111,2022-01-24T17:21:18.904Z,ETHUSDT,2,2232.95,-0.0171917113547,1
4.35536166667,2022-01-24T17:21:19.302Z,ETHUSDT,2,2232.95,-0.0171917113547,1
4.35536194444,2022-01-24T17:21:19.303Z,ETHUSDT,2,2232.95,-0.0171917113547,1
4.35536277778,2022-01-24T17:21:19.306Z,ETHUSDT,2,2232.95,-0.0171917113547,1
4.35536666667,2022-01-24T17:21:19.320Z,ETHUSDT,2,2232.95,-0.0171917113547,1
4.3553675,2022-01-24T17:21:19.323Z,ETHUSDT,2,2232.95,-0.0171917113547,1
4.35536805556,2022-01-24T17:21:19.325Z,ETHUSDT,2,2232.95,-0.0171917113547,1
4.35536916667,2022-01-24T17:21:19.329Z,ETHUSDT,2,2232.95,-0.0171917113547,1
4.35537,2022-01-24T17:21:19.332Z,ETHUSDT,2,2232.95,-0.0171917113547,1
4.35537138889,2022-01-24T17:21:19.337Z,ETHUSDT,2,2232.95,-0.0171917113547,1
4.35537361111,2022-01-24T17:21:19.345Z,ETHUSDT,2,2232.95,-0.0171917113547,1
4.35537444444,2022-01-24T17:21:19.348Z,ETHUSDT,2,2232.95,-0.0171917113547,1
4.35537555556,2022-01-24T17:21:19.352Z,ETHUSDT,2,2232.95,-0.0171917113547,1
4.35559555556,2022-01-24T17:21:20.144Z,ETHUSDT,2,2232.45,-0.0174156554592,1
4.35559805556,2022-01-24T17:21:20.153Z,ETHUSDT,2,2232.45,-0.0174156554592,1
4.35559861111,2022-01-24T17:21:20.155Z,ETHUSDT,2,2232.45,-0.0174156554592,1
4.35559888889,2022-01-24T17:21:20.156Z,ETHUSDT,2,2232.45,-0.0174156554592,1
4.35560027778,2022-01-24T17:21:20.161Z,ETHUSDT,2,2232.45,-0.0174156554592,1
4.3556025,2022-01-24T17:21:20.169Z,ETHUSDT,2,2232.45,-0.0174156554592,1
4.35560388889,2022-01-24T17:21:20.174Z,ETHUSDT,2,2232.45,-0.0174156554592,1
4.35562361111,2022-01-24T17:21:20.245Z,ETHUSDT,2,2232.45,-0.0174156554592,1
4.35563194444,2022-01-24T17:21:20.275Z,ETHUSDT,2,2232.45,-0.0174156554592,1
4.35568416667,2022-01-24T17:21:20.463Z,ETHUSDT,2,2232.45,-0.0174156554592,1
4.35573055556,2022-01-24T17:21:20.630Z,ETHUSDT,2,2232.45,-0.0174156554592,1
4.35573194444,2022-01-24T17:21:20.635Z,ETHUSDT,2,2232.45,-0.0174156554592,1
4.35573527778,2022-01-24T17:21:20.647Z,ETHUSDT,2,2232.45,-0.0174156554592,1
4.35574,2022-01-24T17:21:20.664Z,ETHUSDT,2,2232.45,-0.0174156554592,1
4.35579972222,2022-01-24T17:21:20.879Z,ETHUSDT,2,2232.45,-0.0174156554592,1
4.35580083333,2022-01-24T17:21:20.883Z,ETHUSDT,2,2232.45,-0.0174156554592,1
4.35581611111,2022-01-24T17:21:20.938Z,ETHUSDT,2,2232.45,-0.0174156554592,1
4.35581694444,2022-01-24T17:21:20.941Z,ETHUSDT,2,2232.45,-0.0174156554592,1
4.35581777778,2022-01-24T17:21:20.944Z,ETHUSDT,2,2232.45,-0.0174156554592,1
4.35581833333,2022-01-24T17:21:20.946Z,ETHUSDT,2,2232.45,-0.0174156554592,1
4.35581888889,2022-01-24T17:21:20.948Z,ETHUSDT,2,2232.45,-0.0174156554592,1
4.35581916667,2022-01-24T17:21:20.949Z,ETHUSDT,2,2232.45,-0.0174156554592,1
4.35581972222,2022-01-24T17:21:20.951Z,ETHUSDT,2,2232.45,-0.0174156554592,1
4.35582055556,2022-01-24T17:21:20.954Z,ETHUSDT,2,2232.45,-0.0174156554592,1
4.35582527778,2022-01-24T17:21:20.971Z,ETHUSDT,2,2232.45,-0.0174156554592,1
4.35583055556,2022-01-24T17:21:20.990Z,ETHUSDT,2,2232.45,-0.0174156554592,1
4.35583166667,2022-01-24T17:21:20.994Z,ETHUSDT,2,2232.45,-0.0174156554592,1
4.35583222222,2022-01-24T17:21:20.996Z,ETHUSDT,2,2232.45,-0.0174156554592,1
4.35583305556,2022-01-24T17:21:20.999Z,ETHUSDT,2,2232.45,-0.0174156554592,1
4.35583388889,2022-01-24T17:21:21.002Z,ETHUSDT,2,2232.45,-0.0174156554592,1
4.35583444444,2022-01-24T17:21:21.004Z,ETHUSDT,2,2232.45,-0.0174156554592,1
4.355835,2022-01-24T17:21:21.006Z,ETHUSDT,2,2232.45,-0.0174156554592,1
4.35583583333,2022-01-24T17:21:21.009Z,ETHUSDT,2,2232.45,-0.0174156554592,1
4.35583638889,2022-01-24T17:21:21.011Z,ETHUSDT,2,2232.45,-0.0174156554592,1
4.35583694444,2022-01-24T17:21:21.013Z,ETHUSDT,2,2232.45,-0.0174156554592,1
4.35583777778,2022-01-24T17:21:21.016Z,ETHUSDT,2,2232.45,-0.0174156554592,1
4.35583833333,2022-01-24T17:21:21.018Z,ETHUSDT,2,2232.45,-0.0174156554592,1
4.35583888889,2022-01-24T17:21:21.020Z,ETHUSDT,2,2232.45,-0.0174156554592,1
4.35583916667,2022-01-24T17:21:21.021Z,ETHUSDT,2,2232.45,-0.0174156554592,1
4.35583944444,2022-01-24T17:21:21.022Z,ETHUSDT,2,2232.45,-0.0174156554592,1
4.35583972222,2022-01-24T17:21:21.023Z,ETHUSDT,2,2232.45,-0.0174156554592,1
4.35584055556,2022-01-24T17:21:21.026Z,ETHUSDT,2,2232.45,-0.0174156554592,1
4.35584166667,2022-01-24T17:21:21.030Z,ETHUSDT,2,2232.45,-0.0174156554592,1
4.35584194444,2022-01-24T17:21:21.031Z,ETHUSDT,2,2232.45,-0.0174156554592,1
4.3558425,2022-01-24T17:21:21.033Z,ETHUSDT,2,2232.45,-0.0174156554592,1
4.35584333333,2022-01-24T17:21:21.036Z,ETHUSDT,2,2232.45,-0.0174156554592,1
4.35584416667,2022-01-24T17:21:21.039Z,ETHUSDT,2,2232.45,-0.0174156554592,1
4.35584444444,2022-01-24T17:21:21.040Z,ETHUSDT,2,2232.45,-0.0174156554592,1
4.35584527778,2022-01-24T17:21:21.043Z,ETHUSDT,2,2232.45,-0.0174156554592,1
4.35584583333,2022-01-24T17:21:21.045Z,ETHUSDT,2,2232.45,-0.0174156554592,1
4.35584611111,2022-01-24T17:21:21.046Z,ETHUSDT,2,2232.45,-0.0174156554592,1
4.35584694444,2022-01-24T17:21:21.049Z,ETHUSDT,2,2232.45,-0.0174156554592,1
4.35584916667,2022-01-24T17:21:21.057Z,ETHUSDT,2,2232.45,-0.0174156554592,1
4.35585,2022-01-24T17:21:21.060Z,ETHUSDT,2,2232.45,-0.0174156554592,1
4.35585111111,2022-01-24T17:21:21.064Z,ETHUSDT,2,2232.45,-0.0174156554592,1
4.35585194444,2022-01-24T17:21:21.067Z,ETHUSDT,2,2232.45,-0.0174156554592,1
4.35585305556,2022-01-24T17:21:21.071Z,ETHUSDT,2,2232.45,-0.0174156554592,1
4.35585388889,2022-01-24T17:21:21.074Z,ETHUSDT,2,2232.45,-0.0174156554592,1
4.35585444444,2022-01-24T17:21:21.076Z,ETHUSDT,2,2232.45,-0.0174156554592,1
4.35585555556,2022-01-24T17:21:21.080Z,ETHUSDT,2,2232.45,-0.0174156554592,1
4.35585611111,2022-01-24T17:21:21.082Z,ETHUSDT,2,2232.45,-0.0174156554592,1
4.35585694444,2022-01-24T17:21:21.085Z,ETHUSDT,2,2232.45,-0.0174156554592,1
4.3558575,2022-01-24T17:21:21.087Z,ETHUSDT,2,2232.45,-0.0174156554592,1
4.35585833333,2022-01-24T17:21:21.090Z,ETHUSDT,2,2232.45,-0.0174156554592,1
4.35585888889,2022-01-24T17:21:21.092Z,ETHUSDT,2,2232.45,-0.0174156554592,1
4.35585972222,2022-01-24T17:21:21.095Z,ETHUSDT,2,2232.45,-0.0174156554592,1
4.35591138889,2022-01-24T17:21:21.281Z,ETHUSDT,2,2232.45,-0.0174156554592,1
4.35591166667,2022-01-24T17:21:21.282Z,ETHUSDT,2,2232.45,-0.0174156554592,1
4.35591305556,2022-01-24T17:21:21.287Z,ETHUSDT,2,2232.45,-0.0174156554592,1
4.35591805556,2022-01-24T17:21:21.305Z,ETHUSDT,2,2232.45,-0.0174156554592,1
4.35591833333,2022-01-24T17:21:21.306Z,ETHUSDT,2,2232.45,-0.0174156554592,1
4.35592,2022-01-24T17:21:21.312Z,ETHUSDT,2,2232.45,-0.0174156554592,1
4.36646055556,2022-01-24T17:21:59.258Z,ETHUSDT,2,2242.9,-0.0127456211637,1
4.3676,2022-01-24T17:22:03.360Z,ETHUSDT,2,2245.2,-0.0117206884744,2
4.36762722222,2022-01-24T17:22:03.458Z,ETHUSDT,2,2245.2,-0.0117206884744,1
4.36782222222,2022-01-24T17:22:04.160Z,ETHUSDT,2,2249,-0.0100296195831,1
4.36991666667,2022-01-24T17:22:11.700Z,ETHUSDT,2,2250.2,-0.00949619140549,1
4.36998333333,2022-01-24T17:22:11.940Z,ETHUSDT,2,2251.5,-0.00891863180084,1
4.37458111111,2022-01-24T17:22:28.492Z,ETHUSDT,2,2252.4,-0.008518978162,1
4.38854555556,2022-01-24T17:23:18.764Z,ETHUSDT,2,2245.05,-0.0117874998992,1
4.38855361111,2022-01-24T17:23:18.793Z,ETHUSDT,2,2245.05,-0.0117874998992,1
4.38855805556,2022-01-24T17:23:18.809Z,ETHUSDT,2,2244.95,-0.0118320433291,1
4.39686472222,2022-01-24T17:23:48.713Z,ETHUSDT,2,2249.55,-0.00978509634667,1
4.39693916667,2022-01-24T17:23:48.981Z,ETHUSDT,2,2251.05,-0.00911851853236,1
4.39694027778,2022-01-24T17:23:48.985Z,ETHUSDT,2,2251.05,-0.00911851853236,1
4.39695166667,2022-01-24T17:23:49.026Z,ETHUSDT,2,2251.05,-0.00911851853236,1
4.41750833333,2022-01-24T17:25:03.030Z,ETHUSDT,2,2245.8,-0.011453487404,1
4.41932222222,2022-01-24T17:25:09.560Z,ETHUSDT,2,2245.35,-0.0116538815131,1
4.41933055556,2022-01-24T17:25:09.590Z,ETHUSDT,2,2245.35,-0.0116538815131,1
4.42382722222,2022-01-24T17:25:25.778Z,ETHUSDT,2,2240.8,-0.0136823475966,1
4.42384833333,2022-01-24T17:25:25.854Z,ETHUSDT,2,2240.8,-0.0136823475966,1
4.4477575,2022-01-24T17:26:51.927Z,ETHUSDT,2,2241.7,-0.0132807859626,1
4.44775805556,2022-01-24T17:26:51.929Z,ETHUSDT,2,2241.7,-0.0132807859626,1
4.46063472222,2022-01-24T17:27:38.285Z,ETHUSDT,2,2248.8,-0.0101185519501,1
4.46063611111,2022-01-24T17:27:38.290Z,ETHUSDT,2,2248.8,-0.0101185519501,1
4.46658166667,2022-01-24T17:27:59.694Z,ETHUSDT,2,2253.25,-0.00814167410595,1
4.46658388889,2022-01-24T17:27:59.702Z,ETHUSDT,2,2253.25,-0.00814167410595,1
4.47012611111,2022-01-24T17:28:12.454Z,ETHUSDT,2,2251.74074074,-0.00881171291516,2
4.479185,2022-01-24T17:28:45.066Z,ETHUSDT,2,2261.7,-0.0043985496567,1
4.51553805556,2022-01-24T17:30:55.937Z,ETHUSDT,2,2257.6,-0.00621299044392,1
4.51554833333,2022-01-24T17:30:55.974Z,ETHUSDT,2,2257.6,-0.00621299044392,1
4.51665638889,2022-01-24T17:30:59.963Z,ETHUSDT,2,2256.05,-0.00689979604955,1
4.52914444444,2022-01-24T17:31:44.920Z,ETHUSDT,2,2253,-0.00825263111022,1
4.52918166667,2022-01-24T17:31:45.054Z,ETHUSDT,2,2253,-0.00825263111022,1
4.52926972222,2022-01-24T17:31:45.371Z,ETHUSDT,2,2253,-0.00825263111022,1
4.52927361111,2022-01-24T17:31:45.385Z,ETHUSDT,2,2253,-0.00825263111022,1
4.52927472222,2022-01-24T17:31:45.389Z,ETHUSDT,2,2253,-0.00825263111022,1
4.52927638889,2022-01-24T17:31:45.395Z,ETHUSDT,2,2253,-0.00825263111022,1
4.52927916667,2022-01-24T17:31:45.405Z,ETHUSDT,2,2253,-0.00825263111022,1
4.52931777778,2022-01-24T17:31:45.544Z,ETHUSDT,2,2253,-0.00825263111022,1
4.52931972222,2022-01-24T17:31:45.551Z,ETHUSDT,2,2253,-0.00825263111022,1
4.52933972222,2022-01-24T17:31:45.623Z,ETHUSDT,2,2253,-0.00825263111022,1
4.52934194444,2022-01-24T17:31:45.631Z,ETHUSDT,2,2253,-0.00825263111022,1
4.52934333333,2022-01-24T17:31:45.636Z,ETHUSDT,2,2253,-0.00825263111022,1
4.52939166667,2022-01-24T17:31:45.810Z,ETHUSDT,2,2253,-0.00825263111022,1
4.52940666667,2022-01-24T17:31:45.864Z,ETHUSDT,2,2253,-0.00825263111022,1
4.52941888889,2022-01-24T17:31:45.908Z,ETHUSDT,2,2253,-0.00825263111022,1
4.52942194444,2022-01-24T17:31:45.919Z,ETHUSDT,2,2253,-0.00825263111022,1
4.52943805556,2022-01-24T17:31:45.977Z,ETHUSDT,2,2253,-0.00825263111022,1
4.52943861111,2022-01-24T17:31:45.979Z,ETHUSDT,2,2253,-0.00825263111022,1
4.52943944444,2022-01-24T17:31:45.982Z,ETHUSDT,2,2253,-0.00825263111022,1
4.52944027778,2022-01-24T17:31:45.985Z,ETHUSDT,2,2253,-0.00825263111022,1
4.52944277778,2022-01-24T17:31:45.994Z,ETHUSDT,2,2253,-0.00825263111022,1
4.52946027778,2022-01-24T17:31:46.057Z,ETHUSDT,2,2253,-0.00825263111022,1
4.52952666667,2022-01-24T17:31:46.296Z,ETHUSDT,2,2253,-0.00825263111022,1
4.52953,2022-01-24T17:31:46.308Z,ETHUSDT,2,2253,-0.00825263111022,1
4.52953083333,2022-01-24T17:31:46.311Z,ETHUSDT,2,2253,-0.00825263111022,1
4.52953444444,2022-01-24T17:31:46.324Z,ETHUSDT,2,2253,-0.00825263111022,1
4.52956833333,2022-01-24T17:31:46.446Z,ETHUSDT,2,2253,-0.00825263111022,1
4.52957027778,2022-01-24T17:31:46.453Z,ETHUSDT,2,2253,-0.00825263111022,1
4.53186416667,2022-01-24T17:31:54.711Z,ETHUSDT,2,2257.7,-0.00616869659854,1
4.53227277778,2022-01-24T17:31:56.182Z,ETHUSDT,2,2257.7,-0.00616869659854,1
4.53613138889,2022-01-24T17:32:10.073Z,ETHUSDT,2,2261.45,-0.00450909208852,1
4.54983083333,2022-01-24T17:32:59.391Z,ETHUSDT,2,2258.85,-0.00565945834153,1
4.54986583333,2022-01-24T17:32:59.517Z,ETHUSDT,2,2258.85,-0.00565945834153,1
4.54990305556,2022-01-24T17:32:59.651Z,ETHUSDT,2,2258.85,-0.00565945834153,1
4.54993166667,2022-01-24T17:32:59.754Z,ETHUSDT,2,2258.85,-0.00565945834153,2
4.54993888889,2022-01-24T17:32:59.780Z,ETHUSDT,2,2258.85,-0.00565945834153,1
4.55172527778,2022-01-24T17:33:06.211Z,ETHUSDT,2,2260.45,-0.00495138405266,1
4.551765,2022-01-24T17:33:06.354Z,ETHUSDT,2,2261.45,-0.00450909208852,1
4.56565277778,2022-01-24T17:33:56.350Z,ETHUSDT,2,2262.55,-0.00402279676506,1
4.56565388889,2022-01-24T17:33:56.354Z,ETHUSDT,2,2262.55,-0.00402279676506,1
4.56629694444,2022-01-24T17:33:58.669Z,ETHUSDT,2,2262.65,-0.00397859982348,1
4.56631055556,2022-01-24T17:33:58.718Z,ETHUSDT,2,2262.65,-0.00397859982348,1
4.56751083333,2022-01-24T17:34:03.039Z,ETHUSDT,2,2262.65,-0.00397859982348,1
4.573405,2022-01-24T17:34:24.258Z,ETHUSDT,2,2268.65,-0.00133035163572,1
4.57346444444,2022-01-24T17:34:24.472Z,ETHUSDT,2,2269.2,-0.00108794609005,1
4.5753,2022-01-24T17:34:31.080Z,ETHUSDT,2,2277.85,0.00271672306222,1
4.57530083333,2022-01-24T17:34:31.083Z,ETHUSDT,2,2279.45,0.00341889323567,1
4.57531527778,2022-01-24T17:34:31.135Z,ETHUSDT,2,2280.91434783,0.00406109976337,5
4.58922138889,2022-01-24T17:35:21.197Z,ETHUSDT,2,2273.45,0.000783208958219,1
4.58924,2022-01-24T17:35:21.264Z,ETHUSDT,2,2273.45,0.000783208958219,1
4.60005027778,2022-01-24T17:36:00.181Z,ETHUSDT,2,2267,-0.00205792103494,1
4.6027625,2022-01-24T17:36:09.945Z,ETHUSDT,2,2273.6,0.000849185800371,1
4.64064361111,2022-01-24T17:38:26.317Z,ETHUSDT,2,2272.3,0.000277241835287,1
4.64312527778,2022-01-24T17:38:35.251Z,ETHUSDT,2,2273.85,0.000959137531672,1
4.64312611111,2022-01-24T17:38:35.254Z,ETHUSDT,2,2273.85,0.000959137531672,1
4.65880472222,2022-01-24T17:39:31.697Z,ETHUSDT,2,2279.85,0.00359435876811,1
4.65992055556,2022-01-24T17:39:35.714Z,ETHUSDT,2,2282.6,0.00479985157703,1
4.66090611111,2022-01-24T17:39:39.262Z,ETHUSDT,2,2285.6,0.0061132793741,1
4.66091166667,2022-01-24T17:39:39.282Z,ETHUSDT,2,2285.55,0.00609140304101,1
4.66092694444,2022-01-24T17:39:39.337Z,ETHUSDT,2,2285.8,0.00620077992103,2
4.66292638889,2022-01-24T17:39:46.535Z,ETHUSDT,2,2286.05,0.00631014483906,1
4.66595944444,2022-01-24T17:39:57.454Z,ETHUSDT,2,2286.17016129,0.00636270630203,2
4.68345944444,2022-01-24T17:41:00.454Z,ETHUSDT,2,2290.5,0.00825484178433,1
4.6834775,2022-01-24T17:41:00.519Z,ETHUSDT,2,2290.55,0.00827667084099,1
4.68623694444,2022-01-24T17:41:10.453Z,ETHUSDT,2,2292.4,0.00908401113512,1
4.68624166667,2022-01-24T17:41:10.470Z,ETHUSDT,2,2292.4,0.00908401113512,1
4.69428111111,2022-01-24T17:41:39.412Z,ETHUSDT,2,2304.25,0.0142399513313,1
4.69431277778,2022-01-24T17:41:39.526Z,ETHUSDT,2,2303.2,0.0137841677555,1
4.69431416667,2022-01-24T17:41:39.531Z,ETHUSDT,2,2303.2,0.0137841677555,1
4.694315,2022-01-24T17:41:39.534Z,ETHUSDT,2,2303.2,0.0137841677555,1
4.69591194444,2022-01-24T17:41:45.283Z,ETHUSDT,2,2304.6,0.0143918330374,1
4.696395,2022-01-24T17:41:47.022Z,ETHUSDT,2,2305.75,0.0148907105734,1
4.70060194444,2022-01-24T17:42:02.167Z,ETHUSDT,2,2302.35,0.0134150478851,1
4.70604083333,2022-01-24T17:42:21.747Z,ETHUSDT,2,2306.65,0.0152809629415,1
4.70607694444,2022-01-24T17:42:21.877Z,ETHUSDT,2,2306.65,0.0152809629415,1
4.70609916667,2022-01-24T17:42:21.957Z,ETHUSDT,2,2306.69423077,0.0153001380852,2
4.70769583333,2022-01-24T17:42:27.705Z,ETHUSDT,2,2306.95,0.0154110132278,1
4.72022527778,2022-01-24T17:43:12.811Z,ETHUSDT,2,2315.7,0.0191967250815,1
4.72023277778,2022-01-24T17:43:12.838Z,ETHUSDT,2,2315.7,0.0191967250815,1
4.72283222222,2022-01-24T17:43:22.196Z,ETHUSDT,2,2308,0.0158660560855,1
4.72283944444,2022-01-24T17:43:22.222Z,ETHUSDT,2,2308,0.0158660560855,1
4.72284027778,2022-01-24T17:43:22.225Z,ETHUSDT,2,2308,0.0158660560855,2
4.72308,2022-01-24T17:43:23.088Z,ETHUSDT,2,2305.65,0.0148473397966,1
4.72349305556,2022-01-24T17:43:24.575Z,ETHUSDT,2,2308.04078947,0.0158837290115,2
4.72349388889,2022-01-24T17:43:24.578Z,ETHUSDT,2,2308,0.0158660560855,1
4.72351222222,2022-01-24T17:43:24.644Z,ETHUSDT,2,2306.25,0.0151075362464,1
4.72353083333,2022-01-24T17:43:24.711Z,ETHUSDT,2,2305.55,0.0148039671387,1
4.72824416667,2022-01-24T17:43:41.679Z,ETHUSDT,2,2308,0.0158660560855,1
4.73103972222,2022-01-24T17:43:51.743Z,ETHUSDT,2,2306.75,0.0153243149162,1
4.73104027778,2022-01-24T17:43:51.745Z,ETHUSDT,2,2306.75,0.0153243149162,1
4.73856277778,2022-01-24T17:44:18.826Z,ETHUSDT,2,2305.5,0.0147822801043,1
4.73902194444,2022-01-24T17:44:20.479Z,ETHUSDT,2,2310.85,0.0171001296587,1
4.74879194444,2022-01-24T17:44:55.651Z,ETHUSDT,2,2309.95,0.0167105867175,1
4.75354305556,2022-01-24T17:45:12.755Z,ETHUSDT,2,2309.09791667,0.0163416434381,2
4.76097194444,2022-01-24T17:45:39.499Z,ETHUSDT,2,2311.05,0.0171866741534,1
4.76710833333,2022-01-24T17:46:01.590Z,ETHUSDT,2,2316.45,0.0195205487947,1
4.77128333333,2022-01-24T17:46:16.620Z,ETHUSDT,2,2322.55,0.0221504274391,1
4.77443111111,2022-01-24T17:46:27.952Z,ETHUSDT,2,2321.1,0.0215259186811,1
4.79752,2022-01-24T17:47:51.072Z,ETHUSDT,2,2329.8,0.0252671344232,1
4.79752416667,2022-01-24T17:47:51.087Z,ETHUSDT,2,2330.95921053,0.0257645686385,3
4.79754583333,2022-01-24T17:47:51.165Z,ETHUSDT,2,2331.15,0.0258464154873,1
4.79949555556,2022-01-24T17:47:58.184Z,ETHUSDT,2,2335.7589404,0.0278215737578,2
4.79949638889,2022-01-24T17:47:58.187Z,ETHUSDT,2,2336.15753968,0.0279922100643,5
4.79994888889,2022-01-24T17:47:59.816Z,ETHUSDT,2,2334.65,0.0273466943918,1
4.80908861111,2022-01-24T17:48:32.719Z,ETHUSDT,2,2336.1,0.0279675797086,1
4.80909111111,2022-01-24T17:48:32.728Z,ETHUSDT,2,2336.1,0.0279675797086,1
4.80909722222,2022-01-24T17:48:32.750Z,ETHUSDT,2,2336.1,0.0279675797086,1
4.80910833333,2022-01-24T17:48:32.790Z,ETHUSDT,2,2336.1,0.0279675797086,2
4.80925194444,2022-01-24T17:48:33.307Z,ETHUSDT,2,2337.45,0.0285452990173,1
4.80925555556,2022-01-24T17:48:33.320Z,ETHUSDT,2,2337.85,0.0287164110319,1
4.80936444444,2022-01-24T17:48:33.712Z,ETHUSDT,2,2338.1,0.0288233411745,1
4.81296222222,2022-01-24T17:48:46.664Z,ETHUSDT,2,2341.85,0.0304259227417,1
4.81415361111,2022-01-24T17:48:50.953Z,ETHUSDT,2,2344.5,0.0315568669872,1
4.81415444444,2022-01-24T17:48:50.956Z,ETHUSDT,2,2344.5,0.0315568669872,1
4.81675472222,2022-01-24T17:49:00.317Z,ETHUSDT,2,2345.2,0.0318553935476,1
4.81675777778,2022-01-24T17:49:00.328Z,ETHUSDT,2,2345.2,0.0318553935476,1
4.81681083333,2022-01-24T17:49:00.519Z,ETHUSDT,2,2346.27971014,0.0323156790996,5
4.82335222222,2022-01-24T17:49:24.068Z,ETHUSDT,2,2340.55,0.0298706519261,1
4.83187166667,2022-01-24T17:49:54.738Z,ETHUSDT,2,2336.45,0.0281173908398,1
4.83542527778,2022-01-24T17:50:07.531Z,ETHUSDT,2,2333.6,0.026896847011,1
4.83542694444,2022-01-24T17:50:07.537Z,ETHUSDT,2,2333.56666667,0.0268825628272,2
4.85416416667,2022-01-24T17:51:14.991Z,ETHUSDT,2,2334.1,0.0271110852877,1
4.85637333333,2022-01-24T17:51:22.944Z,ETHUSDT,2,2337.3,0.0284811244625,1
4.86405,2022-01-24T17:51:50.580Z,ETHUSDT,2,2335.45,0.0276892994786,1
4.86407111111,2022-01-24T17:51:50.656Z,ETHUSDT,2,2334.5,0.0272824428685,2
4.86587944444,2022-01-24T17:51:57.166Z,ETHUSDT,2,2338.45,0.0289730241676,1
4.87487027778,2022-01-24T17:52:29.533Z,ETHUSDT,2,2337.45,0.0285452990173,1
4.87487888889,2022-01-24T17:52:29.564Z,ETHUSDT,2,2338.2,0.0288661100303,2
4.87822472222,2022-01-24T17:52:41.609Z,ETHUSDT,2,2340.9,0.0300201782484,1
4.87826055556,2022-01-24T17:52:41.738Z,ETHUSDT,2,2340.9,0.0300201782484,1
4.87828555556,2022-01-24T17:52:41.828Z,ETHUSDT,2,2340.9,0.0300201782484,1
4.88170833333,2022-01-24T17:52:54.150Z,ETHUSDT,2,2347.03,0.0326354065021,2
4.88179416667,2022-01-24T17:52:54.459Z,ETHUSDT,2,2349.57045455,0.0337172335887,2
4.88186611111,2022-01-24T17:52:54.718Z,ETHUSDT,2,2350,0.0339000355957,1
4.88188805556,2022-01-24T17:52:54.797Z,ETHUSDT,2,2350,0.0339000355957,1
4.88189111111,2022-01-24T17:52:54.808Z,ETHUSDT,2,2350,0.0339000355957,1
4.88189333333,2022-01-24T17:52:54.816Z,ETHUSDT,2,2350,0.0339000355957,1
4.88190722222,2022-01-24T17:52:54.866Z,ETHUSDT,2,2350,0.0339000355957,1
4.88190833333,2022-01-24T17:52:54.870Z,ETHUSDT,2,2350,0.0339000355957,1
4.88191333333,2022-01-24T17:52:54.888Z,ETHUSDT,2,2350,0.0339000355957,1
4.88192138889,2022-01-24T17:52:54.917Z,ETHUSDT,2,2350,0.0339000355957,1
4.88192194444,2022-01-24T17:52:54.919Z,ETHUSDT,2,2350,0.0339000355957,1
4.88192277778,2022-01-24T17:52:54.922Z,ETHUSDT,2,2350,0.0339000355957,1
4.88192333333,2022-01-24T17:52:54.924Z,ETHUSDT,2,2350,0.0339000355957,1
4.88192777778,2022-01-24T17:52:54.940Z,ETHUSDT,2,2350,0.0339000355957,1
4.88192861111,2022-01-24T17:52:54.943Z,ETHUSDT,2,2350,0.0339000355957,1
4.88192916667,2022-01-24T17:52:54.945Z,ETHUSDT,2,2350,0.0339000355957,1
4.88193,2022-01-24T17:52:54.948Z,ETHUSDT,2,2350,0.0339000355957,1
4.88193194444,2022-01-24T17:52:54.955Z,ETHUSDT,2,2350,0.0339000355957,1
4.88193472222,2022-01-24T17:52:54.965Z,ETHUSDT,2,2350,0.0339000355957,1
4.88193583333,2022-01-24T17:52:54.969Z,ETHUSDT,2,2350,0.0339000355957,1
4.88193638889,2022-01-24T17:52:54.971Z,ETHUSDT,2,2350,0.0339000355957,1
4.88193722222,2022-01-24T17:52:54.974Z,ETHUSDT,2,2350,0.0339000355957,1
4.88193777778,2022-01-24T17:52:54.976Z,ETHUSDT,2,2350,0.0339000355957,1
4.88193861111,2022-01-24T17:52:54.979Z,ETHUSDT,2,2350,0.0339000355957,1
4.88291444444,2022-01-24T17:52:58.492Z,ETHUSDT,2,2353.75,0.0354945084289,1
4.88753333333,2022-01-24T17:53:15.120Z,ETHUSDT,2,2347.60724138,0.0328813217252,2
4.88975694444,2022-01-24T17:53:23.125Z,ETHUSDT,2,2348.45,0.0332402435127,1
4.88997861111,2022-01-24T17:53:23.923Z,ETHUSDT,2,2348.45,0.0332402435127,1
4.89369083333,2022-01-24T17:53:37.287Z,ETHUSDT,2,2353.09555556,0.0352164264562,4
4.89371472222,2022-01-24T17:53:37.373Z,ETHUSDT,2,2354.06928571,0.0356301490282,4
4.89372166667,2022-01-24T17:53:37.398Z,ETHUSDT,2,2355.2,0.0361103569921,3
4.89528333333,2022-01-24T17:53:43.020Z,ETHUSDT,2,2352.7,0.0350483122439,2
4.89567138889,2022-01-24T17:53:44.417Z,ETHUSDT,2,2352.7,0.0350483122439,1
4.89651805556,2022-01-24T17:53:47.465Z,ETHUSDT,2,2354.3,0.0357281508084,1
4.899025,2022-01-24T17:53:56.490Z,ETHUSDT,2,2345.1,0.0318127523519,1
4.91224583333,2022-01-24T17:54:44.085Z,ETHUSDT,2,2355.35,0.0361740438227,1
4.91224861111,2022-01-24T17:54:44.095Z,ETHUSDT,2,2355.35,0.0361740438227,1
4.91225611111,2022-01-24T17:54:44.122Z,ETHUSDT,2,2355.35,0.0361740438227,1
4.92129916667,2022-01-24T17:55:16.677Z,ETHUSDT,2,2347.98823529,0.0330435988709,2
4.92177833333,2022-01-24T17:55:18.402Z,ETHUSDT,2,2346.52195122,0.0324189185255,3
4.92475166667,2022-01-24T17:55:29.106Z,ETHUSDT,2,2347.35,0.0327717397348,1
4.93934722222,2022-01-24T17:56:21.650Z,ETHUSDT,2,2356.45,0.0366409566883,1
4.93937666667,2022-01-24T17:56:21.756Z,ETHUSDT,2,2356.45,0.0366409566883,1
4.93937722222,2022-01-24T17:56:21.758Z,ETHUSDT,2,2356.45,0.0366409566883,1
4.94386527778,2022-01-24T17:56:37.915Z,ETHUSDT,2,2363.53333333,0.0396423819691,2
4.94417666667,2022-01-24T17:56:39.036Z,ETHUSDT,2,2364.6,0.0400935818865,1
4.94439305556,2022-01-24T17:56:39.815Z,ETHUSDT,2,2364.65,0.0401147268884,1
4.94446361111,2022-01-24T17:56:40.069Z,ETHUSDT,2,2365.75,0.0405798038459,1
4.94600166667,2022-01-24T17:56:45.606Z,ETHUSDT,2,2363.5,0.0396282786908,1
4.94715777778,2022-01-24T17:56:49.768Z,ETHUSDT,2,2361.7,0.0388664061406,2
4.94823555556,2022-01-24T17:56:53.648Z,ETHUSDT,2,2365,0.0402627293836,1
4.94993777778,2022-01-24T17:56:59.776Z,ETHUSDT,2,2361.35,0.0387181968265,1
4.95064333333,2022-01-24T17:57:02.316Z,ETHUSDT,2,2360.55,0.0383793501725,1
4.9512075,2022-01-24T17:57:04.347Z,ETHUSDT,2,2361.325,0.0387076096063,2
4.95875055556,2022-01-24T17:57:31.502Z,ETHUSDT,2,2360.7,0.0384428926666,1
4.96093055556,2022-01-24T17:57:39.350Z,ETHUSDT,2,2358.95,0.0377013122188,1
4.96093222222,2022-01-24T17:57:39.356Z,ETHUSDT,2,2358.95,0.0377013122188,1
4.9609325,2022-01-24T17:57:39.357Z,ETHUSDT,2,2358.5,0.0375105311819,1
4.9654425,2022-01-24T17:57:55.593Z,ETHUSDT,2,2350.5,0.0341127789217,1
4.96544555556,2022-01-24T17:57:55.604Z,ETHUSDT,2,2350.15,0.0339638633459,1
4.96545527778,2022-01-24T17:57:55.639Z,ETHUSDT,2,2349.65,0.0337510883334,1
4.98705361111,2022-01-24T17:59:13.393Z,ETHUSDT,2,2347.32244898,0.032760002592,2
4.98705611111,2022-01-24T17:59:13.402Z,ETHUSDT,2,2347.2,0.0327078358463,1
4.98760555556,2022-01-24T17:59:15.380Z,ETHUSDT,2,2347.2,0.0327078358463,1
4.98939055556,2022-01-24T17:59:21.806Z,ETHUSDT,2,2345.73133333,0.0320819299421,3
4.99112277778,2022-01-24T17:59:28.042Z,ETHUSDT,2,2348.25,0.0331550773322,1
4.99789277778,2022-01-24T17:59:52.414Z,ETHUSDT,2,2349.7,0.0337723678721,1
4.99789361111,2022-01-24T17:59:52.417Z,ETHUSDT,2,2349.7,0.0337723678721,1
4.99924805556,2022-01-24T17:59:57.293Z,ETHUSDT,2,2349.75,0.0337936469579,1
5.01493722222,2022-01-24T18:00:53.774Z,ETHUSDT,2,2351.85,0.0346869599321,1
5.01495388889,2022-01-24T18:00:53.834Z,ETHUSDT,2,2351.85,0.0346869599321,1
5.01879444444,2022-01-24T18:01:07.660Z,ETHUSDT,2,2348.15,0.0331124915217,1
5.02095777778,2022-01-24T18:01:15.448Z,ETHUSDT,2,2346.15,0.0322603942459,1
5.02095944444,2022-01-24T18:01:15.454Z,ETHUSDT,2,2346.15,0.0322603942459,1
5.02099972222,2022-01-24T18:01:15.599Z,ETHUSDT,2,2346.15,0.0322603942459,1
5.02102083333,2022-01-24T18:01:15.675Z,ETHUSDT,2,2346.15,0.0322603942459,1
5.0210225,2022-01-24T18:01:15.681Z,ETHUSDT,2,2346.15,0.0322603942459,1
5.02103083333,2022-01-24T18:01:15.711Z,ETHUSDT,2,2346.15,0.0322603942459,1
5.02105083333,2022-01-24T18:01:15.783Z,ETHUSDT,2,2346.15,0.0322603942459,1
5.02105138889,2022-01-24T18:01:15.785Z,ETHUSDT,2,2346.15,0.0322603942459,1
5.02105222222,2022-01-24T18:01:15.788Z,ETHUSDT,2,2346.15,0.0322603942459,1
5.02105277778,2022-01-24T18:01:15.790Z,ETHUSDT,2,2346.15,0.0322603942459,1
5.02105361111,2022-01-24T18:01:15.793Z,ETHUSDT,2,2346.15,0.0322603942459,1
5.02105416667,2022-01-24T18:01:15.795Z,ETHUSDT,2,2346.15,0.0322603942459,1
5.02105555556,2022-01-24T18:01:15.800Z,ETHUSDT,2,2346.15,0.0322603942459,1
5.02105611111,2022-01-24T18:01:15.802Z,ETHUSDT,2,2346.15,0.0322603942459,1
5.02105666667,2022-01-24T18:01:15.804Z,ETHUSDT,2,2346.15,0.0322603942459,1
5.02105777778,2022-01-24T18:01:15.808Z,ETHUSDT,2,2346.15,0.0322603942459,1
5.02105888889,2022-01-24T18:01:15.812Z,ETHUSDT,2,2346.15,0.0322603942459,1
5.02105972222,2022-01-24T18:01:15.815Z,ETHUSDT,2,2346.15,0.0322603942459,1
5.0210925,2022-01-24T18:01:15.933Z,ETHUSDT,2,2346.15,0.0322603942459,1
5.02121305556,2022-01-24T18:01:16.367Z,ETHUSDT,2,2346.05,0.0322177703168,1
5.02121416667,2022-01-24T18:01:16.371Z,ETHUSDT,2,2346.05,0.0322177703168,1
5.02125055556,2022-01-24T18:01:16.502Z,ETHUSDT,2,2346.05,0.0322177703168,1
5.02125138889,2022-01-24T18:01:16.505Z,ETHUSDT,2,2346.05,0.0322177703168,1
5.02125194444,2022-01-24T18:01:16.507Z,ETHUSDT,2,2346.05,0.0322177703168,1
5.02125277778,2022-01-24T18:01:16.510Z,ETHUSDT,2,2346.05,0.0322177703168,1
5.02125333333,2022-01-24T18:01:16.512Z,ETHUSDT,2,2346.05,0.0322177703168,1
5.02125416667,2022-01-24T18:01:16.515Z,ETHUSDT,2,2346.05,0.0322177703168,1
5.02125444444,2022-01-24T18:01:16.516Z,ETHUSDT,2,2346.05,0.0322177703168,1
5.02125472222,2022-01-24T18:01:16.517Z,ETHUSDT,2,2346.05,0.0322177703168,1
5.02534166667,2022-01-24T18:01:31.230Z,ETHUSDT,2,2340.3,0.0297638337199,1
5.04997888889,2022-01-24T18:02:59.924Z,ETHUSDT,2,2338.8,0.0291226847591,1
5.06477138889,2022-01-24T18:03:53.177Z,ETHUSDT,2,2334.7,0.0273681106489,1
5.06477222222,2022-01-24T18:03:53.180Z,ETHUSDT,2,2335.05952381,0.0275220902311,3
5.1097775,2022-01-24T18:06:35.199Z,ETHUSDT,2,2348.05,0.0330699038977,1
5.10977861111,2022-01-24T18:06:35.203Z,ETHUSDT,2,2348.05,0.0330699038977,1
5.10978027778,2022-01-24T18:06:35.209Z,ETHUSDT,2,2348.05,0.0330699038977,1
5.11503805556,2022-01-24T18:06:54.137Z,ETHUSDT,2,2349.55,0.0337085278976,1
5.12039472222,2022-01-24T18:07:13.421Z,ETHUSDT,2,2354.3,0.0357281508084,1
5.14074888889,2022-01-24T18:08:26.696Z,ETHUSDT,2,2364.95,0.040241587511,1
5.14401861111,2022-01-24T18:08:38.467Z,ETHUSDT,2,2364.6,0.0400935818865,1
5.14417166667,2022-01-24T18:08:39.018Z,ETHUSDT,2,2366.25,0.0407911309811,1
5.144225,2022-01-24T18:08:39.210Z,ETHUSDT,2,2367.7,0.0414037272465,1
5.14429888889,2022-01-24T18:08:39.476Z,ETHUSDT,2,2368.15,0.0415937670498,1
5.145715,2022-01-24T18:08:44.574Z,ETHUSDT,2,2373.5,0.0438503664489,1
5.15102333333,2022-01-24T18:09:03.684Z,ETHUSDT,2,2371.55,0.0430284572552,2
5.15231861111,2022-01-24T18:09:08.347Z,ETHUSDT,2,2369.97236842,0.0423630036247,2
5.15617611111,2022-01-24T18:09:22.234Z,ETHUSDT,2,2369.8,0.0422902708402,1
5.15700055556,2022-01-24T18:09:25.202Z,ETHUSDT,2,2369.65,0.0422269723562,1
5.15765583333,2022-01-24T18:09:27.561Z,ETHUSDT,2,2369.8,0.0422902708402,1
5.17552805556,2022-01-24T18:10:31.901Z,ETHUSDT,2,2376.45,0.0450924849467,1
5.17552888889,2022-01-24T18:10:31.904Z,ETHUSDT,2,2376.3,0.0450293635959,2
5.18414416667,2022-01-24T18:11:02.919Z,ETHUSDT,2,2375.3,0.0446084527386,1
5.18424416667,2022-01-24T18:11:03.279Z,ETHUSDT,2,2375.42777778,0.0446622456662,2
5.18917027778,2022-01-24T18:11:21.013Z,ETHUSDT,2,2376.4,0.0450714449391,1
5.19014444444,2022-01-24T18:11:24.520Z,ETHUSDT,2,2374.05,0.0440820649049,1
5.20115027778,2022-01-24T18:12:04.141Z,ETHUSDT,2,2374.15,0.0441241861298,1
5.20197722222,2022-01-24T18:12:07.118Z,ETHUSDT,2,2371.75,0.0431127867305,1
5.20199027778,2022-01-24T18:12:07.165Z,ETHUSDT,2,2371.75,0.0431127867305,1
5.20199722222,2022-01-24T18:12:07.190Z,ETHUSDT,2,2371.75,0.0431127867305,1
5.20199888889,2022-01-24T18:12:07.196Z,ETHUSDT,2,2371.75,0.0431127867305,1
5.202915,2022-01-24T18:12:10.494Z,ETHUSDT,2,2370.5,0.0425856107997,1
5.207075,2022-01-24T18:12:25.470Z,ETHUSDT,2,2374.1,0.0441031257392,1
5.2070775,2022-01-24T18:12:25.479Z,ETHUSDT,2,2374.1,0.0441031257392,1
5.20707805556,2022-01-24T18:12:25.481Z,ETHUSDT,2,2374.1,0.0441031257392,1
5.20708722222,2022-01-24T18:12:25.514Z,ETHUSDT,2,2374.45,0.0442505391604,1
5.20715277778,2022-01-24T18:12:25.750Z,ETHUSDT,2,2375,0.0444821449263,1
5.20717638889,2022-01-24T18:12:25.835Z,ETHUSDT,2,2375.28658537,0.044602805169,2
5.20718138889,2022-01-24T18:12:25.853Z,ETHUSDT,2,2375.3,0.0446084527386,1
5.207185,2022-01-24T18:12:25.866Z,ETHUSDT,2,2375.3,0.0446084527386,1
5.20720777778,2022-01-24T18:12:25.948Z,ETHUSDT,2,2375.3,0.0446084527386,1
5.20720916667,2022-01-24T18:12:25.953Z,ETHUSDT,2,2375.3,0.0446084527386,1
5.20729277778,2022-01-24T18:12:26.254Z,ETHUSDT,2,2377.7,0.0456183413159,1
5.20729361111,2022-01-24T18:12:26.257Z,ETHUSDT,2,2377.7,0.0456183413159,1
5.207405,2022-01-24T18:12:26.658Z,ETHUSDT,2,2377.7,0.0456183413159,1
5.20740583333,2022-01-24T18:12:26.661Z,ETHUSDT,2,2377.7,0.0456183413159,1
5.20740722222,2022-01-24T18:12:26.666Z,ETHUSDT,2,2377.7,0.0456183413159,1
5.2074175,2022-01-24T18:12:26.703Z,ETHUSDT,2,2377.7,0.0456183413159,1
5.2130325,2022-01-24T18:12:46.917Z,ETHUSDT,2,2376.8,0.0452397526059,1
5.21524222222,2022-01-24T18:12:54.872Z,ETHUSDT,2,2376,0.0449031089401,1
5.21524555556,2022-01-24T18:12:54.884Z,ETHUSDT,2,2376,0.0449031089401,1
5.215505,2022-01-24T18:12:55.818Z,ETHUSDT,2,2377.2,0.04540803195,1
5.2155075,2022-01-24T18:12:55.827Z,ETHUSDT,2,2377.45,0.0455131921617,1
5.2155975,2022-01-24T18:12:56.151Z,ETHUSDT,2,2378.2,0.045828606461,1
5.21563444444,2022-01-24T18:12:56.284Z,ETHUSDT,2,2378.91290323,0.0461283274244,2
5.21563722222,2022-01-24T18:12:56.294Z,ETHUSDT,2,2379.63870968,0.0464333809433,3
5.21566166667,2022-01-24T18:12:56.382Z,ETHUSDT,2,2379.65,0.0464381254853,1
5.21566611111,2022-01-24T18:12:56.398Z,ETHUSDT,2,2379.65,0.0464381254853,1
5.21586638889,2022-01-24T18:12:57.119Z,ETHUSDT,2,2379.65,0.0464381254853,1
5.21613722222,2022-01-24T18:12:58.094Z,ETHUSDT,2,2379.65,0.0464381254853,1
5.21614138889,2022-01-24T18:12:58.109Z,ETHUSDT,2,2379.65,0.0464381254853,1
5.21614277778,2022-01-24T18:12:58.114Z,ETHUSDT,2,2379.65,0.0464381254853,1
5.21614361111,2022-01-24T18:12:58.117Z,ETHUSDT,2,2379.65,0.0464381254853,1
5.22020361111,2022-01-24T18:13:12.733Z,ETHUSDT,2,2383.75,0.0481595853722,1
5.22020444444,2022-01-24T18:13:12.736Z,ETHUSDT,2,2383.75,0.0481595853722,1
5.22023416667,2022-01-24T18:13:12.843Z,ETHUSDT,2,2385.6,0.048935372468,1
5.22029,2022-01-24T18:13:13.044Z,ETHUSDT,2,2386.67462687,0.0493857350175,2
5.22033416667,2022-01-24T18:13:13.203Z,ETHUSDT,2,2386.7,0.049396366127,1
5.22033555556,2022-01-24T18:13:13.208Z,ETHUSDT,2,2386.7,0.049396366127,1
5.22034,2022-01-24T18:13:13.224Z,ETHUSDT,2,2387.17407407,0.0495949780168,4
5.22044222222,2022-01-24T18:13:13.592Z,ETHUSDT,2,2392.07565,0.0516461692821,10
5.22052055556,2022-01-24T18:13:13.874Z,ETHUSDT,2,2393.2,0.0521160899734,1
5.22080111111,2022-01-24T18:13:14.884Z,ETHUSDT,2,2382.73095238,0.0477319962788,4
5.23762444444,2022-01-24T18:14:15.448Z,ETHUSDT,2,2378.9,0.0461229034088,1
5.24165583333,2022-01-24T18:14:29.961Z,ETHUSDT,2,2379.25,0.04627001941,1
5.24338861111,2022-01-24T18:14:36.199Z,ETHUSDT,2,2376.1,0.0449451955965,1
5.24628611111,2022-01-24T18:14:46.630Z,ETHUSDT,2,2376.45,0.0450924849467,1
5.24974777778,2022-01-24T18:14:59.092Z,ETHUSDT,2,2377.15,0.0453869985806,1
5.25053916667,2022-01-24T18:15:01.941Z,ETHUSDT,2,2377.2,0.04540803195,1
5.25055111111,2022-01-24T18:15:01.984Z,ETHUSDT,2,2377.2,0.04540803195,1
5.25227666667,2022-01-24T18:15:08.196Z,ETHUSDT,2,2382.8,0.0477609742121,1
5.25249361111,2022-01-24T18:15:08.977Z,ETHUSDT,2,2382.8,0.0477609742121,1
5.25576694444,2022-01-24T18:15:20.761Z,ETHUSDT,2,2377.9,0.0457024526794,1
5.25578388889,2022-01-24T18:15:20.822Z,ETHUSDT,2,2377.8,0.045660397882,1
5.255785,2022-01-24T18:15:20.826Z,ETHUSDT,2,2377.8,0.045660397882,1
5.25602583333,2022-01-24T18:15:21.693Z,ETHUSDT,2,2376.5547619,0.0451365673367,2
5.25602833333,2022-01-24T18:15:21.702Z,ETHUSDT,2,2376.4,0.0450714449391,1
5.25803472222,2022-01-24T18:15:28.925Z,ETHUSDT,2,2374.65,0.0443347656454,1
5.26299222222,2022-01-24T18:15:46.772Z,ETHUSDT,2,2373.95,0.0440399419058,1
5.26301111111,2022-01-24T18:15:46.840Z,ETHUSDT,2,2372.3,0.0433446561259,1
5.26302944444,2022-01-24T18:15:46.906Z,ETHUSDT,2,2371.95,0.043197109095,1
5.26306277778,2022-01-24T18:15:47.026Z,ETHUSDT,2,2371.2,0.0428808635593,1
5.26931638889,2022-01-24T18:16:09.539Z,ETHUSDT,2,2371.2,0.0428808635593,1
5.26931805556,2022-01-24T18:16:09.545Z,ETHUSDT,2,2371.2,0.0428808635593,1
5.27112805556,2022-01-24T18:16:16.061Z,ETHUSDT,2,2376.3,0.0450293635959,1
5.27113416667,2022-01-24T18:16:16.083Z,ETHUSDT,2,2376.3,0.0450293635959,2
5.27560833333,2022-01-24T18:16:32.190Z,ETHUSDT,2,2384,0.0482644566428,1
5.27561333333,2022-01-24T18:16:32.208Z,ETHUSDT,2,2384,0.0482644566428,1
5.29310583333,2022-01-24T18:17:35.181Z,ETHUSDT,2,2388.45,0.0501293274281,1
5.2931575,2022-01-24T18:17:35.367Z,ETHUSDT,2,2388.45,0.0501293274281,1
5.2944825,2022-01-24T18:17:40.137Z,ETHUSDT,2,2391.15,0.0512591292053,1
5.29448305556,2022-01-24T18:17:40.139Z,ETHUSDT,2,2391.15,0.0512591292053,1
5.29765083333,2022-01-24T18:17:51.543Z,ETHUSDT,2,2389,0.0503595757833,1
5.29775833333,2022-01-24T18:17:51.930Z,ETHUSDT,2,2389,0.0503595757833,1
5.29775944444,2022-01-24T18:17:51.934Z,ETHUSDT,2,2389,0.0503595757833,1
5.2977675,2022-01-24T18:17:51.963Z,ETHUSDT,2,2389,0.0503595757833,1
5.29776805556,2022-01-24T18:17:51.965Z,ETHUSDT,2,2389,0.0503595757833,1
5.29777277778,2022-01-24T18:17:51.982Z,ETHUSDT,2,2389,0.0503595757833,1
5.29777361111,2022-01-24T18:17:51.985Z,ETHUSDT,2,2389,0.0503595757833,1
5.29777611111,2022-01-24T18:17:51.994Z,ETHUSDT,2,2389,0.0503595757833,1
5.29777722222,2022-01-24T18:17:51.998Z,ETHUSDT,2,2389,0.0503595757833,1
5.29777777778,2022-01-24T18:17:52.000Z,ETHUSDT,2,2389,0.0503595757833,1
5.29777861111,2022-01-24T18:17:52.003Z,ETHUSDT,2,2389,0.0503595757833,1
5.29778027778,2022-01-24T18:17:52.009Z,ETHUSDT,2,2389,0.0503595757833,1
5.29778111111,2022-01-24T18:17:52.012Z,ETHUSDT,2,2389,0.0503595757833,1
5.29778138889,2022-01-24T18:17:52.013Z,ETHUSDT,2,2389,0.0503595757833,1
5.29778333333,2022-01-24T18:17:52.020Z,ETHUSDT,2,2389,0.0503595757833,1
5.29778416667,2022-01-24T18:17:52.023Z,ETHUSDT,2,2389,0.0503595757833,1
5.29778638889,2022-01-24T18:17:52.031Z,ETHUSDT,2,2389,0.0503595757833,1
5.29779027778,2022-01-24T18:17:52.045Z,ETHUSDT,2,2389,0.0503595757833,1
5.29779138889,2022-01-24T18:17:52.049Z,ETHUSDT,2,2389,0.0503595757833,1
5.30100638889,2022-01-24T18:18:03.623Z,ETHUSDT,2,2384.85,0.0486209367204,1
5.30366888889,2022-01-24T18:18:13.208Z,ETHUSDT,2,2382.7,0.0477190058981,1
5.3036975,2022-01-24T18:18:13.311Z,ETHUSDT,2,2382.35,0.0475721029273,1
5.3037775,2022-01-24T18:18:13.599Z,ETHUSDT,2,2381.25,0.0471102673325,1
5.31628611111,2022-01-24T18:18:58.630Z,ETHUSDT,2,2385.75,0.0489982477549,1
5.31628694444,2022-01-24T18:18:58.633Z,ETHUSDT,2,2384.61769912,0.0485235250594,4
5.3291575,2022-01-24T18:19:44.967Z,ETHUSDT,2,2399.55024286,0.0547660284227,20
5.33259944444,2022-01-24T18:19:57.358Z,ETHUSDT,2,2390.45,0.0509663401786,1
5.33261611111,2022-01-24T18:19:57.418Z,ETHUSDT,2,2390.45,0.0509663401786,1
5.33516916667,2022-01-24T18:20:06.609Z,ETHUSDT,2,2393.72285714,0.0523345422696,10
5.33709361111,2022-01-24T18:20:13.537Z,ETHUSDT,2,2391.65,0.0514682117519,1
5.33720555556,2022-01-24T18:20:13.940Z,ETHUSDT,2,2390.6,0.0510290879014,1
5.33721277778,2022-01-24T18:20:13.966Z,ETHUSDT,2,2390.375,0.0509349648407,2
5.33721638889,2022-01-24T18:20:13.979Z,ETHUSDT,2,2390.3,0.0509035885183,1
5.339895,2022-01-24T18:20:23.622Z,ETHUSDT,2,2387.1,0.0495639475091,1
5.33989777778,2022-01-24T18:20:23.632Z,ETHUSDT,2,2387.1,0.0495639475091,1
5.33990055556,2022-01-24T18:20:23.642Z,ETHUSDT,2,2387.1,0.0495639475091,1
5.33998194444,2022-01-24T18:20:23.935Z,ETHUSDT,2,2386.75,0.0494173153357,1
5.33998666667,2022-01-24T18:20:23.952Z,ETHUSDT,2,2386.75,0.0494173153357,1
5.33998722222,2022-01-24T18:20:23.954Z,ETHUSDT,2,2386.75,0.0494173153357,1
5.34191555556,2022-01-24T18:20:30.896Z,ETHUSDT,2,2385.3,0.0488096100331,1
5.3450575,2022-01-24T18:20:42.207Z,ETHUSDT,2,2381.35408654,0.0471539772595,5
5.34568777778,2022-01-24T18:20:44.476Z,ETHUSDT,2,2380.3,0.0467112375995,2
5.36683833333,2022-01-24T18:22:00.618Z,ETHUSDT,2,2382.7,0.0477190058981,1
5.36683861111,2022-01-24T18:22:00.619Z,ETHUSDT,2,2382.7,0.0477190058981,1
5.3792025,2022-01-24T18:22:45.129Z,ETHUSDT,2,2374.2,0.044145246077,1
5.37920277778,2022-01-24T18:22:45.130Z,ETHUSDT,2,2374.2,0.044145246077,1
5.37920305556,2022-01-24T18:22:45.131Z,ETHUSDT,2,2374.2,0.044145246077,1
5.37920388889,2022-01-24T18:22:45.134Z,ETHUSDT,2,2374.2,0.044145246077,1
5.37920416667,2022-01-24T18:22:45.135Z,ETHUSDT,2,2374.2,0.044145246077,1
5.37920472222,2022-01-24T18:22:45.137Z,ETHUSDT,2,2374.2,0.044145246077,1
5.37920694444,2022-01-24T18:22:45.145Z,ETHUSDT,2,2374.2,0.044145246077,1
5.37921027778,2022-01-24T18:22:45.157Z,ETHUSDT,2,2374.2,0.044145246077,1
5.37921111111,2022-01-24T18:22:45.160Z,ETHUSDT,2,2374.2,0.044145246077,1
5.37921222222,2022-01-24T18:22:45.164Z,ETHUSDT,2,2374.2,0.044145246077,1
5.37921361111,2022-01-24T18:22:45.169Z,ETHUSDT,2,2374.2,0.044145246077,2
5.37921611111,2022-01-24T18:22:45.178Z,ETHUSDT,2,2374.2,0.044145246077,1
5.37921694444,2022-01-24T18:22:45.181Z,ETHUSDT,2,2374.2,0.044145246077,1
5.37921777778,2022-01-24T18:22:45.184Z,ETHUSDT,2,2374.2,0.044145246077,1
5.37921861111,2022-01-24T18:22:45.187Z,ETHUSDT,2,2374.2,0.044145246077,1
5.37921944444,2022-01-24T18:22:45.190Z,ETHUSDT,2,2374.2,0.044145246077,1
5.38537361111,2022-01-24T18:23:07.345Z,ETHUSDT,2,2375.5,0.0446926490845,1
5.38538,2022-01-24T18:23:07.368Z,ETHUSDT,2,2375.45,0.0446716006626,1
5.38541333333,2022-01-24T18:23:07.488Z,ETHUSDT,2,2375,0.0444821449263,1
5.38557611111,2022-01-24T18:23:08.074Z,ETHUSDT,2,2375.2,0.0445663519071,1
5.38557777778,2022-01-24T18:23:08.080Z,ETHUSDT,2,2375.2,0.0445663519071,1
5.38557944444,2022-01-24T18:23:08.086Z,ETHUSDT,2,2375.2,0.0445663519071,1
5.38558694444,2022-01-24T18:23:08.113Z,ETHUSDT,2,2375.2,0.0445663519071,1
5.3855875,2022-01-24T18:23:08.115Z,ETHUSDT,2,2375.2,0.0445663519071,1
5.38558833333,2022-01-24T18:23:08.118Z,ETHUSDT,2,2375.2,0.0445663519071,1
5.38558888889,2022-01-24T18:23:08.120Z,ETHUSDT,2,2375.2,0.0445663519071,1
5.38558972222,2022-01-24T18:23:08.123Z,ETHUSDT,2,2375.2,0.0445663519071,1
5.38559055556,2022-01-24T18:23:08.126Z,ETHUSDT,2,2375.2,0.0445663519071,1
5.38560666667,2022-01-24T18:23:08.184Z,ETHUSDT,2,2375.2,0.0445663519071,1
5.38577,2022-01-24T18:23:08.772Z,ETHUSDT,2,2375.2,0.0445663519071,1
5.38598222222,2022-01-24T18:23:09.536Z,ETHUSDT,2,2375.2,0.0445663519071,1
5.38598305556,2022-01-24T18:23:09.539Z,ETHUSDT,2,2375.2,0.0445663519071,1
5.38598416667,2022-01-24T18:23:09.543Z,ETHUSDT,2,2375.2,0.0445663519071,1
5.385985,2022-01-24T18:23:09.546Z,ETHUSDT,2,2375.2,0.0445663519071,1
5.38598722222,2022-01-24T18:23:09.554Z,ETHUSDT,2,2375.2,0.0445663519071,1
5.38598944444,2022-01-24T18:23:09.562Z,ETHUSDT,2,2375.2,0.0445663519071,1
5.38599,2022-01-24T18:23:09.564Z,ETHUSDT,2,2375.2,0.0445663519071,1
5.38599083333,2022-01-24T18:23:09.567Z,ETHUSDT,2,2375.2,0.0445663519071,1
5.38599166667,2022-01-24T18:23:09.570Z,ETHUSDT,2,2375.2,0.0445663519071,1
5.38599222222,2022-01-24T18:23:09.572Z,ETHUSDT,2,2375.2,0.0445663519071,1
5.38599305556,2022-01-24T18:23:09.575Z,ETHUSDT,2,2375.2,0.0445663519071,1
5.38599388889,2022-01-24T18:23:09.578Z,ETHUSDT,2,2375.2,0.0445663519071,1
5.385995,2022-01-24T18:23:09.582Z,ETHUSDT,2,2375.2,0.0445663519071,1
5.38599666667,2022-01-24T18:23:09.588Z,ETHUSDT,2,2375.2,0.0445663519071,1
5.3859975,2022-01-24T18:23:09.591Z,ETHUSDT,2,2375.2,0.0445663519071,1
5.38599805556,2022-01-24T18:23:09.593Z,ETHUSDT,2,2375.2,0.0445663519071,1
5.38599944444,2022-01-24T18:23:09.598Z,ETHUSDT,2,2375.2,0.0445663519071,1
5.38600027778,2022-01-24T18:23:09.601Z,ETHUSDT,2,2375.2,0.0445663519071,1
5.38600083333,2022-01-24T18:23:09.603Z,ETHUSDT,2,2375.2,0.0445663519071,1
5.38600166667,2022-01-24T18:23:09.606Z,ETHUSDT,2,2375.2,0.0445663519071,1
5.38600222222,2022-01-24T18:23:09.608Z,ETHUSDT,2,2375.2,0.0445663519071,1
5.38600388889,2022-01-24T18:23:09.614Z,ETHUSDT,2,2375.2,0.0445663519071,1
5.38600722222,2022-01-24T18:23:09.626Z,ETHUSDT,2,2375.2,0.0445663519071,1
5.38600805556,2022-01-24T18:23:09.629Z,ETHUSDT,2,2375.2,0.0445663519071,1
5.38601,2022-01-24T18:23:09.636Z,ETHUSDT,2,2375.2,0.0445663519071,1
5.38601166667,2022-01-24T18:23:09.642Z,ETHUSDT,2,2375.2,0.0445663519071,1
5.3860125,2022-01-24T18:23:09.645Z,ETHUSDT,2,2375.2,0.0445663519071,1
5.38601361111,2022-01-24T18:23:09.649Z,ETHUSDT,2,2375.2,0.0445663519071,1
5.38641083333,2022-01-24T18:23:11.079Z,ETHUSDT,2,2375.2,0.0445663519071,1
5.38641138889,2022-01-24T18:23:11.081Z,ETHUSDT,2,2375.2,0.0445663519071,1
5.38641194444,2022-01-24T18:23:11.083Z,ETHUSDT,2,2375.2,0.0445663519071,1
5.38665611111,2022-01-24T18:23:11.962Z,ETHUSDT,2,2373.6,0.0438924974341,1
5.38769944444,2022-01-24T18:23:15.718Z,ETHUSDT,2,2372.4,0.0433868084221,1
5.38770111111,2022-01-24T18:23:15.724Z,ETHUSDT,2,2372.4,0.0433868084221,1
5.38777861111,2022-01-24T18:23:16.003Z,ETHUSDT,2,2371.6,0.0430495402907,1
5.38784583333,2022-01-24T18:23:16.245Z,ETHUSDT,2,2371.00333333,0.0427979203985,3
5.38845722222,2022-01-24T18:23:18.446Z,ETHUSDT,2,2371.61666667,0.0430565678705,2
5.38845916667,2022-01-24T18:23:18.453Z,ETHUSDT,2,2371.7,0.0430917050284,1
5.38847055556,2022-01-24T18:23:18.494Z,ETHUSDT,2,2371.7,0.0430917050284,1
5.38847722222,2022-01-24T18:23:18.518Z,ETHUSDT,2,2371.74326923,0.043109948835,2
5.38848472222,2022-01-24T18:23:18.545Z,ETHUSDT,2,2371.75,0.0431127867305,1
5.40545111111,2022-01-24T18:24:19.624Z,ETHUSDT,2,2368.25,0.0416359932132,1
5.42335638889,2022-01-24T18:25:24.083Z,ETHUSDT,2,2372.85,0.0435764717702,1
5.42335777778,2022-01-24T18:25:24.088Z,ETHUSDT,2,2372.85,0.0435764717702,1
5.43059805556,2022-01-24T18:25:50.153Z,ETHUSDT,2,2369.65,0.0422269723562,1
5.43064805556,2022-01-24T18:25:50.333Z,ETHUSDT,2,2369.35,0.0421003633667,1
5.43065472222,2022-01-24T18:25:50.357Z,ETHUSDT,2,2369.35,0.0421003633667,1
5.43252583333,2022-01-24T18:25:57.093Z,ETHUSDT,2,2369.65,0.0422269723562,1
5.43253527778,2022-01-24T18:25:57.127Z,ETHUSDT,2,2370.15,0.0424379517232,1
5.43565388889,2022-01-24T18:26:08.354Z,ETHUSDT,2,2369.5,0.0421636698652,1
5.435655,2022-01-24T18:26:08.358Z,ETHUSDT,2,2369.5,0.0421636698652,1
5.44593194444,2022-01-24T18:26:45.355Z,ETHUSDT,2,2365.3,0.0403895712331,1
5.47177638889,2022-01-24T18:28:18.395Z,ETHUSDT,2,2370.75,0.0426910682214,1
5.47179388889,2022-01-24T18:28:18.458Z,ETHUSDT,2,2370.75,0.0426910682214,1
5.47747027778,2022-01-24T18:28:38.893Z,ETHUSDT,2,2373.4,0.0438082336886,1
5.47749,2022-01-24T18:28:38.964Z,ETHUSDT,2,2373.4,0.0438082336886,1
5.48204833333,2022-01-24T18:28:55.374Z,ETHUSDT,2,2371.35,0.0429441206678,1
5.48207166667,2022-01-24T18:28:55.458Z,ETHUSDT,2,2371.35,0.0429441206678,1
5.48207277778,2022-01-24T18:28:55.462Z,ETHUSDT,2,2371.35,0.0429441206678,1
5.50988194444,2022-01-24T18:30:35.575Z,ETHUSDT,2,2377,0.0453238958177,1
5.50988388889,2022-01-24T18:30:35.582Z,ETHUSDT,2,2377,0.0453238958177,1
5.50988666667,2022-01-24T18:30:35.592Z,ETHUSDT,2,2377,0.0453238958177,1
5.51166777778,2022-01-24T18:30:42.004Z,ETHUSDT,2,2379.25,0.04627001941,1
5.51658638889,2022-01-24T18:30:59.711Z,ETHUSDT,2,2376.65,0.0451766405505,1
5.51925916667,2022-01-24T18:31:09.333Z,ETHUSDT,2,2375.35,0.0446295024897,1
5.51926083333,2022-01-24T18:31:09.339Z,ETHUSDT,2,2375.35,0.0446295024897,1
5.51926305556,2022-01-24T18:31:09.347Z,ETHUSDT,2,2375.35,0.0446295024897,1
5.54678361111,2022-01-24T18:32:48.421Z,ETHUSDT,2,2374.5,0.0442715964467,1
5.55238472222,2022-01-24T18:33:08.585Z,ETHUSDT,2,2383.65,0.0481176337843,1
5.55241333333,2022-01-24T18:33:08.688Z,ETHUSDT,2,2383.75,0.0481595853722,1
5.55243083333,2022-01-24T18:33:08.751Z,ETHUSDT,2,2383.75,0.0481595853722,1
5.55248611111,2022-01-24T18:33:08.950Z,ETHUSDT,2,2384.5,0.0484741661958,1
5.55249944444,2022-01-24T18:33:08.998Z,ETHUSDT,2,2385.75,0.0489982477549,1
5.55357361111,2022-01-24T18:33:12.865Z,ETHUSDT,2,2389.07540107,0.0503911370557,4
5.55877055556,2022-01-24T18:33:31.574Z,ETHUSDT,2,2383.9,0.0482225094543,1
5.57663555556,2022-01-24T18:34:35.888Z,ETHUSDT,2,2379.55,0.0463961016158,1
5.57663666667,2022-01-24T18:34:35.892Z,ETHUSDT,2,2379.55,0.0463961016158,1
5.57663861111,2022-01-24T18:34:35.899Z,ETHUSDT,2,2379.55,0.0463961016158,1
5.58665166667,2022-01-24T18:35:11.946Z,ETHUSDT,2,2378.25,0.0458496305441,1
5.58665361111,2022-01-24T18:35:11.953Z,ETHUSDT,2,2378.25,0.0458496305441,1
5.59239916667,2022-01-24T18:35:32.637Z,ETHUSDT,2,2378.6,0.0459967867507,1
5.6004525,2022-01-24T18:36:01.629Z,ETHUSDT,2,2376.65,0.0451766405505,1
5.600465,2022-01-24T18:36:01.674Z,ETHUSDT,2,2376.65,0.0451766405505,1
5.60722194444,2022-01-24T18:36:25.999Z,ETHUSDT,2,2370.45,0.0425645179808,1
5.60736805556,2022-01-24T18:36:26.525Z,ETHUSDT,2,2369.6,0.0422058719711,1
5.62212361111,2022-01-24T18:37:19.645Z,ETHUSDT,2,2371.35,0.0429441206678,1
5.622125,2022-01-24T18:37:19.650Z,ETHUSDT,2,2371.35,0.0429441206678,1
5.6256675,2022-01-24T18:37:32.403Z,ETHUSDT,2,2372.05,0.043239267611,1
5.62745333333,2022-01-24T18:37:38.832Z,ETHUSDT,2,2374.45,0.0442505391604,1
5.62745361111,2022-01-24T18:37:38.833Z,ETHUSDT,2,2374.45,0.0442505391604,1
5.65023138889,2022-01-24T18:39:00.833Z,ETHUSDT,2,2381.15,0.0470682717001,1
5.65713722222,2022-01-24T18:39:25.694Z,ETHUSDT,2,2382.45,0.0476140774068,1
5.65713888889,2022-01-24T18:39:25.700Z,ETHUSDT,2,2382.45,0.0476140774068,1
5.65714,2022-01-24T18:39:25.704Z,ETHUSDT,2,2382.45,0.0476140774068,1
5.65714666667,2022-01-24T18:39:25.728Z,ETHUSDT,2,2382.4,0.0475930903873,1
5.65838888889,2022-01-24T18:39:30.200Z,ETHUSDT,2,2382.58790323,0.0476719586781,3
5.65843333333,2022-01-24T18:39:30.360Z,ETHUSDT,2,2382.6,0.0476770358228,1
5.65845972222,2022-01-24T18:39:30.455Z,ETHUSDT,2,2382.6,0.0476770358228,1
5.65850277778,2022-01-24T18:39:30.610Z,ETHUSDT,2,2382.6,0.0476770358228,1
5.66517583333,2022-01-24T18:39:54.633Z,ETHUSDT,2,2386.45,0.0492916135003,1
5.67105916667,2022-01-24T18:40:15.813Z,ETHUSDT,2,2380.2,0.0466692252059,1
5.67509611111,2022-01-24T18:40:30.346Z,ETHUSDT,2,2381.4,0.0471732574746,1
5.69338972222,2022-01-24T18:41:36.203Z,ETHUSDT,2,2383.45,0.0480337253284,1
5.69339361111,2022-01-24T18:41:36.217Z,ETHUSDT,2,2383.45,0.0480337253284,1
5.69339638889,2022-01-24T18:41:36.227Z,ETHUSDT,2,2383.45,0.0480337253284,1
5.6934,2022-01-24T18:41:36.240Z,ETHUSDT,2,2383.45,0.0480337253284,1
5.70110138889,2022-01-24T18:42:03.965Z,ETHUSDT,2,2380.9,0.0469632749024,1
5.71800333333,2022-01-24T18:43:04.812Z,ETHUSDT,2,2380.55,0.0468162608623,1
5.72891638889,2022-01-24T18:43:44.099Z,ETHUSDT,2,2380.75,0.0469002715317,1
5.73658083333,2022-01-24T18:44:11.691Z,ETHUSDT,2,2372.45,0.0434078839039,1
5.73658583333,2022-01-24T18:44:11.709Z,ETHUSDT,2,2372.45,0.0434078839039,1
5.73659083333,2022-01-24T18:44:11.727Z,ETHUSDT,2,2372.45,0.0434078839039,1
5.73660194444,2022-01-24T18:44:11.767Z,ETHUSDT,2,2372.45,0.0434078839039,1
5.73673805556,2022-01-24T18:44:12.257Z,ETHUSDT,2,2371.4,0.0429652054815,1
5.73673833333,2022-01-24T18:44:12.258Z,ETHUSDT,2,2371.4,0.0429652054815,1
5.73675583333,2022-01-24T18:44:12.321Z,ETHUSDT,2,2370.5,0.0425856107997,1
5.7367725,2022-01-24T18:44:12.381Z,ETHUSDT,2,2370.3,0.0425012368543,1
5.73679722222,2022-01-24T18:44:12.470Z,ETHUSDT,2,2369.55,0.0421847711408,1
5.73891888889,2022-01-24T18:44:20.108Z,ETHUSDT,2,2370.5,0.0425856107997,1
5.74482194444,2022-01-24T18:44:41.359Z,ETHUSDT,2,2371.85,0.0431549488015,1
5.74485,2022-01-24T18:44:41.460Z,ETHUSDT,2,2371.85,0.0431549488015,1
5.76090138889,2022-01-24T18:45:39.245Z,ETHUSDT,2,2381.1,0.0470472732225,1
5.76090277778,2022-01-24T18:45:39.250Z,ETHUSDT,2,2381.1,0.0470472732225,1
5.76866583333,2022-01-24T18:46:07.197Z,ETHUSDT,2,2384.75,0.0485790044829,1
5.76868083333,2022-01-24T18:46:07.251Z,ETHUSDT,2,2384.75,0.0485790044829,1
5.7694625,2022-01-24T18:46:10.065Z,ETHUSDT,2,2384.75,0.0485790044829,1
5.76985805556,2022-01-24T18:46:11.489Z,ETHUSDT,2,2384.7,0.0485580377047,1
5.769875,2022-01-24T18:46:11.550Z,ETHUSDT,2,2384.7078125,0.0485613137928,2
5.76987555556,2022-01-24T18:46:11.552Z,ETHUSDT,2,2384.75,0.0485790044829,1
5.76987805556,2022-01-24T18:46:11.561Z,ETHUSDT,2,2384.75,0.0485790044829,1
5.76988416667,2022-01-24T18:46:11.583Z,ETHUSDT,2,2384.75,0.0485790044829,1
5.7699025,2022-01-24T18:46:11.649Z,ETHUSDT,2,2384.75,0.0485790044829,1
5.76990388889,2022-01-24T18:46:11.654Z,ETHUSDT,2,2384.75,0.0485790044829,1
5.76990611111,2022-01-24T18:46:11.662Z,ETHUSDT,2,2384.75,0.0485790044829,1
5.76991444444,2022-01-24T18:46:11.692Z,ETHUSDT,2,2384.75,0.0485790044829,1
5.76992444444,2022-01-24T18:46:11.728Z,ETHUSDT,2,2384.75,0.0485790044829,1
5.7699275,2022-01-24T18:46:11.739Z,ETHUSDT,2,2384.75,0.0485790044829,1
5.76993583333,2022-01-24T18:46:11.769Z,ETHUSDT,2,2384.75,0.0485790044829,1
5.7699375,2022-01-24T18:46:11.775Z,ETHUSDT,2,2384.75,0.0485790044829,1
5.76994027778,2022-01-24T18:46:11.785Z,ETHUSDT,2,2384.75,0.0485790044829,1
5.76994666667,2022-01-24T18:46:11.808Z,ETHUSDT,2,2384.75,0.0485790044829,1
5.76994944444,2022-01-24T18:46:11.818Z,ETHUSDT,2,2384.75,0.0485790044829,1
5.76995111111,2022-01-24T18:46:11.824Z,ETHUSDT,2,2384.75,0.0485790044829,1
5.76996055556,2022-01-24T18:46:11.858Z,ETHUSDT,2,2384.75,0.0485790044829,1
5.76996222222,2022-01-24T18:46:11.864Z,ETHUSDT,2,2384.75,0.0485790044829,1
5.76996333333,2022-01-24T18:46:11.868Z,ETHUSDT,2,2384.75,0.0485790044829,1
5.76996444444,2022-01-24T18:46:11.872Z,ETHUSDT,2,2384.75,0.0485790044829,1
5.76996472222,2022-01-24T18:46:11.873Z,ETHUSDT,2,2384.75,0.0485790044829,1
5.769965,2022-01-24T18:46:11.874Z,ETHUSDT,2,2384.75,0.0485790044829,1
5.76996583333,2022-01-24T18:46:11.877Z,ETHUSDT,2,2384.75,0.0485790044829,1
5.76996694444,2022-01-24T18:46:11.881Z,ETHUSDT,2,2384.75,0.0485790044829,1
5.76996972222,2022-01-24T18:46:11.891Z,ETHUSDT,2,2384.75,0.0485790044829,1
5.76997083333,2022-01-24T18:46:11.895Z,ETHUSDT,2,2384.75,0.0485790044829,1
5.76997166667,2022-01-24T18:46:11.898Z,ETHUSDT,2,2384.75,0.0485790044829,1
5.76997388889,2022-01-24T18:46:11.906Z,ETHUSDT,2,2384.75,0.0485790044829,1
5.76997583333,2022-01-24T18:46:11.913Z,ETHUSDT,2,2384.75,0.0485790044829,1
5.7699775,2022-01-24T18:46:11.919Z,ETHUSDT,2,2384.75,0.0485790044829,1
5.78378583333,2022-01-24T18:47:01.629Z,ETHUSDT,2,2390.90450292,0.051156454894,11
5.78379277778,2022-01-24T18:47:01.654Z,ETHUSDT,2,2391.35,0.0513427674699,1
5.78379305556,2022-01-24T18:47:01.655Z,ETHUSDT,2,2391.35,0.0513427674699,1
5.78983861111,2022-01-24T18:47:23.419Z,ETHUSDT,2,2381.57041916,0.0472448175083,15
5.79833333333,2022-01-24T18:47:54.000Z,ETHUSDT,2,2388.5,0.0501502612876,1
5.80619666667,2022-01-24T18:48:22.308Z,ETHUSDT,2,2387.25,0.0496267832878,1
5.80853666667,2022-01-24T18:48:30.732Z,ETHUSDT,2,2391.5,0.0514054915779,1
5.80853916667,2022-01-24T18:48:30.741Z,ETHUSDT,2,2391.5,0.0514054915779,1
5.81249166667,2022-01-24T18:48:44.970Z,ETHUSDT,2,2393.55,0.0522623269821,1
5.8124925,2022-01-24T18:48:44.973Z,ETHUSDT,2,2393.55,0.0522623269821,1
5.81255611111,2022-01-24T18:48:45.202Z,ETHUSDT,2,2393.55,0.0522623269821,1
5.81262305556,2022-01-24T18:48:45.443Z,ETHUSDT,2,2393.55,0.0522623269821,1
5.81401222222,2022-01-24T18:48:50.444Z,ETHUSDT,2,2395.5,0.0530766847807,1
5.81401305556,2022-01-24T18:48:50.447Z,ETHUSDT,2,2395.5,0.0530766847807,1
5.81982333333,2022-01-24T18:49:11.364Z,ETHUSDT,2,2396.45,0.0534731830799,1
5.81982472222,2022-01-24T18:49:11.369Z,ETHUSDT,2,2396.75983607,0.0536024643243,2
5.81991333333,2022-01-24T18:49:11.688Z,ETHUSDT,2,2398.05,0.0541406145365,1
5.81991666667,2022-01-24T18:49:11.700Z,ETHUSDT,2,2398.05,0.0541406145365,1
5.82288111111,2022-01-24T18:49:22.372Z,ETHUSDT,2,2405.05,0.0570554008021,1
5.82685305556,2022-01-24T18:49:36.671Z,ETHUSDT,2,2403.25,0.0563066954035,1
5.82686416667,2022-01-24T18:49:36.711Z,ETHUSDT,2,2403.25,0.0563066954035,1
5.82688027778,2022-01-24T18:49:36.769Z,ETHUSDT,2,2403.25,0.0563066954035,1
5.82968388889,2022-01-24T18:49:46.862Z,ETHUSDT,2,2402.6,0.0560361917448,1
5.83133111111,2022-01-24T18:49:52.792Z,ETHUSDT,2,2401.3,0.0554949648118,1
5.83333638889,2022-01-24T18:50:00.011Z,ETHUSDT,2,2401.35,0.0555157866497,1
5.83377222222,2022-01-24T18:50:01.580Z,ETHUSDT,2,2402.55,0.0560153807399,1
5.83377972222,2022-01-24T18:50:01.607Z,ETHUSDT,2,2402.55,0.0560153807399,1
5.83394361111,2022-01-24T18:50:02.197Z,ETHUSDT,2,2403.05,0.0562234713017,1
5.8339775,2022-01-24T18:50:02.319Z,ETHUSDT,2,2403.35,0.0563483048571,1
5.83506916667,2022-01-24T18:50:06.249Z,ETHUSDT,2,2402.85,0.0561402402731,1
5.83538333333,2022-01-24T18:50:07.380Z,ETHUSDT,2,2403.08913043,0.0562397548232,2
5.83581888889,2022-01-24T18:50:08.948Z,ETHUSDT,2,2400.15,0.0550159428405,1
5.83586583333,2022-01-24T18:50:09.117Z,ETHUSDT,2,2399.5,0.0547450897558,1
5.83589277778,2022-01-24T18:50:09.214Z,ETHUSDT,2,2399.5,0.0547450897558,1
5.83607166667,2022-01-24T18:50:09.858Z,ETHUSDT,2,2400.1475,0.0550149012384,2
5.83673166667,2022-01-24T18:50:12.234Z,ETHUSDT,2,2398.37777778,0.0542772903267,2
5.83684305556,2022-01-24T18:50:12.635Z,ETHUSDT,2,2397.6,0.05395294446,1
5.83684611111,2022-01-24T18:50:12.646Z,ETHUSDT,2,2397.6,0.05395294446,1
5.84199694444,2022-01-24T18:50:31.189Z,ETHUSDT,2,2401.3,0.0554949648118,1
5.8420075,2022-01-24T18:50:31.227Z,ETHUSDT,2,2401.3,0.0554949648118,1
5.84205055556,2022-01-24T18:50:31.382Z,ETHUSDT,2,2401.3,0.0554949648118,1
5.84286916667,2022-01-24T18:50:34.329Z,ETHUSDT,2,2401.3,0.0554949648118,1
5.84287416667,2022-01-24T18:50:34.347Z,ETHUSDT,2,2401.3,0.0554949648118,1
5.84291861111,2022-01-24T18:50:34.507Z,ETHUSDT,2,2401.3,0.0554949648118,1
5.84293611111,2022-01-24T18:50:34.570Z,ETHUSDT,2,2401.3,0.0554949648118,1
5.84294333333,2022-01-24T18:50:34.596Z,ETHUSDT,2,2401.3,0.0554949648118,1
5.84294388889,2022-01-24T18:50:34.598Z,ETHUSDT,2,2401.3,0.0554949648118,1
5.84294777778,2022-01-24T18:50:34.612Z,ETHUSDT,2,2401.3,0.0554949648118,1
5.84294916667,2022-01-24T18:50:34.617Z,ETHUSDT,2,2401.3,0.0554949648118,1
5.84295,2022-01-24T18:50:34.620Z,ETHUSDT,2,2401.3,0.0554949648118,1
5.8429525,2022-01-24T18:50:34.629Z,ETHUSDT,2,2401.3,0.0554949648118,1
5.84295638889,2022-01-24T18:50:34.643Z,ETHUSDT,2,2401.3,0.0554949648118,1
5.84295694444,2022-01-24T18:50:34.645Z,ETHUSDT,2,2401.3,0.0554949648118,1
5.84295888889,2022-01-24T18:50:34.652Z,ETHUSDT,2,2401.3,0.0554949648118,1
5.84296055556,2022-01-24T18:50:34.658Z,ETHUSDT,2,2401.3,0.0554949648118,1
5.84323388889,2022-01-24T18:50:35.642Z,ETHUSDT,2,2401.3,0.0554949648118,1
5.843255,2022-01-24T18:50:35.718Z,ETHUSDT,2,2401.3,0.0554949648118,1
5.84326416667,2022-01-24T18:50:35.751Z,ETHUSDT,2,2401.3,0.0554949648118,1
5.84326916667,2022-01-24T18:50:35.769Z,ETHUSDT,2,2401.3,0.0554949648118,1
5.84327,2022-01-24T18:50:35.772Z,ETHUSDT,2,2401.3,0.0554949648118,1
5.84327638889,2022-01-24T18:50:35.795Z,ETHUSDT,2,2401.3,0.0554949648118,1
5.84328638889,2022-01-24T18:50:35.831Z,ETHUSDT,2,2401.3,0.0554949648118,1
5.84329361111,2022-01-24T18:50:35.857Z,ETHUSDT,2,2401.3,0.0554949648118,1
5.84332166667,2022-01-24T18:50:35.958Z,ETHUSDT,2,2401.3,0.0554949648118,1
5.84332444444,2022-01-24T18:50:35.968Z,ETHUSDT,2,2401.3,0.0554949648118,1
5.84334333333,2022-01-24T18:50:36.036Z,ETHUSDT,2,2401.3,0.0554949648118,1
5.84986916667,2022-01-24T18:50:59.529Z,ETHUSDT,2,2402.6,0.0560361917448,1
5.84987361111,2022-01-24T18:50:59.545Z,ETHUSDT,2,2402.6,0.0560361917448,1
5.85014722222,2022-01-24T18:51:00.530Z,ETHUSDT,2,2401.3,0.0554949648118,1
5.85015166667,2022-01-24T18:51:00.546Z,ETHUSDT,2,2401.3,0.0554949648118,1
5.85016666667,2022-01-24T18:51:00.600Z,ETHUSDT,2,2401.3,0.0554949648118,1
5.85042638889,2022-01-24T18:51:01.535Z,ETHUSDT,2,2401.3,0.0554949648118,1
5.85043444444,2022-01-24T18:51:01.564Z,ETHUSDT,2,2401.3,0.0554949648118,1
5.85043527778,2022-01-24T18:51:01.567Z,ETHUSDT,2,2401.3,0.0554949648118,1
5.85043611111,2022-01-24T18:51:01.570Z,ETHUSDT,2,2401.3,0.0554949648118,1
5.85043916667,2022-01-24T18:51:01.581Z,ETHUSDT,2,2401.3,0.0554949648118,1
5.85044027778,2022-01-24T18:51:01.585Z,ETHUSDT,2,2401.3,0.0554949648118,1
5.85044527778,2022-01-24T18:51:01.603Z,ETHUSDT,2,2402.15,0.0558488771077,1
5.85154083333,2022-01-24T18:51:05.547Z,ETHUSDT,2,2401.3,0.0554949648118,1
5.85155166667,2022-01-24T18:51:05.586Z,ETHUSDT,2,2401.3,0.0554949648118,1
5.85155611111,2022-01-24T18:51:05.602Z,ETHUSDT,2,2401.3,0.0554949648118,1
5.85155694444,2022-01-24T18:51:05.605Z,ETHUSDT,2,2401.3,0.0554949648118,1
5.85156333333,2022-01-24T18:51:05.628Z,ETHUSDT,2,2401.3,0.0554949648118,1
5.85251388889,2022-01-24T18:51:09.050Z,ETHUSDT,2,2401.3,0.0554949648118,1
5.85342111111,2022-01-24T18:51:12.316Z,ETHUSDT,2,2401.3,0.0554949648118,1
5.85709444444,2022-01-24T18:51:25.540Z,ETHUSDT,2,2401.3,0.0554949648118,1
5.86392361111,2022-01-24T18:51:50.125Z,ETHUSDT,2,2398.28191489,0.0542373196428,2
5.86518083333,2022-01-24T18:51:54.651Z,ETHUSDT,2,2395.15,0.0529305668215,1
5.86518611111,2022-01-24T18:51:54.670Z,ETHUSDT,2,2395.15,0.0529305668215,1
5.86872583333,2022-01-24T18:52:07.413Z,ETHUSDT,2,2392.85,0.0519698315764,1
5.86872805556,2022-01-24T18:52:07.421Z,ETHUSDT,2,2392.85,0.0519698315764,1
5.87668777778,2022-01-24T18:52:36.076Z,ETHUSDT,2,2394.6,0.0527009097403,1
5.88540444444,2022-01-24T18:53:07.456Z,ETHUSDT,2,2400.75,0.0552658959756,1
5.88549333333,2022-01-24T18:53:07.776Z,ETHUSDT,2,2400.75,0.0552658959756,1
5.89087666667,2022-01-24T18:53:27.156Z,ETHUSDT,2,2396.75,0.0535983604146,1
5.89089027778,2022-01-24T18:53:27.205Z,ETHUSDT,2,2396.75,0.0535983604146,1
5.89089444444,2022-01-24T18:53:27.220Z,ETHUSDT,2,2396.75,0.0535983604146,1
5.89089611111,2022-01-24T18:53:27.226Z,ETHUSDT,2,2396.75,0.0535983604146,1
5.89305861111,2022-01-24T18:53:35.011Z,ETHUSDT,2,2395.05,0.0528888149114,1
5.89306555556,2022-01-24T18:53:35.036Z,ETHUSDT,2,2395,0.0528679383026,1
5.89441416667,2022-01-24T18:53:39.891Z,ETHUSDT,2,2394.05,0.0524711999046,1
5.89734888889,2022-01-24T18:53:50.456Z,ETHUSDT,2,2395,0.0528679383026,1
5.89742527778,2022-01-24T18:53:50.731Z,ETHUSDT,2,2395,0.0528679383026,1
5.89756805556,2022-01-24T18:53:51.245Z,ETHUSDT,2,2395,0.0528679383026,1
5.89762444444,2022-01-24T18:53:51.448Z,ETHUSDT,2,2395,0.0528679383026,1
5.91940361111,2022-01-24T18:55:09.853Z,ETHUSDT,2,2394.35,0.0525965027199,1
5.93326027778,2022-01-24T18:55:59.737Z,ETHUSDT,2,2390.15,0.0508408329199,1
5.93326055556,2022-01-24T18:55:59.738Z,ETHUSDT,2,2390.15,0.0508408329199,1
5.93326527778,2022-01-24T18:55:59.755Z,ETHUSDT,2,2389.39705882,0.0505257649131,4
5.93335916667,2022-01-24T18:56:00.093Z,ETHUSDT,2,2387.84047619,0.0498740984734,2
5.93370916667,2022-01-24T18:56:01.353Z,ETHUSDT,2,2381.35,0.0471522612014,1
5.93373388889,2022-01-24T18:56:01.442Z,ETHUSDT,2,2381.4,0.0471732574746,2
5.9477475,2022-01-24T18:56:51.891Z,ETHUSDT,2,2385.25,0.0487886480895,2
5.94775111111,2022-01-24T18:56:51.904Z,ETHUSDT,2,2385.25,0.0487886480895,1
5.94775444444,2022-01-24T18:56:51.916Z,ETHUSDT,2,2385.25,0.0487886480895,1
5.94775666667,2022-01-24T18:56:51.924Z,ETHUSDT,2,2385.25,0.0487886480895,1
5.94775861111,2022-01-24T18:56:51.931Z,ETHUSDT,2,2385.25,0.0487886480895,1
5.94775944444,2022-01-24T18:56:51.934Z,ETHUSDT,2,2385.25,0.0487886480895,1
5.94776027778,2022-01-24T18:56:51.937Z,ETHUSDT,2,2385.25,0.0487886480895,1
5.95082138889,2022-01-24T18:57:02.957Z,ETHUSDT,2,2384.9,0.0486419021798,1
5.950845,2022-01-24T18:57:03.042Z,ETHUSDT,2,2384.9,0.0486419021798,1
5.95263944444,2022-01-24T18:57:09.502Z,ETHUSDT,2,2384.8,0.0485999708214,1
5.95326777778,2022-01-24T18:57:11.764Z,ETHUSDT,2,2384.8,0.0485999708214,1
5.9567225,2022-01-24T18:57:24.201Z,ETHUSDT,2,2384.95,0.0486628671996,1
5.95673777778,2022-01-24T18:57:24.256Z,ETHUSDT,2,2384.95,0.0486628671996,1
5.95677361111,2022-01-24T18:57:24.385Z,ETHUSDT,2,2384.95,0.0486628671996,1
5.95678194444,2022-01-24T18:57:24.415Z,ETHUSDT,2,2384.95,0.0486628671996,1
5.95679361111,2022-01-24T18:57:24.457Z,ETHUSDT,2,2384.95,0.0486628671996,1
5.95681472222,2022-01-24T18:57:24.533Z,ETHUSDT,2,2384.95,0.0486628671996,1
5.95723888889,2022-01-24T18:57:26.060Z,ETHUSDT,2,2387,0.0495220547964,1
5.95882666667,2022-01-24T18:57:31.776Z,ETHUSDT,2,2387,0.0495220547964,1
5.95951361111,2022-01-24T18:57:34.249Z,ETHUSDT,2,2387,0.0495220547964,1
5.95952,2022-01-24T18:57:34.272Z,ETHUSDT,2,2387,0.0495220547964,1
5.95964166667,2022-01-24T18:57:34.710Z,ETHUSDT,2,2387,0.0495220547964,1
5.96301583333,2022-01-24T18:57:46.857Z,ETHUSDT,2,2386.55,0.0493335158678,1
5.96854444444,2022-01-24T18:58:06.760Z,ETHUSDT,2,2382.95,0.0478239233806,1
5.97014166667,2022-01-24T18:58:12.510Z,ETHUSDT,2,2382.7,0.0477190058981,1
5.98309138889,2022-01-24T18:58:59.129Z,ETHUSDT,2,2382.1,0.0474671590197,1
5.98566083333,2022-01-24T18:59:08.379Z,ETHUSDT,2,2383.9,0.0482225094543,1
5.98635916667,2022-01-24T18:59:10.893Z,ETHUSDT,2,2383.9,0.0482225094543,1
5.99466361111,2022-01-24T18:59:40.789Z,ETHUSDT,2,2384.75,0.0485790044829,1
5.9946825,2022-01-24T18:59:40.857Z,ETHUSDT,2,2384.7,0.0485580377047,1
5.99563416667,2022-01-24T18:59:44.283Z,ETHUSDT,2,2387.75,0.0498362073724,1
5.99565444444,2022-01-24T18:59:44.356Z,ETHUSDT,2,2387.75,0.0498362073724,1
5.99565666667,2022-01-24T18:59:44.364Z,ETHUSDT,2,2387.79791667,0.0498562748777,2
5.99596833333,2022-01-24T18:59:45.486Z,ETHUSDT,2,2388.35,0.0500874583944,1
6.04442194444,2022-01-24T19:02:39.919Z,ETHUSDT,2,2395.15,0.0529305668215,1
6.04832861111,2022-01-24T19:02:53.983Z,ETHUSDT,2,2396.55,0.0535149105992,1
6.04833111111,2022-01-24T19:02:53.992Z,ETHUSDT,2,2396.55,0.0535149105992,1
6.06008055556,2022-01-24T19:03:36.290Z,ETHUSDT,2,2388.9,0.050317716389,1
6.13011,2022-01-24T19:07:48.396Z,ETHUSDT,2,2386.25,0.0492078034975,1
6.13011138889,2022-01-24T19:07:48.401Z,ETHUSDT,2,2386.25,0.0492078034975,1
6.13122805556,2022-01-24T19:07:52.421Z,ETHUSDT,2,2386.25,0.0492078034975,1
6.18340833333,2022-01-24T19:11:00.270Z,ETHUSDT,2,2380.45,0.0467742528808,1
6.18341361111,2022-01-24T19:11:00.289Z,ETHUSDT,2,2381.25,0.0471102673325,1
6.20696444444,2022-01-24T19:12:25.072Z,ETHUSDT,2,2375.95,0.0448820649476,1
6.22539888889,2022-01-24T19:13:31.436Z,ETHUSDT,2,2369.65,0.0422269723562,1
6.22760194444,2022-01-24T19:13:39.367Z,ETHUSDT,2,2369.8,0.0422902708402,1
6.2276425,2022-01-24T19:13:39.513Z,ETHUSDT,2,2369.8,0.0422902708402,1
6.22764972222,2022-01-24T19:13:39.539Z,ETHUSDT,2,2369.8,0.0422902708402,1
6.22766305556,2022-01-24T19:13:39.587Z,ETHUSDT,2,2369.8,0.0422902708402,1
6.227665,2022-01-24T19:13:39.594Z,ETHUSDT,2,2369.8,0.0422902708402,1
6.22770083333,2022-01-24T19:13:39.723Z,ETHUSDT,2,2369.8,0.0422902708402,1
6.26820194444,2022-01-24T19:16:05.527Z,ETHUSDT,2,2365.6,0.0405163969958,1
6.27515611111,2022-01-24T19:16:30.562Z,ETHUSDT,2,2364.25,0.0399455543532,1
6.27520416667,2022-01-24T19:16:30.735Z,ETHUSDT,2,2364.25,0.0399455543532,1
6.275215,2022-01-24T19:16:30.774Z,ETHUSDT,2,2364.25,0.0399455543532,1
6.27522111111,2022-01-24T19:16:30.796Z,ETHUSDT,2,2364.25,0.0399455543532,1
6.2752275,2022-01-24T19:16:30.819Z,ETHUSDT,2,2364.25,0.0399455543532,1
6.275235,2022-01-24T19:16:30.846Z,ETHUSDT,2,2364.25,0.0399455543532,1
6.27523611111,2022-01-24T19:16:30.850Z,ETHUSDT,2,2364.25,0.0399455543532,1
6.27523861111,2022-01-24T19:16:30.859Z,ETHUSDT,2,2364.25,0.0399455543532,1
6.27524,2022-01-24T19:16:30.864Z,ETHUSDT,2,2364.25,0.0399455543532,1
6.27524388889,2022-01-24T19:16:30.878Z,ETHUSDT,2,2364.25,0.0399455543532,1
6.27525361111,2022-01-24T19:16:30.913Z,ETHUSDT,2,2364.25,0.0399455543532,1
6.27525472222,2022-01-24T19:16:30.917Z,ETHUSDT,2,2364.25,0.0399455543532,1
6.27525555556,2022-01-24T19:16:30.920Z,ETHUSDT,2,2364.25,0.0399455543532,1
6.27526222222,2022-01-24T19:16:30.944Z,ETHUSDT,2,2364.25,0.0399455543532,1
6.27526611111,2022-01-24T19:16:30.958Z,ETHUSDT,2,2364.25,0.0399455543532,1
6.27528972222,2022-01-24T19:16:31.043Z,ETHUSDT,2,2364.25,0.0399455543532,1
6.27529055556,2022-01-24T19:16:31.046Z,ETHUSDT,2,2364.25,0.0399455543532,1
6.27529944444,2022-01-24T19:16:31.078Z,ETHUSDT,2,2364.25,0.0399455543532,1
6.27531527778,2022-01-24T19:16:31.135Z,ETHUSDT,2,2364.25,0.0399455543532,1
6.27531583333,2022-01-24T19:16:31.137Z,ETHUSDT,2,2364.25,0.0399455543532,1
6.27547083333,2022-01-24T19:16:31.695Z,ETHUSDT,2,2364.25,0.0399455543532,1
6.27833111111,2022-01-24T19:16:41.992Z,ETHUSDT,2,2364.2,0.0399244057738,1
6.27833194444,2022-01-24T19:16:41.995Z,ETHUSDT,2,2364.2,0.0399244057738,1
6.27836166667,2022-01-24T19:16:42.102Z,ETHUSDT,2,2364.2,0.0399244057738,1
6.27836472222,2022-01-24T19:16:42.113Z,ETHUSDT,2,2364.2,0.0399244057738,1
6.28402333333,2022-01-24T19:17:02.484Z,ETHUSDT,2,2359.61233333,0.0379820474474,6
6.2893425,2022-01-24T19:17:21.633Z,ETHUSDT,2,2358.15,0.0373621207632,1
6.28941416667,2022-01-24T19:17:21.891Z,ETHUSDT,2,2357.55,0.037107651648,1
6.290335,2022-01-24T19:17:25.206Z,ETHUSDT,2,2357.25,0.0369803928033,1
6.29053361111,2022-01-24T19:17:25.921Z,ETHUSDT,2,2357.5,0.0370864429651,1
6.29210055556,2022-01-24T19:17:31.562Z,ETHUSDT,2,2358.35,0.0374469294137,1
6.30913416667,2022-01-24T19:18:32.883Z,ETHUSDT,2,2356.45,0.0366409566883,1
6.32149805556,2022-01-24T19:19:17.393Z,ETHUSDT,2,2356.5,0.0366621748213,1
6.32213388889,2022-01-24T19:19:19.682Z,ETHUSDT,2,2358.35,0.0374469294137,1
6.32213472222,2022-01-24T19:19:19.685Z,ETHUSDT,2,2358.35,0.0374469294137,1
6.32213583333,2022-01-24T19:19:19.689Z,ETHUSDT,2,2358.35,0.0374469294137,1
6.32214611111,2022-01-24T19:19:19.726Z,ETHUSDT,2,2358.35,0.0374469294137,1
6.32215722222,2022-01-24T19:19:19.766Z,ETHUSDT,2,2358.35,0.0374469294137,1
6.32216,2022-01-24T19:19:19.776Z,ETHUSDT,2,2358.35,0.0374469294137,1
6.32216555556,2022-01-24T19:19:19.796Z,ETHUSDT,2,2358.35,0.0374469294137,1
6.32219277778,2022-01-24T19:19:19.894Z,ETHUSDT,2,2358.35,0.0374469294137,1
6.32219527778,2022-01-24T19:19:19.903Z,ETHUSDT,2,2358.35,0.0374469294137,1
6.33652027778,2022-01-24T19:20:11.473Z,ETHUSDT,2,2359.95,0.0381251398121,1
6.33652138889,2022-01-24T19:20:11.477Z,ETHUSDT,2,2359.95,0.0381251398121,1
6.33831916667,2022-01-24T19:20:17.949Z,ETHUSDT,2,2363.55,0.0396494335337,1
6.34602027778,2022-01-24T19:20:45.673Z,ETHUSDT,2,2370.15,0.0424379517232,1
6.34602888889,2022-01-24T19:20:45.704Z,ETHUSDT,2,2370.15,0.0424379517232,1
6.34603611111,2022-01-24T19:20:45.730Z,ETHUSDT,2,2370.15,0.0424379517232,1
6.38279,2022-01-24T19:22:58.044Z,ETHUSDT,2,2361.6,0.0388240628637,1
6.38279194444,2022-01-24T19:22:58.051Z,ETHUSDT,2,2361.6,0.0388240628637,1
6.38599888889,2022-01-24T19:23:09.596Z,ETHUSDT,2,2359.86165049,0.0380877020832,5
6.38600305556,2022-01-24T19:23:09.611Z,ETHUSDT,2,2359.65,0.0379980103942,1
6.38611222222,2022-01-24T19:23:10.004Z,ETHUSDT,2,2359.85,0.0380827651352,1
6.38612194444,2022-01-24T19:23:10.039Z,ETHUSDT,2,2359.85,0.0380827651352,1
6.38625722222,2022-01-24T19:23:10.526Z,ETHUSDT,2,2358.45,0.0374893310419,1
6.38880805556,2022-01-24T19:23:19.709Z,ETHUSDT,2,2355.5,0.0362377265976,1
6.38880861111,2022-01-24T19:23:19.711Z,ETHUSDT,2,2355.5,0.0362377265976,1
6.38881083333,2022-01-24T19:23:19.719Z,ETHUSDT,2,2355.45,0.0362164994566,1
6.38881166667,2022-01-24T19:23:19.722Z,ETHUSDT,2,2355.45,0.0362164994566,1
6.38889416667,2022-01-24T19:23:20.019Z,ETHUSDT,2,2353.55,0.0354095340274,1
6.38889611111,2022-01-24T19:23:20.026Z,ETHUSDT,2,2353.25132743,0.03528262297,4
6.38902888889,2022-01-24T19:23:20.504Z,ETHUSDT,2,2351.8,0.0346656998469,1
6.38915194444,2022-01-24T19:23:20.947Z,ETHUSDT,2,2346.027,0.0322079665561,4
6.39615222222,2022-01-24T19:23:46.148Z,ETHUSDT,2,2354.35,0.0357493883181,1
6.43880861111,2022-01-24T19:26:19.711Z,ETHUSDT,2,2355.7875,0.036359773915,2
6.43899111111,2022-01-24T19:26:20.368Z,ETHUSDT,2,2356.05,0.0364711954147,1
6.45055138889,2022-01-24T19:27:01.985Z,ETHUSDT,2,2352.45,0.0349420457061,1
6.45056083333,2022-01-24T19:27:02.019Z,ETHUSDT,2,2352.3,0.0348782803625,1
6.45175527778,2022-01-24T19:27:06.319Z,ETHUSDT,2,2354.52222222,0.0358225362882,2
6.46048138889,2022-01-24T19:27:37.733Z,ETHUSDT,2,2353.25,0.0352820588849,1
6.4611725,2022-01-24T19:27:40.221Z,ETHUSDT,2,2353.25,0.0352820588849,1
6.46118111111,2022-01-24T19:27:40.252Z,ETHUSDT,2,2353.25,0.0352820588849,1
6.46124166667,2022-01-24T19:27:40.470Z,ETHUSDT,2,2353.25,0.0352820588849,1
6.46124916667,2022-01-24T19:27:40.497Z,ETHUSDT,2,2353.25,0.0352820588849,1
6.46125361111,2022-01-24T19:27:40.513Z,ETHUSDT,2,2353.25,0.0352820588849,1
6.46128583333,2022-01-24T19:27:40.629Z,ETHUSDT,2,2353.25,0.0352820588849,1
6.46168277778,2022-01-24T19:27:42.058Z,ETHUSDT,2,2353.25,0.0352820588849,1
6.46169888889,2022-01-24T19:27:42.116Z,ETHUSDT,2,2353.25,0.0352820588849,1
6.46171111111,2022-01-24T19:27:42.160Z,ETHUSDT,2,2353.25,0.0352820588849,1
6.46171611111,2022-01-24T19:27:42.178Z,ETHUSDT,2,2353.25,0.0352820588849,1
6.46171694444,2022-01-24T19:27:42.181Z,ETHUSDT,2,2353.25,0.0352820588849,1
6.46171916667,2022-01-24T19:27:42.189Z,ETHUSDT,2,2353.25,0.0352820588849,1
6.46171972222,2022-01-24T19:27:42.191Z,ETHUSDT,2,2353.25,0.0352820588849,1
6.46172055556,2022-01-24T19:27:42.194Z,ETHUSDT,2,2353.25,0.0352820588849,1
6.46565944444,2022-01-24T19:27:56.374Z,ETHUSDT,2,2354.5,0.0358130981411,1
6.48377083333,2022-01-24T19:29:01.575Z,ETHUSDT,2,2355.25,0.0361315863863,1
6.48378527778,2022-01-24T19:29:01.627Z,ETHUSDT,2,2355.25,0.0361315863863,1
6.48379333333,2022-01-24T19:29:01.656Z,ETHUSDT,2,2355.65,0.0363014053173,1
6.50247583333,2022-01-24T19:30:08.913Z,ETHUSDT,2,2359.8,0.0380615771234,1
6.50247916667,2022-01-24T19:30:08.925Z,ETHUSDT,2,2359.8,0.0380615771234,1
6.50482277778,2022-01-24T19:30:17.362Z,ETHUSDT,2,2359.3,0.0378496723102,1
6.50617111111,2022-01-24T19:30:22.216Z,ETHUSDT,2,2358.3685,0.0374547738505,3
6.50630805556,2022-01-24T19:30:22.709Z,ETHUSDT,2,2361.15,0.0386334959265,1
6.50639472222,2022-01-24T19:30:23.021Z,ETHUSDT,2,2362.4,0.0391627588872,1
6.50640638889,2022-01-24T19:30:23.063Z,ETHUSDT,2,2362.4,0.0391627588872,1
6.50786333333,2022-01-24T19:30:28.308Z,ETHUSDT,2,2366.2,0.0407700002771,1
6.50791555556,2022-01-24T19:30:28.496Z,ETHUSDT,2,2366.15,0.0407488691266,1
6.51210638889,2022-01-24T19:30:43.583Z,ETHUSDT,2,2367.25,0.0412136513211,1
6.52055638889,2022-01-24T19:31:14.003Z,ETHUSDT,2,2362.3,0.0391204281572,1
6.52947722222,2022-01-24T19:31:46.118Z,ETHUSDT,2,2361.6005,0.0388242745845,3
6.53220527778,2022-01-24T19:31:55.939Z,ETHUSDT,2,2363.65,0.0396917418769,1
6.56788861111,2022-01-24T19:34:04.399Z,ETHUSDT,2,2358.36916667,0.0374550565317,5
6.56949527778,2022-01-24T19:34:10.183Z,ETHUSDT,2,2358.55,0.0375317308723,2
6.58489638889,2022-01-24T19:35:05.627Z,ETHUSDT,2,2352.45,0.0349420457061,1
6.58489777778,2022-01-24T19:35:05.632Z,ETHUSDT,2,2352.45,0.0349420457061,1
6.58489916667,2022-01-24T19:35:05.637Z,ETHUSDT,2,2352.45,0.0349420457061,1
6.58498916667,2022-01-24T19:35:05.961Z,ETHUSDT,2,2350.16866667,0.0339718060698,6
6.59165083333,2022-01-24T19:35:29.943Z,ETHUSDT,2,2349.003,0.0334756902548,8
6.61902333333,2022-01-24T19:37:08.484Z,ETHUSDT,2,2350.55,0.0341340507652,1
6.61917027778,2022-01-24T19:37:09.013Z,ETHUSDT,2,2350.55,0.0341340507652,1
6.61917111111,2022-01-24T19:37:09.016Z,ETHUSDT,2,2350.55,0.0341340507652,1
6.61917305556,2022-01-24T19:37:09.023Z,ETHUSDT,2,2350.55,0.0341340507652,1
6.61918555556,2022-01-24T19:37:09.068Z,ETHUSDT,2,2350.55,0.0341340507652,1
6.61918638889,2022-01-24T19:37:09.071Z,ETHUSDT,2,2350.55,0.0341340507652,1
6.61918694444,2022-01-24T19:37:09.073Z,ETHUSDT,2,2350.55,0.0341340507652,1
6.61918777778,2022-01-24T19:37:09.076Z,ETHUSDT,2,2350.55,0.0341340507652,1
6.61919694444,2022-01-24T19:37:09.109Z,ETHUSDT,2,2350.55,0.0341340507652,1
6.6191975,2022-01-24T19:37:09.111Z,ETHUSDT,2,2350.55,0.0341340507652,1
6.61920555556,2022-01-24T19:37:09.140Z,ETHUSDT,2,2350.55,0.0341340507652,1
6.61920583333,2022-01-24T19:37:09.141Z,ETHUSDT,2,2350.55,0.0341340507652,1
6.62322388889,2022-01-24T19:37:23.606Z,ETHUSDT,2,2349.1,0.0335169835173,1
6.62322916667,2022-01-24T19:37:23.625Z,ETHUSDT,2,2349.1,0.0335169835173,1
6.6232325,2022-01-24T19:37:23.637Z,ETHUSDT,2,2349.1,0.0335169835173,1
6.62323277778,2022-01-24T19:37:23.638Z,ETHUSDT,2,2349.1,0.0335169835173,1
6.623235,2022-01-24T19:37:23.646Z,ETHUSDT,2,2349.1,0.0335169835173,1
6.62344527778,2022-01-24T19:37:24.403Z,ETHUSDT,2,2348.85,0.0334105541171,1
6.62345222222,2022-01-24T19:37:24.428Z,ETHUSDT,2,2348.85,0.0334105541171,1
6.62900277778,2022-01-24T19:37:44.410Z,ETHUSDT,2,2346.45,0.0323882551334,1
6.69066694444,2022-01-24T19:41:26.401Z,ETHUSDT,2,2349.8,0.033814925591,1
6.70495972222,2022-01-24T19:42:17.855Z,ETHUSDT,2,2355.20625,0.036113010691,3
6.70496444444,2022-01-24T19:42:17.872Z,ETHUSDT,2,2355.55,0.0362589532881,1
6.70781861111,2022-01-24T19:42:28.147Z,ETHUSDT,2,2354.75,0.0359192721605,1
6.73730777778,2022-01-24T19:44:14.308Z,ETHUSDT,2,2353.5,0.0353882892987,1
6.75707027778,2022-01-24T19:45:25.453Z,ETHUSDT,2,2348.65,0.0333254024406,1
6.75707416667,2022-01-24T19:45:25.467Z,ETHUSDT,2,2348.65,0.0333254024406,1
6.75796416667,2022-01-24T19:45:28.671Z,ETHUSDT,2,2348.65,0.0333254024406,1
6.75796555556,2022-01-24T19:45:28.676Z,ETHUSDT,2,2348.65,0.0333254024406,1
6.76836944444,2022-01-24T19:46:06.130Z,ETHUSDT,2,2344.1,0.0313862403605,1
6.76837194444,2022-01-24T19:46:06.139Z,ETHUSDT,2,2344.1,0.0313862403605,1
6.76866861111,2022-01-24T19:46:07.207Z,ETHUSDT,2,2342.6,0.0307461310933,1
6.77374444444,2022-01-24T19:46:25.480Z,ETHUSDT,2,2343.2,0.0310022239711,1
6.773745,2022-01-24T19:46:25.482Z,ETHUSDT,2,2343.2,0.0310022239711,1
6.77388805556,2022-01-24T19:46:25.997Z,ETHUSDT,2,2344.45,0.0315355402509,1
6.79355,2022-01-24T19:47:36.780Z,ETHUSDT,2,2347.75,0.0329421301423,1
6.79833555556,2022-01-24T19:47:54.008Z,ETHUSDT,2,2347.75,0.0329421301423,1
6.79834194444,2022-01-24T19:47:54.031Z,ETHUSDT,2,2347.75,0.0329421301423,2
6.79837472222,2022-01-24T19:47:54.149Z,ETHUSDT,2,2347.75,0.0329421301423,1
6.80235861111,2022-01-24T19:48:08.491Z,ETHUSDT,2,2346.4,0.0323669461208,1
6.80261138889,2022-01-24T19:48:09.401Z,ETHUSDT,2,2346.4,0.0323669461208,1
6.80269083333,2022-01-24T19:48:09.687Z,ETHUSDT,2,2347.55,0.0328569385677,1
6.82663972222,2022-01-24T19:49:35.903Z,ETHUSDT,2,2359.65,0.0379980103942,1
6.82664305556,2022-01-24T19:49:35.915Z,ETHUSDT,2,2359.65,0.0379980103942,1
6.8270075,2022-01-24T19:49:37.227Z,ETHUSDT,2,2363,0.0394167056444,1
6.833975,2022-01-24T19:50:02.310Z,ETHUSDT,2,2367.1456,0.0411695485427,3
6.83524166667,2022-01-24T19:50:06.870Z,ETHUSDT,2,2363.1292,0.0394713804087,9
6.84900527778,2022-01-24T19:50:56.419Z,ETHUSDT,2,2361.13461538,0.0386269801755,2
6.84906944444,2022-01-24T19:50:56.650Z,ETHUSDT,2,2361.75,0.0388875771068,1
6.84911222222,2022-01-24T19:50:56.804Z,ETHUSDT,2,2362.75,0.0393109023327,1
6.85454833333,2022-01-24T19:51:16.374Z,ETHUSDT,2,2366.3,0.0408122612385,1
6.86971583333,2022-01-24T19:52:10.977Z,ETHUSDT,2,2368.2,0.0416148803544,1
6.87514361111,2022-01-24T19:52:30.517Z,ETHUSDT,2,2363.8,0.0397552010357,1
6.89467666667,2022-01-24T19:53:40.836Z,ETHUSDT,2,2364.7,0.0401358714431,1
6.89468694444,2022-01-24T19:53:40.873Z,ETHUSDT,2,2364.7,0.0401358714431,1
6.91806222222,2022-01-24T19:55:05.024Z,ETHUSDT,2,2367.5,0.0413192535178,1
6.91816916667,2022-01-24T19:55:05.409Z,ETHUSDT,2,2366.6,0.040939033408,1
6.91900111111,2022-01-24T19:55:08.404Z,ETHUSDT,2,2366.75,0.0410024134665,1
6.94043,2022-01-24T19:56:25.548Z,ETHUSDT,2,2375.5,0.0446926490845,1
6.94043138889,2022-01-24T19:56:25.553Z,ETHUSDT,2,2375.5,0.0446926490845,1
6.94043305556,2022-01-24T19:56:25.559Z,ETHUSDT,2,2375.5,0.0446926490845,1
6.98480638889,2022-01-24T19:59:05.303Z,ETHUSDT,2,2375.4,0.0446505517977,1
6.9873725,2022-01-24T19:59:14.541Z,ETHUSDT,2,2379.85,0.0465221679268,1
0.0288794444444,2022-01-24T13:01:43.966Z,LTCUSDT,3,100.23,-0.0226024146,1
0.0298761111111,2022-01-24T13:01:47.554Z,LTCUSDT,3,99.22,-0.0327303527639,1
0.0298805555556,2022-01-24T13:01:47.570Z,LTCUSDT,3,99.22,-0.0327303527639,1
0.0300175,2022-01-24T13:01:48.063Z,LTCUSDT,3,99.01,-0.0348491045023,1
0.0303747222222,2022-01-24T13:01:49.349Z,LTCUSDT,3,98.91,-0.035859613885,1
0.0307027777778,2022-01-24T13:01:50.530Z,LTCUSDT,3,98.95,-0.0354552875882,1
0.0308561111111,2022-01-24T13:01:51.082Z,LTCUSDT,3,98.95,-0.0354552875882,1
0.0313947222222,2022-01-24T13:01:53.021Z,LTCUSDT,3,99.75,-0.0274029038668,1
0.0313975,2022-01-24T13:01:53.031Z,LTCUSDT,3,98.9582278481,-0.0353721394726,2
0.0314380555556,2022-01-24T13:01:53.177Z,LTCUSDT,3,98.93,-0.0356574303016,1
0.0314925,2022-01-24T13:01:53.373Z,LTCUSDT,3,99.04,-0.0345461507005,1
0.0315013888889,2022-01-24T13:01:53.405Z,LTCUSDT,3,99.04,-0.0345461507005,1
0.0316136111111,2022-01-24T13:01:53.809Z,LTCUSDT,3,99.02,-0.0347481097035,1
0.0317558333333,2022-01-24T13:01:54.321Z,LTCUSDT,3,99.12,-0.0337387223159,1
0.0318772222222,2022-01-24T13:01:54.758Z,LTCUSDT,3,99.12,-0.0337387223159,1
0.0320038888889,2022-01-24T13:01:55.214Z,LTCUSDT,3,99.12,-0.0337387223159,1
0.0585666666667,2022-01-24T13:03:30.840Z,LTCUSDT,3,98.7,-0.0379850131973,1
0.0586652777778,2022-01-24T13:03:31.195Z,LTCUSDT,3,98.08,-0.0442864874489,1
0.0587016666667,2022-01-24T13:03:31.326Z,LTCUSDT,3,98.08,-0.0442864874489,1
0.0587111111111,2022-01-24T13:03:31.360Z,LTCUSDT,3,98.08,-0.0442864874489,1
0.0588347222222,2022-01-24T13:03:31.805Z,LTCUSDT,3,98.3,-0.0420459324836,1
0.0595016666667,2022-01-24T13:03:34.206Z,LTCUSDT,3,97.98,-0.0453065834263,1
0.0595352777778,2022-01-24T13:03:34.327Z,LTCUSDT,3,97.98,-0.0453065834263,1
0.0595397222222,2022-01-24T13:03:34.343Z,LTCUSDT,3,97.98,-0.0453065834263,1
0.0595444444444,2022-01-24T13:03:34.360Z,LTCUSDT,3,97.98,-0.0453065834263,1
0.0652775,2022-01-24T13:03:54.999Z,LTCUSDT,3,97.67,-0.0484755101774,1
0.0827613888889,2022-01-24T13:04:57.941Z,LTCUSDT,3,97.56,-0.049602386289,1
0.0855763888889,2022-01-24T13:05:08.075Z,LTCUSDT,3,98.31,-0.0419442082579,1
0.0866875,2022-01-24T13:05:12.075Z,LTCUSDT,3,98.31,-0.0419442082579,1
0.0878094444444,2022-01-24T13:05:16.114Z,LTCUSDT,3,98.13,-0.0437768294184,1
0.0889261111111,2022-01-24T13:05:20.134Z,LTCUSDT,3,98.13,-0.0437768294184,1
0.0900261111111,2022-01-24T13:05:24.094Z,LTCUSDT,3,98.13,-0.0437768294184,1
0.141635277778,2022-01-24T13:08:29.887Z,LTCUSDT,3,98.27,-0.0423511672624,1
0.141637777778,2022-01-24T13:08:29.896Z,LTCUSDT,3,98.27,-0.0423511672624,1
0.141724722222,2022-01-24T13:08:30.209Z,LTCUSDT,3,98.36,-0.0414357422888,1
0.151205,2022-01-24T13:09:04.338Z,LTCUSDT,3,98.63,-0.0386944846709,1
0.15368,2022-01-24T13:09:13.248Z,LTCUSDT,3,99.15,-0.033436104671,1
0.153727222222,2022-01-24T13:09:13.418Z,LTCUSDT,3,99.33679353,-0.0315539282118,3
0.153730555556,2022-01-24T13:09:13.430Z,LTCUSDT,3,99.51,-0.0298118180097,1
0.154223055556,2022-01-24T13:09:15.203Z,LTCUSDT,3,99.67,-0.0282052306574,1
0.180301388889,2022-01-24T13:10:49.085Z,LTCUSDT,3,100.06,-0.0242999535767,1
0.295576666667,2022-01-24T13:17:44.076Z,LTCUSDT,3,99.14,-0.0335369670443,1
0.302250833333,2022-01-24T13:18:08.103Z,LTCUSDT,3,99.19,-0.0330327568789,1
0.303356666667,2022-01-24T13:18:12.084Z,LTCUSDT,3,99.17,-0.0332344104387,1
0.428866111111,2022-01-24T13:25:43.918Z,LTCUSDT,3,100.09,-0.0240001784058,1
0.428943333333,2022-01-24T13:25:44.196Z,LTCUSDT,3,100.09,-0.0240001784058,1
0.440698888889,2022-01-24T13:26:26.516Z,LTCUSDT,3,100.14,-0.023500752735,1
0.440778055556,2022-01-24T13:26:26.801Z,LTCUSDT,3,100.14,-0.023500752735,1
0.440798055556,2022-01-24T13:26:26.873Z,LTCUSDT,3,100.14,-0.023500752735,1
0.448248611111,2022-01-24T13:26:53.695Z,LTCUSDT,3,100.28,-0.0221036863467,1
0.448248888889,2022-01-24T13:26:53.696Z,LTCUSDT,3,100.28,-0.0221036863467,1
0.448307222222,2022-01-24T13:26:53.906Z,LTCUSDT,3,100.38,-0.02110697541,1
0.450696388889,2022-01-24T13:27:02.507Z,LTCUSDT,3,100.25,-0.0224028934501,2
0.452473333333,2022-01-24T13:27:08.904Z,LTCUSDT,3,100.2,-0.022901770986,1
0.454261111111,2022-01-24T13:27:15.340Z,LTCUSDT,3,100.21,-0.0228019755665,1
0.4547725,2022-01-24T13:27:17.181Z,LTCUSDT,3,100.21,-0.0228019755665,1
0.471393055556,2022-01-24T13:28:17.015Z,LTCUSDT,3,99.99,-0.024999778649,1
0.564978611111,2022-01-24T13:33:53.923Z,LTCUSDT,3,99.72,-0.0277037009814,1
0.583383333333,2022-01-24T13:35:00.180Z,LTCUSDT,3,99.26,-0.0323272894775,1
0.588963333333,2022-01-24T13:35:20.268Z,LTCUSDT,3,99.33,-0.0316223194095,1
0.588973055556,2022-01-24T13:35:20.303Z,LTCUSDT,3,99.33,-0.0316223194095,1
0.589819722222,2022-01-24T13:35:23.351Z,LTCUSDT,3,99.2450847458,-0.032477565268,4
0.590983611111,2022-01-24T13:35:27.541Z,LTCUSDT,3,99.28,-0.0321258187404,1
0.591138055556,2022-01-24T13:35:28.097Z,LTCUSDT,3,99.28,-0.0321258187404,1
0.650136388889,2022-01-24T13:39:00.491Z,LTCUSDT,3,99.34,-0.0315216499576,1
0.759094166667,2022-01-24T13:45:32.739Z,LTCUSDT,3,99.38,-0.0311190734626,1
0.760559722222,2022-01-24T13:45:38.015Z,LTCUSDT,3,99.49,-0.0300128230355,1
0.761149722222,2022-01-24T13:45:40.139Z,LTCUSDT,3,99.49,-0.0300128230355,1
0.766710555556,2022-01-24T13:46:00.158Z,LTCUSDT,3,99.47,-0.0302138684724,1
0.770035555556,2022-01-24T13:46:12.128Z,LTCUSDT,3,99.41,-0.0308172474127,1
0.771138333333,2022-01-24T13:46:16.098Z,LTCUSDT,3,99.32,-0.0317229989968,1
0.931137222222,2022-01-24T13:55:52.094Z,LTCUSDT,3,99.51,-0.0298118180097,1
0.935590555556,2022-01-24T13:56:08.126Z,LTCUSDT,3,99.51,-0.0298118180097,1
0.936687222222,2022-01-24T13:56:12.074Z,LTCUSDT,3,99.53,-0.0296108533788,1
0.937801944444,2022-01-24T13:56:16.087Z,LTCUSDT,3,99.52,-0.0297113306459,1
0.938978611111,2022-01-24T13:56:20.323Z,LTCUSDT,3,99.5,-0.0299123154722,2
1.23902944444,2022-01-24T14:14:20.506Z,LTCUSDT,3,98.5,-0.0400134114587,1
1.25270194444,2022-01-24T14:15:09.727Z,LTCUSDT,3,98.93,-0.0356574303016,1
1.29709416667,2022-01-24T14:17:49.539Z,LTCUSDT,3,99.28,-0.0321258187404,1
1.30586611111,2022-01-24T14:18:21.118Z,LTCUSDT,3,99.3,-0.0319243885856,1
1.30891333333,2022-01-24T14:18:32.088Z,LTCUSDT,3,99.28,-0.0321258187404,1
1.31001777778,2022-01-24T14:18:36.064Z,LTCUSDT,3,99.26,-0.0323272894775,1
1.31207472222,2022-01-24T14:18:43.469Z,LTCUSDT,3,99.31,-0.0318236887215,1
1.31476833333,2022-01-24T14:18:53.166Z,LTCUSDT,3,99.26,-0.0323272894775,1
1.43020527778,2022-01-24T14:25:48.739Z,LTCUSDT,3,99.75,-0.0274029038668,1
1.43543361111,2022-01-24T14:26:07.561Z,LTCUSDT,3,99.71,-0.0278039867961,1
1.43544083333,2022-01-24T14:26:07.587Z,LTCUSDT,3,99.71,-0.0278039867961,1
1.43557916667,2022-01-24T14:26:08.085Z,LTCUSDT,3,99.68,-0.0281049045976,1
1.54200527778,2022-01-24T14:32:31.219Z,LTCUSDT,3,101.39,-0.0110954926723,1
1.61335861111,2022-01-24T14:36:48.091Z,LTCUSDT,3,100.43,-0.0206089922315,1
1.61447111111,2022-01-24T14:36:52.096Z,LTCUSDT,3,100.43,-0.0206089922315,1
1.76347166667,2022-01-24T14:45:48.498Z,LTCUSDT,3,100.44,-0.0205094253474,1
1.79040194444,2022-01-24T14:47:25.447Z,LTCUSDT,3,100.85,-0.0164356952365,1
1.79040861111,2022-01-24T14:47:25.471Z,LTCUSDT,3,100.85,-0.0164356952365,1
1.79040944444,2022-01-24T14:47:25.474Z,LTCUSDT,3,100.85,-0.0164356952365,1
1.79043,2022-01-24T14:47:25.548Z,LTCUSDT,3,100.85,-0.0164356952365,1
1.79045166667,2022-01-24T14:47:25.626Z,LTCUSDT,3,100.85,-0.0164356952365,1
1.79105027778,2022-01-24T14:47:27.781Z,LTCUSDT,3,100.59,-0.0190171104905,1
1.79448694444,2022-01-24T14:47:40.153Z,LTCUSDT,3,100.65,-0.018420807551,1
1.83003583333,2022-01-24T14:49:48.129Z,LTCUSDT,3,100.76,-0.0173285081524,1
1.85263555556,2022-01-24T14:51:09.488Z,LTCUSDT,3,100.16,-0.023301052285,1
2.07904944444,2022-01-24T15:04:44.578Z,LTCUSDT,3,99.63,-0.02860663558,1
2.07905027778,2022-01-24T15:04:44.581Z,LTCUSDT,3,99.63,-0.02860663558,1
2.07905138889,2022-01-24T15:04:44.585Z,LTCUSDT,3,99.63,-0.02860663558,1
2.07906027778,2022-01-24T15:04:44.617Z,LTCUSDT,3,99.63,-0.02860663558,1
2.09966666667,2022-01-24T15:05:58.800Z,LTCUSDT,3,99.78,-0.0271021972039,1
2.09976444444,2022-01-24T15:05:59.152Z,LTCUSDT,3,99.78,-0.0271021972039,1
2.16230527778,2022-01-24T15:09:44.299Z,LTCUSDT,3,99.29,-0.0320250985913,1
2.16234833333,2022-01-24T15:09:44.454Z,LTCUSDT,3,99.29,-0.0320250985913,1
2.16279111111,2022-01-24T15:09:46.048Z,LTCUSDT,3,99.29,-0.0320250985913,1
2.17191138889,2022-01-24T15:10:18.881Z,LTCUSDT,3,98.94,-0.0355563538372,1
2.171925,2022-01-24T15:10:18.930Z,LTCUSDT,3,98.94,-0.0355563538372,1
2.18221527778,2022-01-24T15:10:55.975Z,LTCUSDT,3,98.69,-0.0380863354529,1
2.18222472222,2022-01-24T15:10:56.009Z,LTCUSDT,3,98.69,-0.0380863354529,1
2.18262333333,2022-01-24T15:10:57.444Z,LTCUSDT,3,98.69,-0.0380863354529,1
2.22688333333,2022-01-24T15:13:36.780Z,LTCUSDT,3,98.66,-0.0383903638312,1
2.25472444444,2022-01-24T15:15:17.008Z,LTCUSDT,3,98.69,-0.0380863354529,1
2.2554925,2022-01-24T15:15:19.773Z,LTCUSDT,3,98.51,-0.0399118937692,1
2.27137416667,2022-01-24T15:16:16.947Z,LTCUSDT,3,98.57,-0.0393030039594,1
2.41980083333,2022-01-24T15:25:11.283Z,LTCUSDT,3,99.92,-0.0257000938194,1
2.41980777778,2022-01-24T15:25:11.308Z,LTCUSDT,3,99.92,-0.0257000938194,1
2.41985638889,2022-01-24T15:25:11.483Z,LTCUSDT,3,100.01,-0.0247997786483,1
2.41986833333,2022-01-24T15:25:11.526Z,LTCUSDT,3,100.01,-0.0247997786483,1
2.41992138889,2022-01-24T15:25:11.717Z,LTCUSDT,3,100.01,-0.0247997786483,1
2.42023388889,2022-01-24T15:25:12.842Z,LTCUSDT,3,100.1,-0.0239002733156,1
2.42138972222,2022-01-24T15:25:17.003Z,LTCUSDT,3,100.72,-0.0177255699007,1
2.4214575,2022-01-24T15:25:17.247Z,LTCUSDT,3,100.72,-0.0177255699007,1
2.4216325,2022-01-24T15:25:17.877Z,LTCUSDT,3,100.72,-0.0177255699007,1
2.42177805556,2022-01-24T15:25:18.401Z,LTCUSDT,3,100.72,-0.0177255699007,1
2.42184972222,2022-01-24T15:25:18.659Z,LTCUSDT,3,100.72,-0.0177255699007,1
2.42188111111,2022-01-24T15:25:18.772Z,LTCUSDT,3,100.72,-0.0177255699007,1
2.45113527778,2022-01-24T15:27:04.087Z,LTCUSDT,3,100.82,-0.0167332109823,1
2.55177611111,2022-01-24T15:33:06.394Z,LTCUSDT,3,102.18,-0.00333399573412,1
2.69993972222,2022-01-24T15:41:59.783Z,LTCUSDT,3,102.63,0.00106032802086,1
2.71398805556,2022-01-24T15:42:50.357Z,LTCUSDT,3,102.96,0.0042706036511,1
2.71406361111,2022-01-24T15:42:50.629Z,LTCUSDT,3,103,0.00465902859287,1
2.71406611111,2022-01-24T15:42:50.638Z,LTCUSDT,3,103,0.00465902859287,1
2.93036722222,2022-01-24T15:55:49.322Z,LTCUSDT,3,103.21,0.00669578794107,1
3.03648333333,2022-01-24T16:02:11.340Z,LTCUSDT,3,102.92,0.00388202777678,1
3.03878361111,2022-01-24T16:02:19.621Z,LTCUSDT,3,102.92,0.00388202777678,1
3.32010833333,2022-01-24T16:19:12.390Z,LTCUSDT,3,103.33,0.0078577905895,1
3.320115,2022-01-24T16:19:12.414Z,LTCUSDT,3,103.33,0.0078577905895,1
3.32013916667,2022-01-24T16:19:12.501Z,LTCUSDT,3,103.33,0.0078577905895,1
3.32013972222,2022-01-24T16:19:12.503Z,LTCUSDT,3,103.33,0.0078577905895,1
3.32014388889,2022-01-24T16:19:12.518Z,LTCUSDT,3,103.33,0.0078577905895,1
3.32014611111,2022-01-24T16:19:12.526Z,LTCUSDT,3,103.33,0.0078577905895,1
3.32014694444,2022-01-24T16:19:12.529Z,LTCUSDT,3,103.33,0.0078577905895,1
3.3201475,2022-01-24T16:19:12.531Z,LTCUSDT,3,103.33,0.0078577905895,1
3.32014805556,2022-01-24T16:19:12.533Z,LTCUSDT,3,103.33,0.0078577905895,1
3.32015,2022-01-24T16:19:12.540Z,LTCUSDT,3,103.33,0.0078577905895,1
3.32015222222,2022-01-24T16:19:12.548Z,LTCUSDT,3,103.33,0.0078577905895,1
3.32016,2022-01-24T16:19:12.576Z,LTCUSDT,3,103.33,0.0078577905895,1
3.32016055556,2022-01-24T16:19:12.578Z,LTCUSDT,3,103.33,0.0078577905895,1
3.32016277778,2022-01-24T16:19:12.586Z,LTCUSDT,3,103.33,0.0078577905895,1
3.32016333333,2022-01-24T16:19:12.588Z,LTCUSDT,3,103.33,0.0078577905895,1
3.32016416667,2022-01-24T16:19:12.591Z,LTCUSDT,3,103.33,0.0078577905895,1
3.32016833333,2022-01-24T16:19:12.606Z,LTCUSDT,3,103.33,0.0078577905895,1
3.32016888889,2022-01-24T16:19:12.608Z,LTCUSDT,3,103.33,0.0078577905895,1
3.32016944444,2022-01-24T16:19:12.610Z,LTCUSDT,3,103.33,0.0078577905895,1
3.32017027778,2022-01-24T16:19:12.613Z,LTCUSDT,3,103.33,0.0078577905895,1
3.32017111111,2022-01-24T16:19:12.616Z,LTCUSDT,3,103.33,0.0078577905895,1
3.32017194444,2022-01-24T16:19:12.619Z,LTCUSDT,3,103.33,0.0078577905895,1
3.3201725,2022-01-24T16:19:12.621Z,LTCUSDT,3,103.33,0.0078577905895,1
3.32017361111,2022-01-24T16:19:12.625Z,LTCUSDT,3,103.33,0.0078577905895,1
3.32017416667,2022-01-24T16:19:12.627Z,LTCUSDT,3,103.33,0.0078577905895,1
3.32255083333,2022-01-24T16:19:21.183Z,LTCUSDT,3,103.32,0.00776100859087,1
3.32336861111,2022-01-24T16:19:24.127Z,LTCUSDT,3,103.33,0.0078577905895,1
3.32706027778,2022-01-24T16:19:37.417Z,LTCUSDT,3,102.91,0.00378486021123,1
3.32717083333,2022-01-24T16:19:37.815Z,LTCUSDT,3,102.91,0.00378486021123,1
3.39948527778,2022-01-24T16:23:58.147Z,LTCUSDT,3,103.31,0.00766421722459,1
3.40300472222,2022-01-24T16:24:10.817Z,LTCUSDT,3,103.65,0.010949879245,1
3.41468111111,2022-01-24T16:24:52.852Z,LTCUSDT,3,103.59,0.0103708404332,1
3.41468416667,2022-01-24T16:24:52.863Z,LTCUSDT,3,103.59,0.0103708404332,1
3.49448888889,2022-01-24T16:29:40.160Z,LTCUSDT,3,103.51,0.00959826675889,1
3.51849694444,2022-01-24T16:31:06.589Z,LTCUSDT,3,103.67,0.0111428176983,1
3.51849805556,2022-01-24T16:31:06.593Z,LTCUSDT,3,103.67,0.0111428176983,1
3.51849916667,2022-01-24T16:31:06.597Z,LTCUSDT,3,103.67,0.0111428176983,1
3.5185,2022-01-24T16:31:06.600Z,LTCUSDT,3,103.67,0.0111428176983,1
3.56576777778,2022-01-24T16:33:56.764Z,LTCUSDT,3,103.1,0.00562943138615,1
3.60079694444,2022-01-24T16:36:02.869Z,LTCUSDT,3,102.85,0.0032016564622,1
3.62615861111,2022-01-24T16:37:34.171Z,LTCUSDT,3,102.35,-0.00167164752947,1
3.72359416667,2022-01-24T16:43:24.939Z,LTCUSDT,3,102.05,-0.00460707038091,1
3.97749305556,2022-01-24T16:58:38.975Z,LTCUSDT,3,101.51,-0.00991264384043,1
3.97749361111,2022-01-24T16:58:38.977Z,LTCUSDT,3,101.51,-0.00991264384043,1
3.97970027778,2022-01-24T16:58:46.921Z,LTCUSDT,3,101.36,-0.0113914236239,1
3.97972972222,2022-01-24T16:58:47.027Z,LTCUSDT,3,101.31,-0.0118848365712,1
4.15472027778,2022-01-24T17:09:16.993Z,LTCUSDT,3,101.15,-0.013465396023,1
4.15473777778,2022-01-24T17:09:17.056Z,LTCUSDT,3,100.97,-0.0152465166205,1
4.15474166667,2022-01-24T17:09:17.070Z,LTCUSDT,3,100.97,-0.0152465166205,1
4.20987666667,2022-01-24T17:12:35.556Z,LTCUSDT,3,100.68,-0.0181227893697,1
4.28246305556,2022-01-24T17:16:56.867Z,LTCUSDT,3,100.53,-0.0196137692194,1
4.28246361111,2022-01-24T17:16:56.869Z,LTCUSDT,3,100.53,-0.0196137692194,1
4.28246638889,2022-01-24T17:16:56.879Z,LTCUSDT,3,100.53,-0.0196137692194,1
4.28246694444,2022-01-24T17:16:56.881Z,LTCUSDT,3,100.53,-0.0196137692194,1
4.35624388889,2022-01-24T17:21:22.478Z,LTCUSDT,3,101.17,-0.013267689419,1
4.35697111111,2022-01-24T17:21:25.096Z,LTCUSDT,3,101.3585,-0.0114062224706,2
4.36141638889,2022-01-24T17:21:41.099Z,LTCUSDT,3,101.66,-0.00843604761801,1
4.364415,2022-01-24T17:21:51.894Z,LTCUSDT,3,101.65,-0.00853441956241,1
4.36773222222,2022-01-24T17:22:03.836Z,LTCUSDT,3,101.67,-0.0083376853497,1
4.36773694444,2022-01-24T17:22:03.853Z,LTCUSDT,3,101.67,-0.0083376853497,1
4.36779833333,2022-01-24T17:22:04.074Z,LTCUSDT,3,101.67,-0.0083376853497,1
4.36782027778,2022-01-24T17:22:04.153Z,LTCUSDT,3,101.67,-0.0083376853497,1
4.36782972222,2022-01-24T17:22:04.187Z,LTCUSDT,3,101.67,-0.0083376853497,1
4.36783027778,2022-01-24T17:22:04.189Z,LTCUSDT,3,101.67,-0.0083376853497,1
4.36783416667,2022-01-24T17:22:04.203Z,LTCUSDT,3,101.67,-0.0083376853497,1
4.36795305556,2022-01-24T17:22:04.631Z,LTCUSDT,3,101.67,-0.0083376853497,1
4.36817972222,2022-01-24T17:22:05.447Z,LTCUSDT,3,101.67,-0.0083376853497,1
4.36818166667,2022-01-24T17:22:05.454Z,LTCUSDT,3,101.67,-0.0083376853497,1
4.36823194444,2022-01-24T17:22:05.635Z,LTCUSDT,3,101.67,-0.0083376853497,1
4.36824166667,2022-01-24T17:22:05.670Z,LTCUSDT,3,101.67,-0.0083376853497,1
4.36824222222,2022-01-24T17:22:05.672Z,LTCUSDT,3,101.67,-0.0083376853497,1
4.3682625,2022-01-24T17:22:05.745Z,LTCUSDT,3,101.67,-0.0083376853497,1
4.36826861111,2022-01-24T17:22:05.767Z,LTCUSDT,3,101.67,-0.0083376853497,1
4.36827444444,2022-01-24T17:22:05.788Z,LTCUSDT,3,101.67,-0.0083376853497,1
4.36827555556,2022-01-24T17:22:05.792Z,LTCUSDT,3,101.67,-0.0083376853497,1
4.36827611111,2022-01-24T17:22:05.794Z,LTCUSDT,3,101.67,-0.0083376853497,1
4.36827805556,2022-01-24T17:22:05.801Z,LTCUSDT,3,101.67,-0.0083376853497,1
4.36827916667,2022-01-24T17:22:05.805Z,LTCUSDT,3,101.67,-0.0083376853497,1
4.36827944444,2022-01-24T17:22:05.806Z,LTCUSDT,3,101.67,-0.0083376853497,1
4.36828027778,2022-01-24T17:22:05.809Z,LTCUSDT,3,101.67,-0.0083376853497,1
4.36828055556,2022-01-24T17:22:05.810Z,LTCUSDT,3,101.67,-0.0083376853497,1
4.44247388889,2022-01-24T17:26:32.906Z,LTCUSDT,3,101.41,-0.0108982540129,1
4.474935,2022-01-24T17:28:29.766Z,LTCUSDT,3,101.94,-0.00568555472487,1
4.47880166667,2022-01-24T17:28:43.686Z,LTCUSDT,3,102.39,-0.00128090805004,1
4.47880361111,2022-01-24T17:28:43.693Z,LTCUSDT,3,102.39,-0.00128090805004,1
4.51362388889,2022-01-24T17:30:49.046Z,LTCUSDT,3,102.4,-0.00118324703136,1
4.54539611111,2022-01-24T17:32:43.426Z,LTCUSDT,3,102.47,-0.000499886825141,1
4.56577166667,2022-01-24T17:33:56.778Z,LTCUSDT,3,102.67,0.00145000167411,1
4.56579666667,2022-01-24T17:33:56.868Z,LTCUSDT,3,102.67,0.00145000167411,1
4.64342,2022-01-24T17:38:36.312Z,LTCUSDT,3,103.06,0.00524138326331,1
4.64343861111,2022-01-24T17:38:36.379Z,LTCUSDT,3,103.15,0.00611427988049,1
4.64345777778,2022-01-24T17:38:36.448Z,LTCUSDT,3,103.29,0.00747060638177,1
4.64346722222,2022-01-24T17:38:36.482Z,LTCUSDT,3,103.62,0.0106604017499,1
4.6434975,2022-01-24T17:38:36.591Z,LTCUSDT,3,103.35,0.00805132649101,1
4.64510138889,2022-01-24T17:38:42.365Z,LTCUSDT,3,104.19,0.0161461957873,1
4.69431527778,2022-01-24T17:41:39.535Z,LTCUSDT,3,104.48,0.0189257058914,1
4.69432222222,2022-01-24T17:41:39.560Z,LTCUSDT,3,104.48,0.0189257058914,1
4.80157472222,2022-01-24T17:48:05.669Z,LTCUSDT,3,105.14,0.0252228357545,1
4.80161,2022-01-24T17:48:05.796Z,LTCUSDT,3,105.14,0.0252228357545,1
4.80161166667,2022-01-24T17:48:05.802Z,LTCUSDT,3,105.14,0.0252228357545,1
4.80179694444,2022-01-24T17:48:06.469Z,LTCUSDT,3,105.14,0.0252228357545,1
4.80189833333,2022-01-24T17:48:06.834Z,LTCUSDT,3,105.14,0.0252228357545,1
4.80190611111,2022-01-24T17:48:06.862Z,LTCUSDT,3,105.14,0.0252228357545,1
4.81284722222,2022-01-24T17:48:46.250Z,LTCUSDT,3,105.24,0.0261734965353,1
4.81285111111,2022-01-24T17:48:46.264Z,LTCUSDT,3,105.24,0.0261734965353,1
4.81287277778,2022-01-24T17:48:46.342Z,LTCUSDT,3,105.24,0.0261734965353,1
4.81287416667,2022-01-24T17:48:46.347Z,LTCUSDT,3,105.24,0.0261734965353,1
4.81780111111,2022-01-24T17:49:04.084Z,LTCUSDT,3,105.23,0.026078471116,1
4.81891,2022-01-24T17:49:08.076Z,LTCUSDT,3,105.22,0.0259834366659,1
4.82114277778,2022-01-24T17:49:16.114Z,LTCUSDT,3,105.22,0.0259834366659,1
4.82234388889,2022-01-24T17:49:20.438Z,LTCUSDT,3,105.22,0.0259834366659,1
4.82319861111,2022-01-24T17:49:23.515Z,LTCUSDT,3,105.2,0.0257933406668,1
4.83436666667,2022-01-24T17:50:03.720Z,LTCUSDT,3,104.780925,0.021801782325,4
4.83794444444,2022-01-24T17:50:16.600Z,LTCUSDT,3,104.77,0.0216975117281,1
4.83897416667,2022-01-24T17:50:20.307Z,LTCUSDT,3,104.74,0.0214111292146,1
4.90609861111,2022-01-24T17:54:21.955Z,LTCUSDT,3,105.68,0.0303457005773,1
4.90631194444,2022-01-24T17:54:22.723Z,LTCUSDT,3,105.86,0.0320475067931,1
4.99507027778,2022-01-24T17:59:42.253Z,LTCUSDT,3,105.58,0.0293989997587,1
4.99507722222,2022-01-24T17:59:42.278Z,LTCUSDT,3,105.58,0.0293989997587,1
4.99558,2022-01-24T17:59:44.088Z,LTCUSDT,3,105.58,0.0293989997587,1
4.99668722222,2022-01-24T17:59:48.074Z,LTCUSDT,3,105.58,0.0293989997587,1
5.00052805556,2022-01-24T18:00:01.901Z,LTCUSDT,3,105.57,0.0293042803648,1
5.00140222222,2022-01-24T18:00:05.048Z,LTCUSDT,3,105.56,0.0292095519984,1
5.02629277778,2022-01-24T18:01:34.654Z,LTCUSDT,3,104.82,0.0221746337373,1
5.02630083333,2022-01-24T18:01:34.683Z,LTCUSDT,3,104.82,0.0221746337373,1
5.14537972222,2022-01-24T18:08:43.367Z,LTCUSDT,3,106.5,0.0380750255127,1
5.14540583333,2022-01-24T18:08:43.461Z,LTCUSDT,3,106.5,0.0380750255127,1
5.14540861111,2022-01-24T18:08:43.471Z,LTCUSDT,3,106.5,0.0380750255127,1
5.14542361111,2022-01-24T18:08:43.525Z,LTCUSDT,3,106.5,0.0380750255127,1
5.21575583333,2022-01-24T18:12:56.721Z,LTCUSDT,3,106.67,0.0396699970006,1
5.21585416667,2022-01-24T18:12:57.075Z,LTCUSDT,3,106.67,0.0396699970006,1
5.2158975,2022-01-24T18:12:57.231Z,LTCUSDT,3,106.67,0.0396699970006,1
5.2159,2022-01-24T18:12:57.240Z,LTCUSDT,3,106.67,0.0396699970006,1
5.21599861111,2022-01-24T18:12:57.595Z,LTCUSDT,3,106.67,0.0396699970006,1
5.21607277778,2022-01-24T18:12:57.862Z,LTCUSDT,3,106.67,0.0396699970006,1
5.24700916667,2022-01-24T18:14:49.233Z,LTCUSDT,3,106.97,0.0424784616813,1
5.25950472222,2022-01-24T18:15:34.217Z,LTCUSDT,3,106.93,0.0421044551318,1
5.25951222222,2022-01-24T18:15:34.244Z,LTCUSDT,3,106.93,0.0421044551318,1
5.25958333333,2022-01-24T18:15:34.500Z,LTCUSDT,3,106.93,0.0421044551318,1
5.29309861111,2022-01-24T18:17:35.155Z,LTCUSDT,3,107.82,0.0503932103868,1
5.29324611111,2022-01-24T18:17:35.686Z,LTCUSDT,3,108.14,0.0533567243171,1
5.34312472222,2022-01-24T18:20:35.249Z,LTCUSDT,3,107.88,0.0509495386348,1
5.38818666667,2022-01-24T18:23:17.472Z,LTCUSDT,3,106.84,0.041262428605,2
5.38818916667,2022-01-24T18:23:17.481Z,LTCUSDT,3,106.84,0.041262428605,2
5.44930944444,2022-01-24T18:26:57.514Z,LTCUSDT,3,106.78,0.0407006834353,1
5.47152916667,2022-01-24T18:28:17.505Z,LTCUSDT,3,106.89,0.0417303086491,1
5.47156111111,2022-01-24T18:28:17.620Z,LTCUSDT,3,106.89,0.0417303086491,1
5.47335277778,2022-01-24T18:28:24.070Z,LTCUSDT,3,106.73,0.0402323212891,1
5.48003166667,2022-01-24T18:28:48.114Z,LTCUSDT,3,106.74,0.040326011269,1
5.48224388889,2022-01-24T18:28:56.078Z,LTCUSDT,3,106.73,0.0402323212891,1
5.48338722222,2022-01-24T18:29:00.194Z,LTCUSDT,3,106.74,0.040326011269,1
5.55013277778,2022-01-24T18:33:00.478Z,LTCUSDT,3,107.38,0.0463039853577,1
5.63653055556,2022-01-24T18:38:11.510Z,LTCUSDT,3,107.37,0.0462108538093,1
5.63653222222,2022-01-24T18:38:11.516Z,LTCUSDT,3,107.37,0.0462108538093,1
5.63653888889,2022-01-24T18:38:11.540Z,LTCUSDT,3,107.37,0.0462108538093,1
5.63657333333,2022-01-24T18:38:11.664Z,LTCUSDT,3,107.37,0.0462108538093,1
5.63657777778,2022-01-24T18:38:11.680Z,LTCUSDT,3,107.37,0.0462108538093,1
5.63659611111,2022-01-24T18:38:11.746Z,LTCUSDT,3,107.37,0.0462108538093,1
5.63660138889,2022-01-24T18:38:11.765Z,LTCUSDT,3,107.37,0.0462108538093,1
5.6366075,2022-01-24T18:38:11.787Z,LTCUSDT,3,107.37,0.0462108538093,1
5.63660888889,2022-01-24T18:38:11.792Z,LTCUSDT,3,107.37,0.0462108538093,1
5.63669416667,2022-01-24T18:38:12.099Z,LTCUSDT,3,107.37,0.0462108538093,1
5.64432138889,2022-01-24T18:38:39.557Z,LTCUSDT,3,107.35,0.046024564688,1
5.64472305556,2022-01-24T18:38:41.003Z,LTCUSDT,3,107.35,0.046024564688,1
5.64558277778,2022-01-24T18:38:44.098Z,LTCUSDT,3,107.35,0.046024564688,1
5.651055,2022-01-24T18:39:03.798Z,LTCUSDT,3,107.72,0.0494653083066,1
5.67817944444,2022-01-24T18:40:41.446Z,LTCUSDT,3,107.54,0.0477929117448,1
5.67890944444,2022-01-24T18:40:44.074Z,LTCUSDT,3,107.54,0.0477929117448,1
5.73115444444,2022-01-24T18:43:52.156Z,LTCUSDT,3,107.51,0.0475139068604,1
5.77020305556,2022-01-24T18:46:12.731Z,LTCUSDT,3,108.4,0.0557581293688,1
5.77022916667,2022-01-24T18:46:12.825Z,LTCUSDT,3,108.4,0.0557581293688,1
5.927425,2022-01-24T18:55:38.730Z,LTCUSDT,3,108.06,0.0526166687792,1
6.05057,2022-01-24T19:03:02.052Z,LTCUSDT,3,108.42,0.0559426141954,1
6.0505775,2022-01-24T19:03:02.079Z,LTCUSDT,3,108.42,0.0559426141954,1
6.05057944444,2022-01-24T19:03:02.086Z,LTCUSDT,3,108.42,0.0559426141954,1
6.05059138889,2022-01-24T19:03:02.129Z,LTCUSDT,3,108.42,0.0559426141954,1
6.05059527778,2022-01-24T19:03:02.143Z,LTCUSDT,3,108.42,0.0559426141954,1
6.05059666667,2022-01-24T19:03:02.148Z,LTCUSDT,3,108.42,0.0559426141954,1
6.05066277778,2022-01-24T19:03:02.386Z,LTCUSDT,3,108.42,0.0559426141954,1
6.05074138889,2022-01-24T19:03:02.669Z,LTCUSDT,3,108.42,0.0559426141954,1
6.06859805556,2022-01-24T19:04:06.953Z,LTCUSDT,3,107.93,0.0514129092005,1
6.06861583333,2022-01-24T19:04:07.017Z,LTCUSDT,3,107.93,0.0514129092005,1
6.10312861111,2022-01-24T19:06:11.263Z,LTCUSDT,3,107.8,0.0502076988381,1
6.10313611111,2022-01-24T19:06:11.290Z,LTCUSDT,3,107.8,0.0502076988381,1
6.10313666667,2022-01-24T19:06:11.292Z,LTCUSDT,3,107.8,0.0502076988381,1
6.34211222222,2022-01-24T19:20:31.604Z,LTCUSDT,3,107.46,0.0470487256639,1
6.34212305556,2022-01-24T19:20:31.643Z,LTCUSDT,3,107.46,0.0470487256639,1
6.34213666667,2022-01-24T19:20:31.692Z,LTCUSDT,3,107.46,0.0470487256639,1
6.34215472222,2022-01-24T19:20:31.757Z,LTCUSDT,3,107.46,0.0470487256639,1
6.34215722222,2022-01-24T19:20:31.766Z,LTCUSDT,3,107.46,0.0470487256639,1
6.34217305556,2022-01-24T19:20:31.823Z,LTCUSDT,3,107.46,0.0470487256639,1
6.34224361111,2022-01-24T19:20:32.077Z,LTCUSDT,3,107.57,0.0480718388071,1
6.34224472222,2022-01-24T19:20:32.081Z,LTCUSDT,3,107.57,0.0480718388071,1
6.34224583333,2022-01-24T19:20:32.085Z,LTCUSDT,3,107.57,0.0480718388071,1
6.58483583333,2022-01-24T19:35:05.409Z,LTCUSDT,3,106.92,0.042010931634,1
6.58485527778,2022-01-24T19:35:05.479Z,LTCUSDT,3,106.88,0.0416367501516,1
0.0300208333333,2022-01-24T13:01:48.075Z,BCHUSDT,4,264.15,-0.0145082911099,1
0.0310094444444,2022-01-24T13:01:51.634Z,BCHUSDT,4,265.4,-0.00978729282213,1
0.0311291666667,2022-01-24T13:01:52.065Z,BCHUSDT,4,263.75,-0.01602372993,1
0.0312336111111,2022-01-24T13:01:52.441Z,BCHUSDT,4,263.714123377,-0.0161597642945,2
0.0312355555556,2022-01-24T13:01:52.448Z,BCHUSDT,4,263.65,-0.0164029487438,1
0.0312391666667,2022-01-24T13:01:52.461Z,BCHUSDT,4,263.65,-0.0164029487438,1
0.03138,2022-01-24T13:01:52.968Z,BCHUSDT,4,263.45,-0.0171618180649,1
0.0314875,2022-01-24T13:01:53.355Z,BCHUSDT,4,265.35,-0.00997570544633,2
0.0315391666667,2022-01-24T13:01:53.541Z,BCHUSDT,4,263.55,-0.016782311419,1
0.0316022222222,2022-01-24T13:01:53.768Z,BCHUSDT,4,263.55,-0.016782311419,1
0.03167,2022-01-24T13:01:54.012Z,BCHUSDT,4,265.45,-0.00959891569055,1
0.0316725,2022-01-24T13:01:54.021Z,BCHUSDT,4,263.55,-0.016782311419,1
0.031675,2022-01-24T13:01:54.030Z,BCHUSDT,4,263.55,-0.016782311419,1
0.031685,2022-01-24T13:01:54.066Z,BCHUSDT,4,265.45,-0.00959891569055,1
0.0316872222222,2022-01-24T13:01:54.074Z,BCHUSDT,4,265.477203065,-0.00949644188623,3
0.0316894444444,2022-01-24T13:01:54.082Z,BCHUSDT,4,263.55,-0.016782311419,1
0.0318144444444,2022-01-24T13:01:54.532Z,BCHUSDT,4,263.6,-0.0165926120919,1
0.0318805555556,2022-01-24T13:01:54.770Z,BCHUSDT,4,263.572289157,-0.0166977422134,2
0.0585136111111,2022-01-24T13:03:30.649Z,BCHUSDT,4,263.2,-0.0181112152691,1
0.0585575,2022-01-24T13:03:30.807Z,BCHUSDT,4,263.2,-0.0181112152691,1
0.0587141666667,2022-01-24T13:03:31.371Z,BCHUSDT,4,262.4,-0.0211553576503,1
0.0600911111111,2022-01-24T13:03:36.328Z,BCHUSDT,4,261.65,-0.024017681902,1
0.0773002777778,2022-01-24T13:04:38.281Z,BCHUSDT,4,261.55,-0.0243999449036,1
0.08276,2022-01-24T13:04:57.936Z,BCHUSDT,4,261.25,-0.0255476114412,1
0.140578888889,2022-01-24T13:08:26.084Z,BCHUSDT,4,262,-0.0226809109591,1
0.140615833333,2022-01-24T13:08:26.217Z,BCHUSDT,4,262.05,-0.0224900894721,1
0.141772777778,2022-01-24T13:08:30.382Z,BCHUSDT,4,262.25,-0.0217271674438,1
0.141773611111,2022-01-24T13:08:30.385Z,BCHUSDT,4,262.25,-0.0217271674438,1
0.14178,2022-01-24T13:08:30.408Z,BCHUSDT,4,262.25,-0.0217271674438,1
0.142924166667,2022-01-24T13:08:34.527Z,BCHUSDT,4,262,-0.0226809109591,1
0.142926666667,2022-01-24T13:08:34.536Z,BCHUSDT,4,262,-0.0226809109591,1
0.151326388889,2022-01-24T13:09:04.775Z,BCHUSDT,4,262.95,-0.0190615146849,1
0.151750555556,2022-01-24T13:09:06.302Z,BCHUSDT,4,262.95,-0.0190615146849,1
0.152796388889,2022-01-24T13:09:10.067Z,BCHUSDT,4,262.95,-0.0190615146849,2
0.153584166667,2022-01-24T13:09:12.903Z,BCHUSDT,4,263.35,-0.0175414687908,1
0.153591111111,2022-01-24T13:09:12.928Z,BCHUSDT,4,263.35,-0.0175414687908,1
0.153591666667,2022-01-24T13:09:12.930Z,BCHUSDT,4,263.35,-0.0175414687908,1
0.153595277778,2022-01-24T13:09:12.943Z,BCHUSDT,4,263.35,-0.0175414687908,1
0.154058611111,2022-01-24T13:09:14.611Z,BCHUSDT,4,264.65,-0.0126172164162,1
0.154320555556,2022-01-24T13:09:15.554Z,BCHUSDT,4,264.65,-0.0126172164162,1
0.154321666667,2022-01-24T13:09:15.558Z,BCHUSDT,4,264.65,-0.0126172164162,1
0.154352222222,2022-01-24T13:09:15.668Z,BCHUSDT,4,264,-0.0150763115739,1
0.154376388889,2022-01-24T13:09:15.755Z,BCHUSDT,4,264.6,-0.0128061630394,1
0.154429722222,2022-01-24T13:09:15.947Z,BCHUSDT,4,264.6,-0.0128061630394,1
0.154506388889,2022-01-24T13:09:16.223Z,BCHUSDT,4,264.6,-0.0128061630394,1
0.154604722222,2022-01-24T13:09:16.577Z,BCHUSDT,4,264.6,-0.0128061630394,1
0.159671388889,2022-01-24T13:09:34.817Z,BCHUSDT,4,266.45,-0.00583880597744,1
0.183086388889,2022-01-24T13:10:59.111Z,BCHUSDT,4,267.8,-0.00078498146316,1
0.183093888889,2022-01-24T13:10:59.138Z,BCHUSDT,4,267.8,-0.00078498146316,1
0.22715,2022-01-24T13:13:37.740Z,BCHUSDT,4,266.1,-0.00715323673659,1
0.236965277778,2022-01-24T13:14:13.075Z,BCHUSDT,4,265.85,-0.00809317476989,1
0.259402222222,2022-01-24T13:15:33.848Z,BCHUSDT,4,266.3,-0.00640192190035,1
0.301466111111,2022-01-24T13:18:05.278Z,BCHUSDT,4,264.95,-0.0114842857815,1
0.3235425,2022-01-24T13:19:24.753Z,BCHUSDT,4,265.35,-0.00997570544633,1
0.325855,2022-01-24T13:19:33.078Z,BCHUSDT,4,265.2,-0.0105411564085,1
0.325861666667,2022-01-24T13:19:33.102Z,BCHUSDT,4,265.2,-0.0105411564085,1
0.334496944444,2022-01-24T13:20:04.189Z,BCHUSDT,4,265.3,-0.0101641535765,1
0.336185555556,2022-01-24T13:20:10.268Z,BCHUSDT,4,264.95,-0.0114842857815,1
0.337847222222,2022-01-24T13:20:16.250Z,BCHUSDT,4,264.7,-0.0124283054872,1
0.338778888889,2022-01-24T13:20:19.604Z,BCHUSDT,4,264.5,-0.0131841634219,1
0.339056388889,2022-01-24T13:20:20.603Z,BCHUSDT,4,264.35,-0.0137514320388,1
0.3396825,2022-01-24T13:20:22.857Z,BCHUSDT,4,264.6,-0.0128061630394,1
0.349752222222,2022-01-24T13:20:59.108Z,BCHUSDT,4,264.85,-0.0118617867297,1
0.366935,2022-01-24T13:22:00.966Z,BCHUSDT,4,265.65,-0.00884576182328,1
0.375700555556,2022-01-24T13:22:32.522Z,BCHUSDT,4,266.05,-0.00734115367785,1
0.391225277778,2022-01-24T13:23:28.411Z,BCHUSDT,4,266.9,-0.00415135830975,1
0.391241666667,2022-01-24T13:23:28.470Z,BCHUSDT,4,266.9,-0.00415135830975,1
0.397718888889,2022-01-24T13:23:51.788Z,BCHUSDT,4,266.8,-0.00452610067876,1
0.401593611111,2022-01-24T13:24:05.737Z,BCHUSDT,4,266.65,-0.00508847767362,1
0.415809722222,2022-01-24T13:24:56.915Z,BCHUSDT,4,266.85,-0.00433871194028,1
0.415981666667,2022-01-24T13:24:57.534Z,BCHUSDT,4,266.8,-0.00452610067876,1
0.418736944444,2022-01-24T13:25:07.453Z,BCHUSDT,4,266.45,-0.00583880597744,1
0.437556666667,2022-01-24T13:26:15.204Z,BCHUSDT,4,266.65,-0.00508847767362,1
0.437985,2022-01-24T13:26:16.746Z,BCHUSDT,4,266.3,-0.00640192190035,1
0.438005555556,2022-01-24T13:26:16.820Z,BCHUSDT,4,266.3,-0.00640192190035,1
0.438006666667,2022-01-24T13:26:16.824Z,BCHUSDT,4,266.3,-0.00640192190035,1
0.438046111111,2022-01-24T13:26:16.966Z,BCHUSDT,4,266.252811245,-0.00657913908575,2
0.438543611111,2022-01-24T13:26:18.757Z,BCHUSDT,4,266.45,-0.00583880597744,1
0.438549444444,2022-01-24T13:26:18.778Z,BCHUSDT,4,266.45,-0.00583880597744,2
0.438845555556,2022-01-24T13:26:19.844Z,BCHUSDT,4,266.5,-0.00565117111433,2
0.4516875,2022-01-24T13:27:06.075Z,BCHUSDT,4,267,-0.00377675631998,1
0.451691111111,2022-01-24T13:27:06.088Z,BCHUSDT,4,267,-0.00377675631998,1
0.451694722222,2022-01-24T13:27:06.101Z,BCHUSDT,4,266.9,-0.00415135830975,1
0.451697222222,2022-01-24T13:27:06.110Z,BCHUSDT,4,266.9,-0.00415135830975,1
0.451703333333,2022-01-24T13:27:06.132Z,BCHUSDT,4,266.9,-0.00415135830975,1
0.451711111111,2022-01-24T13:27:06.160Z,BCHUSDT,4,266.9,-0.00415135830975,1
0.451713333333,2022-01-24T13:27:06.168Z,BCHUSDT,4,266.9,-0.00415135830975,1
0.451718055556,2022-01-24T13:27:06.185Z,BCHUSDT,4,266.9,-0.00415135830975,1
0.466076944444,2022-01-24T13:27:57.877Z,BCHUSDT,4,266.7,-0.00490098353226,1
0.466077777778,2022-01-24T13:27:57.880Z,BCHUSDT,4,266.7,-0.00490098353226,1
0.467782777778,2022-01-24T13:28:04.018Z,BCHUSDT,4,266.45,-0.00583880597744,1
0.467818611111,2022-01-24T13:28:04.147Z,BCHUSDT,4,266.425543478,-0.00593059672316,2
0.514361666667,2022-01-24T13:30:51.702Z,BCHUSDT,4,266.5,-0.00565117111433,1
0.545445,2022-01-24T13:32:43.602Z,BCHUSDT,4,266.55,-0.00546357145146,1
0.550299444444,2022-01-24T13:33:01.078Z,BCHUSDT,4,266.6,-0.00527600697562,1
0.550301666667,2022-01-24T13:33:01.086Z,BCHUSDT,4,266.6,-0.00527600697562,1
0.550307222222,2022-01-24T13:33:01.106Z,BCHUSDT,4,266.6,-0.00527600697562,1
0.550315,2022-01-24T13:33:01.134Z,BCHUSDT,4,266.6,-0.00527600697562,1
0.5648725,2022-01-24T13:33:53.541Z,BCHUSDT,4,265.5,-0.00941057403824,1
0.597661111111,2022-01-24T13:35:51.580Z,BCHUSDT,4,263.65,-0.0164029487438,1
0.654634166667,2022-01-24T13:39:16.683Z,BCHUSDT,4,264.1,-0.0146975954171,1
0.654769166667,2022-01-24T13:39:17.169Z,BCHUSDT,4,264.1,-0.0146975954171,1
0.671013055556,2022-01-24T13:40:15.647Z,BCHUSDT,4,263.6,-0.0165926120919,1
0.673770833333,2022-01-24T13:40:25.575Z,BCHUSDT,4,263.35,-0.0175414687908,1
0.674493888889,2022-01-24T13:40:28.178Z,BCHUSDT,4,263,-0.0188713825425,1
0.740855,2022-01-24T13:44:27.078Z,BCHUSDT,4,263.2,-0.0181112152691,1
0.762102222222,2022-01-24T13:45:43.568Z,BCHUSDT,4,264.55,-0.0129951453701,1
0.762123888889,2022-01-24T13:45:43.646Z,BCHUSDT,4,264.55,-0.0129951453701,1
0.832959166667,2022-01-24T13:49:58.653Z,BCHUSDT,4,263.6,-0.0165926120919,1
0.834091666667,2022-01-24T13:50:02.730Z,BCHUSDT,4,263.6,-0.0165926120919,1
0.998535277778,2022-01-24T13:59:54.727Z,BCHUSDT,4,262.8,-0.0196321281098,1
0.998588611111,2022-01-24T13:59:54.919Z,BCHUSDT,4,262.8,-0.0196321281098,1
0.998611111111,2022-01-24T13:59:55.000Z,BCHUSDT,4,262.8,-0.0196321281098,1
1.00208694444,2022-01-24T14:00:07.513Z,BCHUSDT,4,261.9,-0.0230626632066,1
1.21649666667,2022-01-24T14:12:59.388Z,BCHUSDT,4,261.6,-0.0242087951372,1
1.22737361111,2022-01-24T14:13:38.545Z,BCHUSDT,4,260.9,-0.0268882225775,1
1.23952083333,2022-01-24T14:14:22.275Z,BCHUSDT,4,262.05,-0.0224900894721,1
1.23952583333,2022-01-24T14:14:22.293Z,BCHUSDT,4,262.05,-0.0224900894721,1
1.23952638889,2022-01-24T14:14:22.295Z,BCHUSDT,4,262.05,-0.0224900894721,1
1.23953138889,2022-01-24T14:14:22.313Z,BCHUSDT,4,262.05,-0.0224900894721,1
1.23953194444,2022-01-24T14:14:22.315Z,BCHUSDT,4,262.05,-0.0224900894721,1
1.23953527778,2022-01-24T14:14:22.327Z,BCHUSDT,4,262.05,-0.0224900894721,1
1.23953777778,2022-01-24T14:14:22.336Z,BCHUSDT,4,262.05,-0.0224900894721,1
1.23954194444,2022-01-24T14:14:22.351Z,BCHUSDT,4,262.05,-0.0224900894721,1
1.32426361111,2022-01-24T14:19:27.349Z,BCHUSDT,4,263.5,-0.0169720467388,1
1.36875722222,2022-01-24T14:22:07.526Z,BCHUSDT,4,263.85,-0.0156446548686,1
1.36875861111,2022-01-24T14:22:07.531Z,BCHUSDT,4,263.85,-0.0156446548686,1
1.368775,2022-01-24T14:22:07.590Z,BCHUSDT,4,263.85,-0.0156446548686,1
1.53135611111,2022-01-24T14:31:52.882Z,BCHUSDT,4,266.4,-0.006026476054,1
2.18203222222,2022-01-24T15:10:55.316Z,BCHUSDT,4,263.8,-0.015834174437,1
2.18203555556,2022-01-24T15:10:55.328Z,BCHUSDT,4,263.8,-0.015834174437,1
2.18272055556,2022-01-24T15:10:57.794Z,BCHUSDT,4,263.35,-0.0175414687908,1
2.18272138889,2022-01-24T15:10:57.797Z,BCHUSDT,4,263.35,-0.0175414687908,1
2.18279777778,2022-01-24T15:10:58.072Z,BCHUSDT,4,263.35,-0.0175414687908,1
2.24031805556,2022-01-24T15:14:25.145Z,BCHUSDT,4,264.5,-0.0131841634219,1
2.24032055556,2022-01-24T15:14:25.154Z,BCHUSDT,4,264.5,-0.0131841634219,1
2.28420638889,2022-01-24T15:17:03.143Z,BCHUSDT,4,263.5,-0.0169720467388,1
2.28422583333,2022-01-24T15:17:03.213Z,BCHUSDT,4,263.5,-0.0169720467388,1
2.419665,2022-01-24T15:25:10.794Z,BCHUSDT,4,267,-0.00377675631998,1
2.41975888889,2022-01-24T15:25:11.132Z,BCHUSDT,4,267,-0.00377675631998,1
2.41981277778,2022-01-24T15:25:11.326Z,BCHUSDT,4,267,-0.00377675631998,1
2.41981944444,2022-01-24T15:25:11.350Z,BCHUSDT,4,267,-0.00377675631998,1
2.41982305556,2022-01-24T15:25:11.363Z,BCHUSDT,4,267,-0.00377675631998,1
2.41982944444,2022-01-24T15:25:11.386Z,BCHUSDT,4,267,-0.00377675631998,1
2.41983583333,2022-01-24T15:25:11.409Z,BCHUSDT,4,267,-0.00377675631998,1
2.4198425,2022-01-24T15:25:11.433Z,BCHUSDT,4,267,-0.00377675631998,1
2.41984472222,2022-01-24T15:25:11.441Z,BCHUSDT,4,267,-0.00377675631998,1
2.41985138889,2022-01-24T15:25:11.465Z,BCHUSDT,4,267,-0.00377675631998,1
2.41985777778,2022-01-24T15:25:11.488Z,BCHUSDT,4,267,-0.00377675631998,1
2.41988055556,2022-01-24T15:25:11.570Z,BCHUSDT,4,267.06875,-0.0035192988283,2
2.41991027778,2022-01-24T15:25:11.677Z,BCHUSDT,4,267.3,-0.00265379157536,1
2.41996111111,2022-01-24T15:25:11.860Z,BCHUSDT,4,267.3,-0.00265379157536,1
2.41997194444,2022-01-24T15:25:11.899Z,BCHUSDT,4,267.3,-0.00265379157536,1
2.42003916667,2022-01-24T15:25:12.141Z,BCHUSDT,4,267.3,-0.00265379157536,1
2.42027777778,2022-01-24T15:25:13.000Z,BCHUSDT,4,267.3,-0.00265379157536,1
2.42593055556,2022-01-24T15:25:33.350Z,BCHUSDT,4,270,0.00739654427814,1
2.42833416667,2022-01-24T15:25:42.003Z,BCHUSDT,4,270.7,0.00998578190002,1
2.45298527778,2022-01-24T15:27:10.747Z,BCHUSDT,4,269.85,0.00684083434442,1
2.45634,2022-01-24T15:27:22.824Z,BCHUSDT,4,271.15,0.0116467585668,1
2.45739388889,2022-01-24T15:27:26.618Z,BCHUSDT,4,271.9,0.0144089369182,1
2.45862222222,2022-01-24T15:27:31.040Z,BCHUSDT,4,271.85,0.0142250288717,1
2.49469416667,2022-01-24T15:29:40.899Z,BCHUSDT,4,271.5,0.0129367246538,1
2.49475666667,2022-01-24T15:29:41.124Z,BCHUSDT,4,271.6,0.0133049809643,1
2.500725,2022-01-24T15:30:02.610Z,BCHUSDT,4,271.4,0.0125683326805,1
2.50142333333,2022-01-24T15:30:05.124Z,BCHUSDT,4,271.55,0.0131208697606,1
2.52538861111,2022-01-24T15:31:31.399Z,BCHUSDT,4,272.25,0.0156953470928,1
2.526135,2022-01-24T15:31:34.086Z,BCHUSDT,4,272.65,0.0171635066518,1
2.55740527778,2022-01-24T15:33:26.659Z,BCHUSDT,4,276,0.0293754509969,1
2.79647833333,2022-01-24T15:47:47.322Z,BCHUSDT,4,275.95,0.0291942751653,1
2.97161222222,2022-01-24T15:58:17.804Z,BCHUSDT,4,277.85,0.0360559850057,1
2.9716125,2022-01-24T15:58:17.805Z,BCHUSDT,4,277.85,0.0360559850057,1
3.72327833333,2022-01-24T16:43:23.802Z,BCHUSDT,4,273.65,0.0208245028697,1
3.72328083333,2022-01-24T16:43:23.811Z,BCHUSDT,4,273.65,0.0208245028697,1
3.72331388889,2022-01-24T16:43:23.930Z,BCHUSDT,4,273.65,0.0208245028697,1
3.72333166667,2022-01-24T16:43:23.994Z,BCHUSDT,4,273.35,0.0197276106208,1
3.72345,2022-01-24T16:43:24.420Z,BCHUSDT,4,273.35,0.0197276106208,1
3.72345166667,2022-01-24T16:43:24.426Z,BCHUSDT,4,273.35,0.0197276106208,1
3.72345833333,2022-01-24T16:43:24.450Z,BCHUSDT,4,273.35,0.0197276106208,1
3.72350277778,2022-01-24T16:43:24.610Z,BCHUSDT,4,273.35,0.0197276106208,1
3.72351055556,2022-01-24T16:43:24.638Z,BCHUSDT,4,273.35,0.0197276106208,1
3.72351777778,2022-01-24T16:43:24.664Z,BCHUSDT,4,273.35,0.0197276106208,1
3.74276305556,2022-01-24T16:44:33.947Z,BCHUSDT,4,273.4,0.0199105095696,1
3.86483555556,2022-01-24T16:51:53.408Z,BCHUSDT,4,271.3,0.0121998049447,1
3.96828888889,2022-01-24T16:58:05.840Z,BCHUSDT,4,273.75,0.0211898664105,1
3.97649694444,2022-01-24T16:58:35.389Z,BCHUSDT,4,272.9,0.0180800129941,1
3.97654972222,2022-01-24T16:58:35.579Z,BCHUSDT,4,272.9,0.0180800129941,1
3.97655138889,2022-01-24T16:58:35.585Z,BCHUSDT,4,272.9,0.0180800129941,1
4.10187166667,2022-01-24T17:06:06.738Z,BCHUSDT,4,272.75,0.0175302099929,1
4.10188222222,2022-01-24T17:06:06.776Z,BCHUSDT,4,272.75,0.0175302099929,1
4.10190666667,2022-01-24T17:06:06.864Z,BCHUSDT,4,272.75,0.0175302099929,1
4.35771583333,2022-01-24T17:21:27.777Z,BCHUSDT,4,272.65,0.0171635066518,1
4.35777305556,2022-01-24T17:21:27.983Z,BCHUSDT,4,272.65,0.0171635066518,1
4.35853472222,2022-01-24T17:21:30.725Z,BCHUSDT,4,272.6,0.0169801045422,1
5.21577416667,2022-01-24T18:12:56.787Z,BCHUSDT,4,286.25,0.0658401401482,1
5.21577972222,2022-01-24T18:12:56.807Z,BCHUSDT,4,286.25,0.0658401401482,1
5.21581166667,2022-01-24T18:12:56.922Z,BCHUSDT,4,286.2,0.0656654524021,1
5.21581638889,2022-01-24T18:12:56.939Z,BCHUSDT,4,286.244292237,0.0658202001676,2
5.21583388889,2022-01-24T18:12:57.002Z,BCHUSDT,4,286.25,0.0658401401482,1
5.21583861111,2022-01-24T18:12:57.019Z,BCHUSDT,4,286.25,0.0658401401482,1
5.21584138889,2022-01-24T18:12:57.029Z,BCHUSDT,4,286.25,0.0658401401482,1
5.21584305556,2022-01-24T18:12:57.035Z,BCHUSDT,4,286.25,0.0658401401482,1
5.21584527778,2022-01-24T18:12:57.043Z,BCHUSDT,4,286.25,0.0658401401482,1
5.22158388889,2022-01-24T18:13:17.702Z,BCHUSDT,4,286.35,0.0661894241196,1
5.30645888889,2022-01-24T18:18:23.252Z,BCHUSDT,4,288.25,0.0728027444289,1
5.65056583333,2022-01-24T18:39:02.037Z,BCHUSDT,4,287,0.0684568010394,1
5.65061555556,2022-01-24T18:39:02.216Z,BCHUSDT,4,287,0.0684568010394,1
5.65063388889,2022-01-24T18:39:02.282Z,BCHUSDT,4,287,0.0684568010394,1
6.07833638889,2022-01-24T19:04:42.011Z,BCHUSDT,4,286.3,0.0660147973838,1
6.07833888889,2022-01-24T19:04:42.020Z,BCHUSDT,4,286.3,0.0660147973838,1
6.07833972222,2022-01-24T19:04:42.023Z,BCHUSDT,4,286.3,0.0660147973838,1
6.07834,2022-01-24T19:04:42.024Z,BCHUSDT,4,286.3,0.0660147973838,1
0.00601111111111,2022-01-24T13:00:21.640Z,DOGEUSDT,5,0.12714,-0.0252798056966,1
0.00891444444444,2022-01-24T13:00:32.092Z,DOGEUSDT,5,0.12698,-0.0265390534626,1
0.01002,2022-01-24T13:00:36.072Z,DOGEUSDT,5,0.12698,-0.0265390534626,1
0.0288691666667,2022-01-24T13:01:43.929Z,DOGEUSDT,5,0.127910237913,-0.019239895596,2
0.0299480555556,2022-01-24T13:01:47.813Z,DOGEUSDT,5,0.12698,-0.0265390534626,1
0.0299527777778,2022-01-24T13:01:47.830Z,DOGEUSDT,5,0.12685,-0.0275633611596,1
0.0311477777778,2022-01-24T13:01:52.132Z,DOGEUSDT,5,0.126907770701,-0.0271080395237,3
0.0312669444444,2022-01-24T13:01:52.561Z,DOGEUSDT,5,0.12673,-0.0285098081109,1
0.0312783333333,2022-01-24T13:01:52.602Z,DOGEUSDT,5,0.12673,-0.0285098081109,1
0.0314563888889,2022-01-24T13:01:53.243Z,DOGEUSDT,5,0.12674,-0.0284309033095,1
0.0314675,2022-01-24T13:01:53.283Z,DOGEUSDT,5,0.12675,-0.0283520047336,1
0.0314797222222,2022-01-24T13:01:53.327Z,DOGEUSDT,5,0.12675,-0.0283520047336,1
0.0314969444444,2022-01-24T13:01:53.389Z,DOGEUSDT,5,0.12675,-0.0283520047336,1
0.0315008333333,2022-01-24T13:01:53.403Z,DOGEUSDT,5,0.12675,-0.0283520047336,1
0.0315055555556,2022-01-24T13:01:53.420Z,DOGEUSDT,5,0.12675,-0.0283520047336,2
0.0315061111111,2022-01-24T13:01:53.422Z,DOGEUSDT,5,0.12675,-0.0283520047336,1
0.0315911111111,2022-01-24T13:01:53.728Z,DOGEUSDT,5,0.12675,-0.0283520047336,1
0.0316763888889,2022-01-24T13:01:54.035Z,DOGEUSDT,5,0.12786,-0.0196327318663,1
0.0316913888889,2022-01-24T13:01:54.089Z,DOGEUSDT,5,0.12786,-0.0196327318663,1
0.0317722222222,2022-01-24T13:01:54.380Z,DOGEUSDT,5,0.12676,-0.0282731123822,1
0.0318797222222,2022-01-24T13:01:54.767Z,DOGEUSDT,5,0.12676,-0.0282731123822,1
0.0318908333333,2022-01-24T13:01:54.807Z,DOGEUSDT,5,0.12676,-0.0282731123822,1
0.0336225,2022-01-24T13:02:01.041Z,DOGEUSDT,5,0.12698,-0.0265390534626,2
0.0336672222222,2022-01-24T13:02:01.202Z,DOGEUSDT,5,0.12698,-0.0265390534626,1
0.0584205555556,2022-01-24T13:03:30.314Z,DOGEUSDT,5,0.1273,-0.0240221416415,1
0.0585147222222,2022-01-24T13:03:30.653Z,DOGEUSDT,5,0.126636332312,-0.0292491935771,3
0.0587127777778,2022-01-24T13:03:31.366Z,DOGEUSDT,5,0.126360018067,-0.0314335282918,2
0.0589502777778,2022-01-24T13:03:32.221Z,DOGEUSDT,5,0.1265,-0.0303263390373,1
0.061155,2022-01-24T13:03:40.158Z,DOGEUSDT,5,0.12698,-0.0265390534626,1
0.0778513888889,2022-01-24T13:04:40.265Z,DOGEUSDT,5,0.12668,-0.0289044255344,1
0.0829944444444,2022-01-24T13:04:58.780Z,DOGEUSDT,5,0.12662,-0.0293781720889,1
0.151383611111,2022-01-24T13:09:04.981Z,DOGEUSDT,5,0.12696,-0.0266965709867,1
0.153528333333,2022-01-24T13:09:12.702Z,DOGEUSDT,5,0.12696,-0.0266965709867,1
0.153676388889,2022-01-24T13:09:13.235Z,DOGEUSDT,5,0.12794,-0.0190072431829,1
0.153721666667,2022-01-24T13:09:13.398Z,DOGEUSDT,5,0.12764,-0.0213548457948,1
0.1537825,2022-01-24T13:09:13.617Z,DOGEUSDT,5,0.12794,-0.0190072431829,1
0.153795833333,2022-01-24T13:09:13.665Z,DOGEUSDT,5,0.12794,-0.0190072431829,1
0.154038611111,2022-01-24T13:09:14.539Z,DOGEUSDT,5,0.12822,-0.0168211086458,1
0.154064444444,2022-01-24T13:09:14.632Z,DOGEUSDT,5,0.12822,-0.0168211086458,1
0.154071388889,2022-01-24T13:09:14.657Z,DOGEUSDT,5,0.12822,-0.0168211086458,1
0.211293333333,2022-01-24T13:12:40.656Z,DOGEUSDT,5,0.12847,-0.0148732331614,1
0.211295555556,2022-01-24T13:12:40.664Z,DOGEUSDT,5,0.12847,-0.0148732331614,1
0.219440277778,2022-01-24T13:13:09.985Z,DOGEUSDT,5,0.12848,-0.0147953970064,1
0.243424444444,2022-01-24T13:14:36.328Z,DOGEUSDT,5,0.12843,-0.0151846383799,1
0.246835833333,2022-01-24T13:14:48.609Z,DOGEUSDT,5,0.12807,-0.0179916577669,1
0.258930555556,2022-01-24T13:15:32.150Z,DOGEUSDT,5,0.12904,-0.0104462133879,1
0.260141944444,2022-01-24T13:15:36.511Z,DOGEUSDT,5,0.12884,-0.0119973227419,1
0.269171111111,2022-01-24T13:16:09.016Z,DOGEUSDT,5,0.12877,-0.0125407799192,1
0.269180555556,2022-01-24T13:16:09.050Z,DOGEUSDT,5,0.12877,-0.0125407799192,1
0.269183888889,2022-01-24T13:16:09.062Z,DOGEUSDT,5,0.12877,-0.0125407799192,1
0.269195277778,2022-01-24T13:16:09.103Z,DOGEUSDT,5,0.12877,-0.0125407799192,1
0.273567222222,2022-01-24T13:16:24.842Z,DOGEUSDT,5,0.128625025126,-0.0136672577105,2
0.318915,2022-01-24T13:19:08.094Z,DOGEUSDT,5,0.12805,-0.0181478345593,1
0.338621666667,2022-01-24T13:20:19.038Z,DOGEUSDT,5,0.12783,-0.019867391025,1
0.342745555556,2022-01-24T13:20:33.884Z,DOGEUSDT,5,0.12774,-0.0205716990714,2
0.344628611111,2022-01-24T13:20:40.663Z,DOGEUSDT,5,0.12774,-0.0205716990714,1
0.368096666667,2022-01-24T13:22:05.148Z,DOGEUSDT,5,0.12821,-0.0168991026403,1
0.427914722222,2022-01-24T13:25:40.493Z,DOGEUSDT,5,0.12865,-0.0134731084771,1
0.427921666667,2022-01-24T13:25:40.518Z,DOGEUSDT,5,0.12865,-0.0134731084771,1
0.444824166667,2022-01-24T13:26:41.367Z,DOGEUSDT,5,0.1289,-0.0115317372597,1
0.450639444444,2022-01-24T13:27:02.302Z,DOGEUSDT,5,0.12902,-0.0106012161008,1
0.516026111111,2022-01-24T13:30:57.694Z,DOGEUSDT,5,0.12881,-0.0122301967969,1
0.576268611111,2022-01-24T13:34:34.567Z,DOGEUSDT,5,0.12814,-0.017445230994,1
0.587888333333,2022-01-24T13:35:16.398Z,DOGEUSDT,5,0.12798,-0.0186946454936,1
0.627988611111,2022-01-24T13:37:40.759Z,DOGEUSDT,5,0.127560431294,-0.0219784239627,3
0.628081944444,2022-01-24T13:37:41.095Z,DOGEUSDT,5,0.12756,-0.021981805063,1
0.628099166667,2022-01-24T13:37:41.157Z,DOGEUSDT,5,0.12756,-0.021981805063,1
0.628104722222,2022-01-24T13:37:41.177Z,DOGEUSDT,5,0.12756,-0.021981805063,1
0.628105833333,2022-01-24T13:37:41.181Z,DOGEUSDT,5,0.12756,-0.021981805063,1
0.628108333333,2022-01-24T13:37:41.190Z,DOGEUSDT,5,0.12756,-0.021981805063,1
0.628109166667,2022-01-24T13:37:41.193Z,DOGEUSDT,5,0.12756,-0.021981805063,1
0.628114166667,2022-01-24T13:37:41.211Z,DOGEUSDT,5,0.12756,-0.021981805063,1
0.628117222222,2022-01-24T13:37:41.222Z,DOGEUSDT,5,0.12756,-0.021981805063,1
0.628146666667,2022-01-24T13:37:41.328Z,DOGEUSDT,5,0.12756,-0.021981805063,1
0.628158333333,2022-01-24T13:37:41.370Z,DOGEUSDT,5,0.12756,-0.021981805063,1
0.628163611111,2022-01-24T13:37:41.389Z,DOGEUSDT,5,0.12756,-0.021981805063,1
0.6281725,2022-01-24T13:37:41.421Z,DOGEUSDT,5,0.12756,-0.021981805063,1
0.628233888889,2022-01-24T13:37:41.642Z,DOGEUSDT,5,0.12756,-0.021981805063,1
0.628234722222,2022-01-24T13:37:41.645Z,DOGEUSDT,5,0.12756,-0.021981805063,1
0.628236111111,2022-01-24T13:37:41.650Z,DOGEUSDT,5,0.12756,-0.021981805063,1
0.628239166667,2022-01-24T13:37:41.661Z,DOGEUSDT,5,0.12756,-0.021981805063,1
0.628242777778,2022-01-24T13:37:41.674Z,DOGEUSDT,5,0.12756,-0.021981805063,1
0.628246388889,2022-01-24T13:37:41.687Z,DOGEUSDT,5,0.12756,-0.021981805063,1
0.628246944444,2022-01-24T13:37:41.689Z,DOGEUSDT,5,0.12756,-0.021981805063,1
0.643223888889,2022-01-24T13:38:35.606Z,DOGEUSDT,5,0.12777,-0.0203368746017,1
0.643238611111,2022-01-24T13:38:35.659Z,DOGEUSDT,5,0.12777,-0.0203368746017,1
0.674392222222,2022-01-24T13:40:27.812Z,DOGEUSDT,5,0.1279,-0.0193199386201,1
0.674478888889,2022-01-24T13:40:28.124Z,DOGEUSDT,5,0.12765,-0.0212765035174,1
0.686295,2022-01-24T13:41:10.662Z,DOGEUSDT,5,0.12755,-0.0220602026171,1
0.712873611111,2022-01-24T13:42:46.345Z,DOGEUSDT,5,0.12778,-0.0202586120307,1
0.712875833333,2022-01-24T13:42:46.353Z,DOGEUSDT,5,0.12778,-0.0202586120307,1
0.712885277778,2022-01-24T13:42:46.387Z,DOGEUSDT,5,0.12778,-0.0202586120307,1
0.712888888889,2022-01-24T13:42:46.400Z,DOGEUSDT,5,0.12778,-0.0202586120307,1
0.712892777778,2022-01-24T13:42:46.414Z,DOGEUSDT,5,0.12778,-0.0202586120307,1
0.712900277778,2022-01-24T13:42:46.441Z,DOGEUSDT,5,0.12778,-0.0202586120307,1
0.712901111111,2022-01-24T13:42:46.444Z,DOGEUSDT,5,0.12778,-0.0202586120307,1
0.712910833333,2022-01-24T13:42:46.479Z,DOGEUSDT,5,0.12778,-0.0202586120307,1
0.712911944444,2022-01-24T13:42:46.483Z,DOGEUSDT,5,0.12778,-0.0202586120307,2
0.712913333333,2022-01-24T13:42:46.488Z,DOGEUSDT,5,0.12778,-0.0202586120307,1
0.712915555556,2022-01-24T13:42:46.496Z,DOGEUSDT,5,0.12778,-0.0202586120307,1
0.7129325,2022-01-24T13:42:46.557Z,DOGEUSDT,5,0.12778,-0.0202586120307,1
0.712937222222,2022-01-24T13:42:46.574Z,DOGEUSDT,5,0.12778,-0.0202586120307,1
0.712938055556,2022-01-24T13:42:46.577Z,DOGEUSDT,5,0.12778,-0.0202586120307,1
0.712949166667,2022-01-24T13:42:46.617Z,DOGEUSDT,5,0.12778,-0.0202586120307,1
0.712951666667,2022-01-24T13:42:46.626Z,DOGEUSDT,5,0.12778,-0.0202586120307,1
0.712955833333,2022-01-24T13:42:46.641Z,DOGEUSDT,5,0.12778,-0.0202586120307,1
0.713181944444,2022-01-24T13:42:47.455Z,DOGEUSDT,5,0.12778,-0.0202586120307,1
0.71319,2022-01-24T13:42:47.484Z,DOGEUSDT,5,0.12778,-0.0202586120307,1
0.713286111111,2022-01-24T13:42:47.830Z,DOGEUSDT,5,0.12778,-0.0202586120307,1
0.713324444444,2022-01-24T13:42:47.968Z,DOGEUSDT,5,0.12778,-0.0202586120307,1
0.713326666667,2022-01-24T13:42:47.976Z,DOGEUSDT,5,0.12778,-0.0202586120307,1
0.715959722222,2022-01-24T13:42:57.455Z,DOGEUSDT,5,0.12776,-0.0204151432981,1
0.715960833333,2022-01-24T13:42:57.459Z,DOGEUSDT,5,0.12776,-0.0204151432981,1
0.715969444444,2022-01-24T13:42:57.490Z,DOGEUSDT,5,0.12776,-0.0204151432981,1
0.715970277778,2022-01-24T13:42:57.493Z,DOGEUSDT,5,0.12776,-0.0204151432981,1
0.715970833333,2022-01-24T13:42:57.495Z,DOGEUSDT,5,0.12776,-0.0204151432981,1
0.715971666667,2022-01-24T13:42:57.498Z,DOGEUSDT,5,0.12776,-0.0204151432981,1
0.7159725,2022-01-24T13:42:57.501Z,DOGEUSDT,5,0.12776,-0.0204151432981,1
0.715973055556,2022-01-24T13:42:57.503Z,DOGEUSDT,5,0.12776,-0.0204151432981,1
0.715973888889,2022-01-24T13:42:57.506Z,DOGEUSDT,5,0.12776,-0.0204151432981,1
0.715975,2022-01-24T13:42:57.510Z,DOGEUSDT,5,0.12776,-0.0204151432981,1
0.715975555556,2022-01-24T13:42:57.512Z,DOGEUSDT,5,0.12776,-0.0204151432981,1
0.715976666667,2022-01-24T13:42:57.516Z,DOGEUSDT,5,0.12776,-0.0204151432981,1
0.7159775,2022-01-24T13:42:57.519Z,DOGEUSDT,5,0.12776,-0.0204151432981,1
0.715989722222,2022-01-24T13:42:57.563Z,DOGEUSDT,5,0.12776,-0.0204151432981,1
0.715993333333,2022-01-24T13:42:57.576Z,DOGEUSDT,5,0.12776,-0.0204151432981,1
0.721793888889,2022-01-24T13:43:18.458Z,DOGEUSDT,5,0.12778,-0.0202586120307,1
0.7218,2022-01-24T13:43:18.480Z,DOGEUSDT,5,0.12778,-0.0202586120307,1
0.725703333333,2022-01-24T13:43:32.532Z,DOGEUSDT,5,0.12777,-0.0203368746017,1
0.726703888889,2022-01-24T13:43:36.134Z,DOGEUSDT,5,0.12777,-0.0203368746017,1
0.727963611111,2022-01-24T13:43:40.669Z,DOGEUSDT,5,0.12784,-0.0197891651869,1
0.750276111111,2022-01-24T13:45:00.994Z,DOGEUSDT,5,0.12789,-0.0193981277597,1
0.850272222222,2022-01-24T13:51:00.980Z,DOGEUSDT,5,0.12795,-0.0189290845991,1
0.8503275,2022-01-24T13:51:01.179Z,DOGEUSDT,5,0.12795,-0.0189290845991,1
0.850345,2022-01-24T13:51:01.242Z,DOGEUSDT,5,0.12795,-0.0189290845991,1
0.850348888889,2022-01-24T13:51:01.256Z,DOGEUSDT,5,0.12795,-0.0189290845991,1
0.850349166667,2022-01-24T13:51:01.257Z,DOGEUSDT,5,0.12795,-0.0189290845991,1
0.850351944444,2022-01-24T13:51:01.267Z,DOGEUSDT,5,0.12795,-0.0189290845991,1
0.850353055556,2022-01-24T13:51:01.271Z,DOGEUSDT,5,0.12795,-0.0189290845991,1
0.850354444444,2022-01-24T13:51:01.276Z,DOGEUSDT,5,0.12795,-0.0189290845991,1
0.850355277778,2022-01-24T13:51:01.279Z,DOGEUSDT,5,0.12795,-0.0189290845991,1
0.850356111111,2022-01-24T13:51:01.282Z,DOGEUSDT,5,0.12795,-0.0189290845991,1
0.851565277778,2022-01-24T13:51:05.635Z,DOGEUSDT,5,0.1279,-0.0193199386201,1
0.851996388889,2022-01-24T13:51:07.187Z,DOGEUSDT,5,0.1279,-0.0193199386201,1
0.85424,2022-01-24T13:51:15.264Z,DOGEUSDT,5,0.12787,-0.0195545243818,2
0.854861111111,2022-01-24T13:51:17.500Z,DOGEUSDT,5,0.12787,-0.0195545243818,1
0.855593333333,2022-01-24T13:51:20.136Z,DOGEUSDT,5,0.12791,-0.0192417555936,1
0.878875,2022-01-24T13:52:43.950Z,DOGEUSDT,5,0.12832,-0.0160415030867,1
0.943823333333,2022-01-24T13:56:37.764Z,DOGEUSDT,5,0.12785,-0.0197109454677,1
0.963510833333,2022-01-24T13:57:48.639Z,DOGEUSDT,5,0.12761,-0.021589909459,1
0.994501944444,2022-01-24T13:59:40.207Z,DOGEUSDT,5,0.12783,-0.019867391025,1
0.998700277778,2022-01-24T13:59:55.321Z,DOGEUSDT,5,0.127453333333,-0.0228183626774,2
1.008395,2022-01-24T14:00:30.222Z,DOGEUSDT,5,0.12741,-0.0231584142116,1
1.02746472222,2022-01-24T14:01:38.873Z,DOGEUSDT,5,0.12727,-0.0242578332009,1
1.02757944444,2022-01-24T14:01:39.286Z,DOGEUSDT,5,0.127272232143,-0.0242402947136,2
1.02758194444,2022-01-24T14:01:39.295Z,DOGEUSDT,5,0.12727,-0.0242578332009,1
1.05876555556,2022-01-24T14:03:31.556Z,DOGEUSDT,5,0.12777,-0.0203368746017,1
1.07083861111,2022-01-24T14:04:15.019Z,DOGEUSDT,5,0.12777,-0.0203368746017,1
1.07540638889,2022-01-24T14:04:31.463Z,DOGEUSDT,5,0.12735,-0.0236294457794,1
1.09773472222,2022-01-24T14:05:51.845Z,DOGEUSDT,5,0.12754,-0.0221386063178,1
1.10780333333,2022-01-24T14:06:28.092Z,DOGEUSDT,5,0.12753,-0.0222170161661,1
1.1180325,2022-01-24T14:07:04.917Z,DOGEUSDT,5,0.126931184211,-0.0269235642137,2
1.11803694444,2022-01-24T14:07:04.933Z,DOGEUSDT,5,0.12693,-0.0269328938048,1
1.11809416667,2022-01-24T14:07:05.139Z,DOGEUSDT,5,0.12693,-0.0269328938048,1
1.15214972222,2022-01-24T14:09:07.739Z,DOGEUSDT,5,0.12687,-0.0274057070524,1
1.1860725,2022-01-24T14:11:09.861Z,DOGEUSDT,5,0.126781255605,-0.0281054425852,2
1.18607472222,2022-01-24T14:11:09.869Z,DOGEUSDT,5,0.12678,-0.0281153463489,1
1.190315,2022-01-24T14:11:25.134Z,DOGEUSDT,5,0.12684,-0.0276421975347,1
1.20039027778,2022-01-24T14:12:01.405Z,DOGEUSDT,5,0.12671,-0.0286676363941,1
1.20209972222,2022-01-24T14:12:07.559Z,DOGEUSDT,5,0.126806904025,-0.0279031585391,2
1.20210888889,2022-01-24T14:12:07.592Z,DOGEUSDT,5,0.12681,-0.0278787439581,1
1.20211944444,2022-01-24T14:12:07.630Z,DOGEUSDT,5,0.12681,-0.0278787439581,1
1.20212666667,2022-01-24T14:12:07.656Z,DOGEUSDT,5,0.12681,-0.0278787439581,1
1.20212888889,2022-01-24T14:12:07.664Z,DOGEUSDT,5,0.12681,-0.0278787439581,1
1.20213055556,2022-01-24T14:12:07.670Z,DOGEUSDT,5,0.12681,-0.0278787439581,1
1.20213305556,2022-01-24T14:12:07.679Z,DOGEUSDT,5,0.12681,-0.0278787439581,1
1.20213555556,2022-01-24T14:12:07.688Z,DOGEUSDT,5,0.12681,-0.0278787439581,1
1.20214305556,2022-01-24T14:12:07.715Z,DOGEUSDT,5,0.12681,-0.0278787439581,1
1.20215472222,2022-01-24T14:12:07.757Z,DOGEUSDT,5,0.12681,-0.0278787439581,1
1.20215833333,2022-01-24T14:12:07.770Z,DOGEUSDT,5,0.12681,-0.0278787439581,1
1.20215861111,2022-01-24T14:12:07.771Z,DOGEUSDT,5,0.12681,-0.0278787439581,1
1.20217111111,2022-01-24T14:12:07.816Z,DOGEUSDT,5,0.12681,-0.0278787439581,1
1.20218305556,2022-01-24T14:12:07.859Z,DOGEUSDT,5,0.12681,-0.0278787439581,1
1.20218583333,2022-01-24T14:12:07.869Z,DOGEUSDT,5,0.12681,-0.0278787439581,1
1.202195,2022-01-24T14:12:07.902Z,DOGEUSDT,5,0.12681,-0.0278787439581,1
1.20221388889,2022-01-24T14:12:07.970Z,DOGEUSDT,5,0.12681,-0.0278787439581,1
1.20221666667,2022-01-24T14:12:07.980Z,DOGEUSDT,5,0.12681,-0.0278787439581,1
1.20222055556,2022-01-24T14:12:07.994Z,DOGEUSDT,5,0.12681,-0.0278787439581,1
1.20222333333,2022-01-24T14:12:08.004Z,DOGEUSDT,5,0.12681,-0.0278787439581,1
1.20223444444,2022-01-24T14:12:08.044Z,DOGEUSDT,5,0.12681,-0.0278787439581,1
1.20335277778,2022-01-24T14:12:12.070Z,DOGEUSDT,5,0.1268,-0.0279576052018,1
1.20616944444,2022-01-24T14:12:22.210Z,DOGEUSDT,5,0.12709,-0.0256731503109,1
1.20617,2022-01-24T14:12:22.212Z,DOGEUSDT,5,0.12709,-0.0256731503109,1
1.20617722222,2022-01-24T14:12:22.238Z,DOGEUSDT,5,0.12709,-0.0256731503109,1
1.20617861111,2022-01-24T14:12:22.243Z,DOGEUSDT,5,0.12709,-0.0256731503109,1
1.21911583333,2022-01-24T14:13:08.817Z,DOGEUSDT,5,0.12706,-0.0259092313665,1
1.23488083333,2022-01-24T14:14:05.571Z,DOGEUSDT,5,0.12703,-0.0261453681695,2
1.23874722222,2022-01-24T14:14:19.490Z,DOGEUSDT,5,0.12719,-0.0248866157415,1
1.2568725,2022-01-24T14:15:24.741Z,DOGEUSDT,5,0.12817,-0.0172111394632,1
1.26125388889,2022-01-24T14:15:40.514Z,DOGEUSDT,5,0.12831,-0.016119436298,1
1.26780416667,2022-01-24T14:16:04.095Z,DOGEUSDT,5,0.12797,-0.0187727857554,1
1.26830666667,2022-01-24T14:16:05.904Z,DOGEUSDT,5,0.12834,-0.0158856548825,1
1.39021472222,2022-01-24T14:23:24.773Z,DOGEUSDT,5,0.12802,-0.018382145491,1
1.39241583333,2022-01-24T14:23:32.697Z,DOGEUSDT,5,0.12802,-0.018382145491,1
1.39378166667,2022-01-24T14:23:37.614Z,DOGEUSDT,5,0.12796,-0.0188509321236,1
1.40461222222,2022-01-24T14:24:16.604Z,DOGEUSDT,5,0.12767,-0.0211198373726,1
1.40461777778,2022-01-24T14:24:16.624Z,DOGEUSDT,5,0.12767,-0.0211198373726,1
1.4050225,2022-01-24T14:24:18.081Z,DOGEUSDT,5,0.12767,-0.0211198373726,1
1.41134555556,2022-01-24T14:24:40.844Z,DOGEUSDT,5,0.12783,-0.019867391025,1
1.41135333333,2022-01-24T14:24:40.872Z,DOGEUSDT,5,0.12783,-0.019867391025,1
1.41335972222,2022-01-24T14:24:48.095Z,DOGEUSDT,5,0.12786,-0.0196327318663,1
1.42196305556,2022-01-24T14:25:19.067Z,DOGEUSDT,5,0.12813,-0.0175232736834,1
1.42377055556,2022-01-24T14:25:25.574Z,DOGEUSDT,5,0.12813,-0.0175232736834,1
1.45312638889,2022-01-24T14:27:11.255Z,DOGEUSDT,5,0.1287,-0.0130845326028,1
1.45581166667,2022-01-24T14:27:20.922Z,DOGEUSDT,5,0.128906655518,-0.0114801054011,2
1.45644583333,2022-01-24T14:27:23.205Z,DOGEUSDT,5,0.12908,-0.0101362800211,1
1.45644833333,2022-01-24T14:27:23.214Z,DOGEUSDT,5,0.12911,-0.00990389301826,1
1.45645416667,2022-01-24T14:27:23.235Z,DOGEUSDT,5,0.12911,-0.00990389301826,1
1.4610825,2022-01-24T14:27:39.897Z,DOGEUSDT,5,0.12928,-0.0085880524321,1
1.47857388889,2022-01-24T14:28:42.866Z,DOGEUSDT,5,0.12921,-0.00912965947076,1
1.47859277778,2022-01-24T14:28:42.934Z,DOGEUSDT,5,0.12921,-0.00912965947076,1
1.47860888889,2022-01-24T14:28:42.992Z,DOGEUSDT,5,0.129219338314,-0.00905738970578,2
1.47864416667,2022-01-24T14:28:43.119Z,DOGEUSDT,5,0.12922,-0.00905226907486,1
1.48299388889,2022-01-24T14:28:58.778Z,DOGEUSDT,5,0.12944,-0.0073511938947,1
1.48300416667,2022-01-24T14:28:58.815Z,DOGEUSDT,5,0.12944,-0.0073511938947,1
1.53571027778,2022-01-24T14:32:08.557Z,DOGEUSDT,5,0.13013,-0.00203469641622,1
1.53942166667,2022-01-24T14:32:21.918Z,DOGEUSDT,5,0.13068,0.00218293952799,1
1.54462277778,2022-01-24T14:32:40.642Z,DOGEUSDT,5,0.13082,0.00325368532818,1
1.60054888889,2022-01-24T14:36:01.976Z,DOGEUSDT,5,0.13054,0.00111104600219,2
1.61439805556,2022-01-24T14:36:51.833Z,DOGEUSDT,5,0.13021,-0.00142011546425,2
1.63424027778,2022-01-24T14:38:03.265Z,DOGEUSDT,5,0.1304,3.80022876683e-05,2
1.65438,2022-01-24T14:39:15.768Z,DOGEUSDT,5,0.13134,0.00722073355794,1
1.65442527778,2022-01-24T14:39:15.931Z,DOGEUSDT,5,0.13134,0.00722073355794,1
1.66429444444,2022-01-24T14:39:51.460Z,DOGEUSDT,5,0.13165,0.00957823873743,3
1.67946722222,2022-01-24T14:40:46.082Z,DOGEUSDT,5,0.13202,0.0123847790557,1
1.68530138889,2022-01-24T14:41:07.085Z,DOGEUSDT,5,0.13214,0.0132933193969,3
1.70417388889,2022-01-24T14:42:15.026Z,DOGEUSDT,5,0.13166,0.00965419483485,3
1.7093275,2022-01-24T14:42:33.579Z,DOGEUSDT,5,0.13141,0.00775355945066,3
1.72657027778,2022-01-24T14:43:35.653Z,DOGEUSDT,5,0.1313,0.00691613410387,3
1.72858694444,2022-01-24T14:43:42.913Z,DOGEUSDT,5,0.13105,0.00501028256453,3
1.73339027778,2022-01-24T14:44:00.205Z,DOGEUSDT,5,0.13078,0.00294787492825,3
1.74533638889,2022-01-24T14:44:43.211Z,DOGEUSDT,5,0.13068,0.00218293952799,3
1.75400444444,2022-01-24T14:45:14.416Z,DOGEUSDT,5,0.13042,0.000191364760172,3
1.77749222222,2022-01-24T14:46:38.972Z,DOGEUSDT,5,0.13062,0.00172369726963,3
1.79049027778,2022-01-24T14:47:25.765Z,DOGEUSDT,5,0.13065,0.00195334476174,3
1.79589805556,2022-01-24T14:47:45.233Z,DOGEUSDT,5,0.13027,-0.000959427495411,3
1.81127944444,2022-01-24T14:48:40.606Z,DOGEUSDT,5,0.13034,-0.00042222630065,3
1.82689027778,2022-01-24T14:49:36.805Z,DOGEUSDT,5,0.13026,-0.00103619408663,3
1.8297775,2022-01-24T14:49:47.199Z,DOGEUSDT,5,0.13029,-0.000805911990044,1
1.83585416667,2022-01-24T14:50:09.075Z,DOGEUSDT,5,0.13005,-0.00264965531022,3
1.84487416667,2022-01-24T14:50:41.547Z,DOGEUSDT,5,0.12978,-0.00472793801186,3
1.85361027778,2022-01-24T14:51:12.997Z,DOGEUSDT,5,0.12955,-0.00650174019677,3
1.85771472222,2022-01-24T14:51:27.773Z,DOGEUSDT,5,0.12934,-0.00812405118644,3
1.86549611111,2022-01-24T14:51:55.786Z,DOGEUSDT,5,0.12919,-0.00928445823267,3
1.89350722222,2022-01-24T14:53:36.626Z,DOGEUSDT,5,0.12941,-0.00758298837131,3
1.90583111111,2022-01-24T14:54:20.992Z,DOGEUSDT,5,0.12998,-0.00318805473868,1
1.92007555556,2022-01-24T14:55:12.272Z,DOGEUSDT,5,0.12977,-0.00480499445574,1
1.93736888889,2022-01-24T14:56:14.528Z,DOGEUSDT,5,0.13042,0.000191364760172,1
1.93738416667,2022-01-24T14:56:14.583Z,DOGEUSDT,5,0.13042,0.000191364760172,1
1.93738805556,2022-01-24T14:56:14.597Z,DOGEUSDT,5,0.13042,0.000191364760172,1
1.93779833333,2022-01-24T14:56:16.074Z,DOGEUSDT,5,0.13034,-0.00042222630065,1
1.95077638889,2022-01-24T14:57:02.795Z,DOGEUSDT,5,0.13033,-0.000498951662256,1
1.984445,2022-01-24T14:59:04.002Z,DOGEUSDT,5,0.13007,-0.00249588012923,1
1.98618083333,2022-01-24T14:59:10.251Z,DOGEUSDT,5,0.130274840829,-0.000922268220359,2
1.98618472222,2022-01-24T14:59:10.265Z,DOGEUSDT,5,0.130379225268,-0.000121325832477,5
1.98619361111,2022-01-24T14:59:10.297Z,DOGEUSDT,5,0.13048,0.000651311107875,1
1.98621888889,2022-01-24T14:59:10.388Z,DOGEUSDT,5,0.13062,0.00172369726963,2
1.98624972222,2022-01-24T14:59:10.499Z,DOGEUSDT,5,0.13064,0.00187680145733,1
1.98684861111,2022-01-24T14:59:12.655Z,DOGEUSDT,5,0.13083,0.0033301233179,1
1.98848444444,2022-01-24T14:59:18.544Z,DOGEUSDT,5,0.13128,0.00676379957695,1
2.00203527778,2022-01-24T15:00:07.327Z,DOGEUSDT,5,0.13144,0.00798182652413,2
2.018615,2022-01-24T15:01:07.014Z,DOGEUSDT,5,0.13105,0.00501028256453,2
2.02320222222,2022-01-24T15:01:23.528Z,DOGEUSDT,5,0.13058,0.0014174185536,3
2.03931361111,2022-01-24T15:02:21.529Z,DOGEUSDT,5,0.13071,0.00241248159258,2
2.04211277778,2022-01-24T15:02:31.606Z,DOGEUSDT,5,0.13048,0.000651311107875,3
2.053715,2022-01-24T15:03:13.374Z,DOGEUSDT,5,0.13038,-0.000115383708491,3
2.05814388889,2022-01-24T15:03:29.318Z,DOGEUSDT,5,0.13011,-0.0021884006895,3
2.07014833333,2022-01-24T15:04:12.534Z,DOGEUSDT,5,0.12999,-0.00311112278496,3
2.07878722222,2022-01-24T15:04:43.634Z,DOGEUSDT,5,0.12981,-0.00449680429998,3
2.08612,2022-01-24T15:05:10.032Z,DOGEUSDT,5,0.1295,-0.00688776606529,3
2.10970166667,2022-01-24T15:06:34.926Z,DOGEUSDT,5,0.12958,-0.00627019618307,3
2.13776361111,2022-01-24T15:08:15.949Z,DOGEUSDT,5,0.12954,-0.00657893345011,3
2.15956277778,2022-01-24T15:09:34.426Z,DOGEUSDT,5,0.12935,-0.00804673857285,3
2.17107416667,2022-01-24T15:10:15.867Z,DOGEUSDT,5,0.12895,-0.0111439148775,3
2.18089527778,2022-01-24T15:10:51.223Z,DOGEUSDT,5,0.12872,-0.0129291445208,3
2.18188333333,2022-01-24T15:10:54.780Z,DOGEUSDT,5,0.1285,-0.0146397428696,1
2.18210305556,2022-01-24T15:10:55.571Z,DOGEUSDT,5,0.12834,-0.0158856548825,1
2.18221,2022-01-24T15:10:55.956Z,DOGEUSDT,5,0.12834,-0.0158856548825,1
2.182305,2022-01-24T15:10:56.298Z,DOGEUSDT,5,0.12833,-0.0159635759485,1
2.18231916667,2022-01-24T15:10:56.349Z,DOGEUSDT,5,0.12833,-0.0159635759485,1
2.18231944444,2022-01-24T15:10:56.350Z,DOGEUSDT,5,0.12833,-0.0159635759485,1
2.18241222222,2022-01-24T15:10:56.684Z,DOGEUSDT,5,0.12806,-0.0180697431142,1
2.18255305556,2022-01-24T15:10:57.191Z,DOGEUSDT,5,0.12833,-0.0159635759485,1
2.18259944444,2022-01-24T15:10:57.358Z,DOGEUSDT,5,0.127562038896,-0.0219658213725,5
2.18260166667,2022-01-24T15:10:57.366Z,DOGEUSDT,5,0.12746,-0.0227660573187,1
2.18260222222,2022-01-24T15:10:57.368Z,DOGEUSDT,5,0.12746,-0.0227660573187,1
2.18261722222,2022-01-24T15:10:57.422Z,DOGEUSDT,5,0.12746,-0.0227660573187,1
2.1826225,2022-01-24T15:10:57.441Z,DOGEUSDT,5,0.12746,-0.0227660573187,1
2.18271666667,2022-01-24T15:10:57.780Z,DOGEUSDT,5,0.12834,-0.0158856548825,1
2.18273916667,2022-01-24T15:10:57.861Z,DOGEUSDT,5,0.12747,-0.0226876044101,1
2.18279472222,2022-01-24T15:10:58.061Z,DOGEUSDT,5,0.12747,-0.0226876044101,1
2.20846944444,2022-01-24T15:12:30.490Z,DOGEUSDT,5,0.12876,-0.0126184407743,3
2.21480111111,2022-01-24T15:12:53.284Z,DOGEUSDT,5,0.12847,-0.0148732331614,3
2.25751416667,2022-01-24T15:15:27.051Z,DOGEUSDT,5,0.12887,-0.0117645029046,2
2.25886944444,2022-01-24T15:15:31.930Z,DOGEUSDT,5,0.12881,-0.0122301967969,3
2.26125805556,2022-01-24T15:15:40.529Z,DOGEUSDT,5,0.12848,-0.0147953970064,2
2.26595694444,2022-01-24T15:15:57.445Z,DOGEUSDT,5,0.1284,-0.015418255949,3
2.30098694444,2022-01-24T15:18:03.553Z,DOGEUSDT,5,0.12865,-0.0134731084771,3
2.32415944444,2022-01-24T15:19:26.974Z,DOGEUSDT,5,0.12856,-0.0141729257756,3
2.39232611111,2022-01-24T15:23:32.374Z,DOGEUSDT,5,0.12948,-0.00704221814684,1
2.4121275,2022-01-24T15:24:43.659Z,DOGEUSDT,5,0.12963,-0.00588440859293,1
2.41512666667,2022-01-24T15:24:54.456Z,DOGEUSDT,5,0.12976,-0.00488205683778,1
2.41931833333,2022-01-24T15:25:09.546Z,DOGEUSDT,5,0.12984,-0.00426572399855,1
2.41954972222,2022-01-24T15:25:10.379Z,DOGEUSDT,5,0.12992,-0.00364977079152,1
2.41979583333,2022-01-24T15:25:11.265Z,DOGEUSDT,5,0.130046594158,-0.00267584436625,2
2.41982861111,2022-01-24T15:25:11.383Z,DOGEUSDT,5,0.13015,-0.00188101576431,1
2.41984388889,2022-01-24T15:25:11.438Z,DOGEUSDT,5,0.13015,-0.00188101576431,1
2.41996388889,2022-01-24T15:25:11.870Z,DOGEUSDT,5,0.13015,-0.00188101576431,1
2.42019916667,2022-01-24T15:25:12.717Z,DOGEUSDT,5,0.13059,0.00149399702743,1
2.42026472222,2022-01-24T15:25:12.953Z,DOGEUSDT,5,0.13059,0.00149399702743,1
2.42026805556,2022-01-24T15:25:12.965Z,DOGEUSDT,5,0.130857067669,0.00353699383321,2
2.421185,2022-01-24T15:25:16.266Z,DOGEUSDT,5,0.13059,0.00149399702743,1
2.4276,2022-01-24T15:25:39.360Z,DOGEUSDT,5,0.131595183537,0.00916177175565,4
2.42778305556,2022-01-24T15:25:40.019Z,DOGEUSDT,5,0.13167,0.00973014516337,1
2.42825138889,2022-01-24T15:25:41.705Z,DOGEUSDT,5,0.13179,0.0106410994509,1
2.43005,2022-01-24T15:25:48.180Z,DOGEUSDT,5,0.13179,0.0106410994509,1
2.43125638889,2022-01-24T15:25:52.523Z,DOGEUSDT,5,0.13164,0.00950227687026,1
2.43490444444,2022-01-24T15:26:05.656Z,DOGEUSDT,5,0.13138,0.00752524025944,1
2.44017333333,2022-01-24T15:26:24.624Z,DOGEUSDT,5,0.13121,0.00623044591274,2
2.44641666667,2022-01-24T15:26:47.100Z,DOGEUSDT,5,0.13111,0.00546801830643,3
2.45493722222,2022-01-24T15:27:17.774Z,DOGEUSDT,5,0.13112,0.00554428723069,1
2.45495444444,2022-01-24T15:27:17.836Z,DOGEUSDT,5,0.13147,0.00821004150363,1
2.45505361111,2022-01-24T15:27:18.193Z,DOGEUSDT,5,0.131551028037,0.00882617505425,3
2.48614166667,2022-01-24T15:29:10.110Z,DOGEUSDT,5,0.13159,0.00912238095716,1
2.50173277778,2022-01-24T15:30:06.238Z,DOGEUSDT,5,0.13147,0.00821004150363,1
2.52777305556,2022-01-24T15:31:39.983Z,DOGEUSDT,5,0.131818413926,0.0108566762315,3
2.5380575,2022-01-24T15:32:17.007Z,DOGEUSDT,5,0.131758169643,0.0103995469686,3
2.53807638889,2022-01-24T15:32:17.075Z,DOGEUSDT,5,0.13175,0.0103375402166,1
2.53809388889,2022-01-24T15:32:17.138Z,DOGEUSDT,5,0.13177,0.0104893313523,1
2.54016138889,2022-01-24T15:32:24.581Z,DOGEUSDT,5,0.13194,0.0117786265898,2
2.54111972222,2022-01-24T15:32:28.031Z,DOGEUSDT,5,0.13196,0.0119301991555,3
2.55593666667,2022-01-24T15:33:21.372Z,DOGEUSDT,5,0.13196,0.0119301991555,2
2.55593861111,2022-01-24T15:33:21.379Z,DOGEUSDT,5,0.13207,0.0127634378508,1
2.558265,2022-01-24T15:33:29.754Z,DOGEUSDT,5,0.132425426357,0.0154510198285,2
2.57317583333,2022-01-24T15:34:23.433Z,DOGEUSDT,5,0.13232,0.0146545840705,3
2.57993333333,2022-01-24T15:34:47.760Z,DOGEUSDT,5,0.1326,0.0167684305469,3
2.57997444444,2022-01-24T15:34:47.908Z,DOGEUSDT,5,0.13275,0.0178990129172,1
2.58185694444,2022-01-24T15:34:54.685Z,DOGEUSDT,5,0.13288,0.0188778181002,1
2.58185777778,2022-01-24T15:34:54.688Z,DOGEUSDT,5,0.13288,0.0188778181002,1
2.58188638889,2022-01-24T15:34:54.791Z,DOGEUSDT,5,0.133251532258,0.0216699148974,4
2.60173611111,2022-01-24T15:36:06.250Z,DOGEUSDT,5,0.13259,0.0166930129217,2
2.60227583333,2022-01-24T15:36:08.193Z,DOGEUSDT,5,0.13276,0.0179743396469,1
2.60279305556,2022-01-24T15:36:10.055Z,DOGEUSDT,5,0.13277,0.0180496607029,2
2.63028055556,2022-01-24T15:37:49.010Z,DOGEUSDT,5,0.132796666667,0.0182504891208,3
2.66154583333,2022-01-24T15:39:41.565Z,DOGEUSDT,5,0.1322,0.0137472802127,1
2.6754,2022-01-24T15:40:31.440Z,DOGEUSDT,5,0.13197,0.0120059768239,2
2.68000583333,2022-01-24T15:40:48.021Z,DOGEUSDT,5,0.13168,0.00980608972388,3
2.68244277778,2022-01-24T15:40:56.794Z,DOGEUSDT,5,0.13176,0.0104134386645,1
2.69950361111,2022-01-24T15:41:58.213Z,DOGEUSDT,5,0.13196,0.0119301991555,1
2.69981194444,2022-01-24T15:41:59.323Z,DOGEUSDT,5,0.132106697248,0.0130412613555,2
2.70101166667,2022-01-24T15:42:03.642Z,DOGEUSDT,5,0.13219,0.0136716343864,2
2.72948666667,2022-01-24T15:43:46.152Z,DOGEUSDT,5,0.13207,0.0127634378508,2
2.73088944444,2022-01-24T15:43:51.202Z,DOGEUSDT,5,0.13216,0.0134446625678,3
2.73917722222,2022-01-24T15:44:21.038Z,DOGEUSDT,5,0.13231,0.0145790068494,3
2.74127888889,2022-01-24T15:44:28.604Z,DOGEUSDT,5,0.132579736409,0.0166156014375,3
2.74149138889,2022-01-24T15:44:29.369Z,DOGEUSDT,5,0.13258,0.0166175896084,1
2.76430305556,2022-01-24T15:45:51.491Z,DOGEUSDT,5,0.1319,0.0114754125184,1
2.76579388889,2022-01-24T15:45:56.858Z,DOGEUSDT,5,0.13181,0.0107928445195,1
2.76683583333,2022-01-24T15:46:00.609Z,DOGEUSDT,5,0.13178,0.0105652182808,3
2.77052666667,2022-01-24T15:46:13.896Z,DOGEUSDT,5,0.13178980198,0.0106395969094,2
2.80054888889,2022-01-24T15:48:01.976Z,DOGEUSDT,5,0.13169,0.00988202851724,1
2.80960888889,2022-01-24T15:48:34.592Z,DOGEUSDT,5,0.13164,0.00950227687026,1
2.81415,2022-01-24T15:48:50.940Z,DOGEUSDT,5,0.131555,0.00885636792096,2
2.81507416667,2022-01-24T15:48:54.267Z,DOGEUSDT,5,0.13141,0.00775355945066,3
2.83419305556,2022-01-24T15:50:03.095Z,DOGEUSDT,5,0.13124,0.00645906088802,3
2.89739833333,2022-01-24T15:53:50.634Z,DOGEUSDT,5,0.13161,0.00927435664135,1
2.89818222222,2022-01-24T15:53:53.456Z,DOGEUSDT,5,0.13168,0.00980608972388,1
2.91121111111,2022-01-24T15:54:40.360Z,DOGEUSDT,5,0.131987466216,0.0121383179657,4
2.91388361111,2022-01-24T15:54:49.981Z,DOGEUSDT,5,0.13199,0.012157514936,3
2.95835638889,2022-01-24T15:57:30.083Z,DOGEUSDT,5,0.132075,0.0128012958455,2
2.98636472222,2022-01-24T15:59:10.913Z,DOGEUSDT,5,0.13167,0.00973014516337,1
2.98638583333,2022-01-24T15:59:10.989Z,DOGEUSDT,5,0.13162,0.00935033582309,2
2.98732305556,2022-01-24T15:59:14.363Z,DOGEUSDT,5,0.13163,0.00942630923243,1
2.99983972222,2022-01-24T15:59:59.423Z,DOGEUSDT,5,0.13177,0.0104893313523,3
3.01371305556,2022-01-24T16:00:49.367Z,DOGEUSDT,5,0.1314,0.00767745884563,3
3.01701638889,2022-01-24T16:01:01.259Z,DOGEUSDT,5,0.13119,0.00607800688805,3
3.03180777778,2022-01-24T16:01:54.508Z,DOGEUSDT,5,0.13134,0.00722073355794,1
3.03549083333,2022-01-24T16:02:07.767Z,DOGEUSDT,5,0.13156,0.00889437411597,3
3.03561527778,2022-01-24T16:02:08.215Z,DOGEUSDT,5,0.13168,0.00980608972388,1
3.03836055556,2022-01-24T16:02:18.098Z,DOGEUSDT,5,0.13168,0.00980608972388,4
3.06262805556,2022-01-24T16:03:45.461Z,DOGEUSDT,5,0.13131,0.00699229266603,3
3.06887666667,2022-01-24T16:04:07.956Z,DOGEUSDT,5,0.13137,0.00744912227653,3
3.08873277778,2022-01-24T16:05:19.438Z,DOGEUSDT,5,0.131,0.00462867599627,3
3.09518111111,2022-01-24T16:05:42.652Z,DOGEUSDT,5,0.13108,0.00523917662573,3
3.1237075,2022-01-24T16:07:25.347Z,DOGEUSDT,5,0.13071,0.00241248159258,3
3.1326475,2022-01-24T16:07:57.531Z,DOGEUSDT,5,0.13063,0.00180025229359,3
3.14767416667,2022-01-24T16:08:51.627Z,DOGEUSDT,5,0.13079,0.00302433629618,3
3.183135,2022-01-24T16:10:59.286Z,DOGEUSDT,5,0.130321333333,-0.000565451737732,4
3.1831375,2022-01-24T16:10:59.295Z,DOGEUSDT,5,0.13032,-0.000575682911094,1
3.19148805556,2022-01-24T16:11:29.357Z,DOGEUSDT,5,0.13062,0.00172369726963,3
3.19698416667,2022-01-24T16:11:49.143Z,DOGEUSDT,5,0.13087,0.0036358168625,1
3.21358055556,2022-01-24T16:12:48.890Z,DOGEUSDT,5,0.13072,0.00248898390681,2
3.23315694444,2022-01-24T16:13:59.365Z,DOGEUSDT,5,0.130813333333,0.0032027234222,3
3.23461305556,2022-01-24T16:14:04.607Z,DOGEUSDT,5,0.13109,0.00531546300483,1
3.25412472222,2022-01-24T16:15:14.849Z,DOGEUSDT,5,0.13086,0.00355940223671,2
3.26767027778,2022-01-24T16:16:03.613Z,DOGEUSDT,5,0.131019448889,0.00477712977714,4
3.26840166667,2022-01-24T16:16:06.246Z,DOGEUSDT,5,0.13119,0.00607800688805,1
3.2726275,2022-01-24T16:16:21.459Z,DOGEUSDT,5,0.131520431965,0.00859356850637,5
3.27268805556,2022-01-24T16:16:21.677Z,DOGEUSDT,5,0.13153,0.0086663152758,1
3.28049055556,2022-01-24T16:16:49.766Z,DOGEUSDT,5,0.13146,0.00813397563055,3
3.28256944444,2022-01-24T16:16:57.250Z,DOGEUSDT,5,0.131633333333,0.00945163241961,3
3.28575444444,2022-01-24T16:17:08.716Z,DOGEUSDT,5,0.13181,0.0107928445195,3
3.28709888889,2022-01-24T16:17:13.556Z,DOGEUSDT,5,0.13182,0.0108687084197,1
3.3018475,2022-01-24T16:18:06.651Z,DOGEUSDT,5,0.13184,0.0110204189563,3
3.32005972222,2022-01-24T16:19:12.215Z,DOGEUSDT,5,0.13124,0.00645906088802,1
3.32006666667,2022-01-24T16:19:12.240Z,DOGEUSDT,5,0.13124,0.00645906088802,1
3.32113583333,2022-01-24T16:19:16.089Z,DOGEUSDT,5,0.13128,0.00676379957695,1
3.3225775,2022-01-24T16:19:21.279Z,DOGEUSDT,5,0.13128,0.00676379957695,1
3.3233575,2022-01-24T16:19:24.087Z,DOGEUSDT,5,0.13128,0.00676379957695,1
3.34669222222,2022-01-24T16:20:48.092Z,DOGEUSDT,5,0.13164,0.00950227687026,1
3.3478075,2022-01-24T16:20:52.107Z,DOGEUSDT,5,0.13164,0.00950227687026,1
3.47013222222,2022-01-24T16:28:12.476Z,DOGEUSDT,5,0.1317,0.00995796154435,1
3.48960416667,2022-01-24T16:29:22.575Z,DOGEUSDT,5,0.13138,0.00752524025944,1
3.48960805556,2022-01-24T16:29:22.589Z,DOGEUSDT,5,0.13138,0.00752524025944,1
3.49863416667,2022-01-24T16:29:55.083Z,DOGEUSDT,5,0.13165,0.00957823873743,1
3.49863777778,2022-01-24T16:29:55.096Z,DOGEUSDT,5,0.13165,0.00957823873743,1
3.4989125,2022-01-24T16:29:56.085Z,DOGEUSDT,5,0.13163,0.00942630923243,1
3.50362388889,2022-01-24T16:30:13.046Z,DOGEUSDT,5,0.13164,0.00950227687026,1
3.50774055556,2022-01-24T16:30:27.866Z,DOGEUSDT,5,0.13179,0.0106410994509,2
3.50807972222,2022-01-24T16:30:29.087Z,DOGEUSDT,5,0.132168733333,0.0135107419018,2
3.50812305556,2022-01-24T16:30:29.243Z,DOGEUSDT,5,0.13217,0.0135203255648,1
3.50814527778,2022-01-24T16:30:29.323Z,DOGEUSDT,5,0.13217,0.0135203255648,1
3.50818805556,2022-01-24T16:30:29.477Z,DOGEUSDT,5,0.13217,0.0135203255648,1
3.50818888889,2022-01-24T16:30:29.480Z,DOGEUSDT,5,0.13217,0.0135203255648,1
3.60395388889,2022-01-24T16:36:14.234Z,DOGEUSDT,5,0.13098,0.00447599258502,1
3.60400861111,2022-01-24T16:36:14.431Z,DOGEUSDT,5,0.13097,0.00439964213643,1
3.60402444444,2022-01-24T16:36:14.488Z,DOGEUSDT,5,0.13096,0.004323285858,1
3.61012194444,2022-01-24T16:36:36.439Z,DOGEUSDT,5,0.13091,0.00394141698712,3
3.6177225,2022-01-24T16:37:03.801Z,DOGEUSDT,5,0.13106,0.00508658640647,3
3.62610694444,2022-01-24T16:37:33.985Z,DOGEUSDT,5,0.130553636364,0.00121550173568,4
3.63931972222,2022-01-24T16:38:21.551Z,DOGEUSDT,5,0.13036,-0.000268793235523,3
3.6530725,2022-01-24T16:39:11.061Z,DOGEUSDT,5,0.130426666667,0.000242480358108,3
3.6696875,2022-01-24T16:40:10.875Z,DOGEUSDT,5,0.13027,-0.000959427495411,1
3.66969194444,2022-01-24T16:40:10.891Z,DOGEUSDT,5,0.13027,-0.000959427495411,1
3.67135361111,2022-01-24T16:40:16.873Z,DOGEUSDT,5,0.13003,-0.00280345414166,3
3.67135444444,2022-01-24T16:40:16.876Z,DOGEUSDT,5,0.12999,-0.00311112278496,2
3.67554027778,2022-01-24T16:40:31.945Z,DOGEUSDT,5,0.13,-0.0030341967493,1
3.71725916667,2022-01-24T16:43:02.133Z,DOGEUSDT,5,0.13004,-0.00272655176918,2
3.72334194444,2022-01-24T16:43:24.031Z,DOGEUSDT,5,0.12992,-0.00364977079152,1
3.72436388889,2022-01-24T16:43:27.710Z,DOGEUSDT,5,0.129604343434,-0.00608234969441,4
3.73905444444,2022-01-24T16:44:20.596Z,DOGEUSDT,5,0.1296,-0.00611586328671,3
3.765465,2022-01-24T16:45:55.674Z,DOGEUSDT,5,0.1297,-0.00534455588249,1
3.77599222222,2022-01-24T16:46:33.572Z,DOGEUSDT,5,0.12956,-0.00642455290176,3
3.77690472222,2022-01-24T16:46:36.857Z,DOGEUSDT,5,0.12928,-0.0085880524321,2
3.79503361111,2022-01-24T16:47:42.121Z,DOGEUSDT,5,0.1292,-0.00920705585638,3
3.80727722222,2022-01-24T16:48:26.198Z,DOGEUSDT,5,0.12893,-0.0112990257821,3
3.81059833333,2022-01-24T16:48:38.154Z,DOGEUSDT,5,0.12883,-0.0120749414015,3
3.827295,2022-01-24T16:49:38.262Z,DOGEUSDT,5,0.12869,-0.0131622356993,3
3.8703325,2022-01-24T16:52:13.197Z,DOGEUSDT,5,0.12888,-0.0116869083362,1
3.89638333333,2022-01-24T16:53:46.980Z,DOGEUSDT,5,0.12949,-0.00696498912414,1
3.89639277778,2022-01-24T16:53:47.014Z,DOGEUSDT,5,0.12951,-0.00681054896939,1
3.90109694444,2022-01-24T16:54:03.949Z,DOGEUSDT,5,0.12941,-0.00758298837131,2
3.91780166667,2022-01-24T16:55:04.086Z,DOGEUSDT,5,0.1297,-0.00534455588249,1
3.92268111111,2022-01-24T16:55:21.652Z,DOGEUSDT,5,0.12977,-0.00480499445574,3
3.93700222222,2022-01-24T16:56:13.208Z,DOGEUSDT,5,0.12993,-0.00357280331024,2
4.00977472222,2022-01-24T17:00:35.189Z,DOGEUSDT,5,0.129985,-0.003149588022,2
4.03972055556,2022-01-24T17:02:22.994Z,DOGEUSDT,5,0.130169551761,-0.00173080222219,3
4.08766611111,2022-01-24T17:05:15.598Z,DOGEUSDT,5,0.13006,-0.00257276476388,1
4.08937305556,2022-01-24T17:05:21.743Z,DOGEUSDT,5,0.13006,-0.00257276476388,1
4.17961388889,2022-01-24T17:10:46.610Z,DOGEUSDT,5,0.12964,-0.00580726893154,1
4.17972361111,2022-01-24T17:10:47.005Z,DOGEUSDT,5,0.12962,-0.00596155420531,1
4.1861425,2022-01-24T17:11:10.113Z,DOGEUSDT,5,0.12941,-0.00758298837131,3
4.20788305556,2022-01-24T17:12:28.379Z,DOGEUSDT,5,0.12907,-0.0102137543578,3
4.20986583333,2022-01-24T17:12:35.517Z,DOGEUSDT,5,0.12895,-0.0111439148775,3
4.21430555556,2022-01-24T17:12:51.500Z,DOGEUSDT,5,0.12868,-0.0132399448341,3
4.23727777778,2022-01-24T17:14:14.200Z,DOGEUSDT,5,0.12871,-0.0130068355436,1
4.25008055556,2022-01-24T17:15:00.290Z,DOGEUSDT,5,0.128760631579,-0.0126135356997,3
4.25008305556,2022-01-24T17:15:00.299Z,DOGEUSDT,5,0.12876,-0.0126184407743,1
4.25170472222,2022-01-24T17:15:06.137Z,DOGEUSDT,5,0.12866,-0.013395381222,3
4.25701,2022-01-24T17:15:25.236Z,DOGEUSDT,5,0.12853,-0.0144063070828,3
4.25996666667,2022-01-24T17:15:35.880Z,DOGEUSDT,5,0.12852,-0.0144841129572,2
4.26006333333,2022-01-24T17:15:36.228Z,DOGEUSDT,5,0.12847,-0.0148732331614,1
4.26009,2022-01-24T17:15:36.324Z,DOGEUSDT,5,0.12837,-0.015651928108,1
4.26013611111,2022-01-24T17:15:36.490Z,DOGEUSDT,5,0.12812,-0.0176013224639,1
4.26072027778,2022-01-24T17:15:38.593Z,DOGEUSDT,5,0.12809,-0.0178355053618,1
4.26130333333,2022-01-24T17:15:40.692Z,DOGEUSDT,5,0.12801,-0.0184602613369,1
4.26200138889,2022-01-24T17:15:43.205Z,DOGEUSDT,5,0.12809,-0.0178355053618,1
4.26285527778,2022-01-24T17:15:46.279Z,DOGEUSDT,5,0.12809,-0.0178355053618,1
4.26289555556,2022-01-24T17:15:46.424Z,DOGEUSDT,5,0.12808,-0.0179135785164,3
4.27013472222,2022-01-24T17:16:12.485Z,DOGEUSDT,5,0.12841,-0.0153403773617,1
4.27353194444,2022-01-24T17:16:24.715Z,DOGEUSDT,5,0.12857,-0.0140951441087,1
4.28252861111,2022-01-24T17:16:57.103Z,DOGEUSDT,5,0.12842,-0.015262504839,1
4.29037805556,2022-01-24T17:17:25.361Z,DOGEUSDT,5,0.12836,-0.0157298309632,2
4.29198,2022-01-24T17:17:31.128Z,DOGEUSDT,5,0.128166666667,-0.0172371469273,3
4.29244138889,2022-01-24T17:17:32.789Z,DOGEUSDT,5,0.127893235294,-0.0193728306043,3
4.29244305556,2022-01-24T17:17:32.795Z,DOGEUSDT,5,0.12789,-0.0193981277597,1
4.31430083333,2022-01-24T17:18:51.483Z,DOGEUSDT,5,0.1282,-0.0169771027183,1
4.32427694444,2022-01-24T17:19:27.397Z,DOGEUSDT,5,0.12817,-0.0172111394632,2
4.32787972222,2022-01-24T17:19:40.367Z,DOGEUSDT,5,0.127839902913,-0.0197899246317,3
4.32970194444,2022-01-24T17:19:46.927Z,DOGEUSDT,5,0.12817,-0.0172111394632,1
4.36023333333,2022-01-24T17:21:36.840Z,DOGEUSDT,5,0.12885,-0.0119197101065,1
4.36050638889,2022-01-24T17:21:37.823Z,DOGEUSDT,5,0.12894,-0.0112214673224,1
4.36059305556,2022-01-24T17:21:38.135Z,DOGEUSDT,5,0.12897,-0.0109888280286,1
4.364085,2022-01-24T17:21:50.706Z,DOGEUSDT,5,0.12897,-0.0109888280286,3
4.36922722222,2022-01-24T17:22:09.218Z,DOGEUSDT,5,0.12925,-0.00882013381635,1
4.36925611111,2022-01-24T17:22:09.322Z,DOGEUSDT,5,0.12925,-0.00882013381635,2
4.36984805556,2022-01-24T17:22:11.453Z,DOGEUSDT,5,0.12933,-0.00820136977773,3
4.37002055556,2022-01-24T17:22:12.074Z,DOGEUSDT,5,0.12925,-0.00882013381635,1
4.37112972222,2022-01-24T17:22:16.067Z,DOGEUSDT,5,0.12925,-0.00882013381635,1
4.37226583333,2022-01-24T17:22:20.157Z,DOGEUSDT,5,0.12925,-0.00882013381635,1
4.38024138889,2022-01-24T17:22:48.869Z,DOGEUSDT,5,0.12923,-0.00897488466778,3
4.42099833333,2022-01-24T17:25:15.594Z,DOGEUSDT,5,0.129175,-0.00940057303164,2
4.42232472222,2022-01-24T17:25:20.369Z,DOGEUSDT,5,0.129113333333,-0.00987807557341,3
4.42574,2022-01-24T17:25:32.664Z,DOGEUSDT,5,0.12878,-0.0124631250948,3
4.44405722222,2022-01-24T17:26:38.606Z,DOGEUSDT,5,0.12874,-0.0127737805804,3
4.45164055556,2022-01-24T17:27:05.906Z,DOGEUSDT,5,0.12888,-0.0116869083362,1
4.47721944444,2022-01-24T17:28:37.990Z,DOGEUSDT,5,0.12934,-0.00812405118644,1
4.47759222222,2022-01-24T17:28:39.332Z,DOGEUSDT,5,0.12936,-0.00796943193603,1
4.47790222222,2022-01-24T17:28:40.448Z,DOGEUSDT,5,0.12937,-0.00789213127507,1
4.47964027778,2022-01-24T17:28:46.705Z,DOGEUSDT,5,0.12959,-0.00619302675756,1
4.49094972222,2022-01-24T17:29:27.419Z,DOGEUSDT,5,0.12965,-0.00573013522021,2
4.52570138889,2022-01-24T17:31:32.525Z,DOGEUSDT,5,0.12977,-0.00480499445574,1
4.52582444444,2022-01-24T17:31:32.968Z,DOGEUSDT,5,0.12977,-0.00480499445574,1
4.52669138889,2022-01-24T17:31:36.089Z,DOGEUSDT,5,0.12977,-0.00480499445574,1
4.52911527778,2022-01-24T17:31:44.815Z,DOGEUSDT,5,0.129870174672,-0.00403335210428,2
4.53001888889,2022-01-24T17:31:48.068Z,DOGEUSDT,5,0.12987,-0.00403469708289,1
4.53105138889,2022-01-24T17:31:51.785Z,DOGEUSDT,5,0.13001,-0.00295727663081,3
4.53677611111,2022-01-24T17:32:12.394Z,DOGEUSDT,5,0.13044,0.000344703716234,1
4.53679305556,2022-01-24T17:32:12.455Z,DOGEUSDT,5,0.130603671498,0.00159868178123,5
4.55231083333,2022-01-24T17:33:08.319Z,DOGEUSDT,5,0.130435454545,0.000309856018096,3
4.55231222222,2022-01-24T17:33:08.324Z,DOGEUSDT,5,0.13053,0.00103443819581,1
4.56907694444,2022-01-24T17:34:08.677Z,DOGEUSDT,5,0.130579787234,0.00141578916066,3
4.56912611111,2022-01-24T17:34:08.854Z,DOGEUSDT,5,0.13065,0.00195334476174,1
4.57002083333,2022-01-24T17:34:12.075Z,DOGEUSDT,5,0.13058,0.0014174185536,1
4.57556222222,2022-01-24T17:34:32.024Z,DOGEUSDT,5,0.131019086022,0.00477436020446,4
4.57557972222,2022-01-24T17:34:32.087Z,DOGEUSDT,5,0.13101,0.00470500896069,1
4.60466333333,2022-01-24T17:36:16.788Z,DOGEUSDT,5,0.13062,0.00172369726963,1
4.60882611111,2022-01-24T17:36:31.774Z,DOGEUSDT,5,0.130659130435,0.00202322701018,2
4.60888472222,2022-01-24T17:36:31.985Z,DOGEUSDT,5,0.13078,0.00294787492825,1
4.65876138889,2022-01-24T17:39:31.541Z,DOGEUSDT,5,0.13074,0.0026419709797,1
4.66018944444,2022-01-24T17:39:36.682Z,DOGEUSDT,5,0.13086,0.00355940223671,2
4.66041,2022-01-24T17:39:37.476Z,DOGEUSDT,5,0.131301627907,0.00692853240459,3
4.66050555556,2022-01-24T17:39:37.820Z,DOGEUSDT,5,0.13136,0.00737299849923,1
4.68052083333,2022-01-24T17:40:49.875Z,DOGEUSDT,5,0.13114,0.00569680763059,3
4.68935694444,2022-01-24T17:41:21.685Z,DOGEUSDT,5,0.13126,0.00661144184069,3
4.70400416667,2022-01-24T17:42:14.415Z,DOGEUSDT,5,0.13159,0.00912238095716,3
4.70828361111,2022-01-24T17:42:29.821Z,DOGEUSDT,5,0.131713333333,0.0100591966123,3
4.71214361111,2022-01-24T17:42:43.717Z,DOGEUSDT,5,0.13179,0.0106410994509,1
4.7138475,2022-01-24T17:42:49.851Z,DOGEUSDT,5,0.13188,0.0113237709986,4
4.71387888889,2022-01-24T17:42:49.964Z,DOGEUSDT,5,0.13198,0.0120817487504,1
4.71481083333,2022-01-24T17:42:53.319Z,DOGEUSDT,5,0.13219,0.0136716343864,1
4.71795416667,2022-01-24T17:43:04.635Z,DOGEUSDT,5,0.13205,0.0126119915383,1
4.71871333333,2022-01-24T17:43:07.368Z,DOGEUSDT,5,0.13205,0.0126119915383,1
4.71877222222,2022-01-24T17:43:07.580Z,DOGEUSDT,5,0.13205,0.0126119915383,1
4.73105583333,2022-01-24T17:43:51.801Z,DOGEUSDT,5,0.1317,0.00995796154435,1
4.73909222222,2022-01-24T17:44:20.732Z,DOGEUSDT,5,0.131849528222,0.0110926874493,3
4.7391225,2022-01-24T17:44:20.841Z,DOGEUSDT,5,0.13188,0.0113237709986,1
4.76670416667,2022-01-24T17:46:00.135Z,DOGEUSDT,5,0.13171,0.0100338888061,1
4.76779944444,2022-01-24T17:46:04.078Z,DOGEUSDT,5,0.13171,0.0100338888061,1
4.7689225,2022-01-24T17:46:08.121Z,DOGEUSDT,5,0.13185,0.0110962655944,3
4.76893666667,2022-01-24T17:46:08.172Z,DOGEUSDT,5,0.13201,0.0123090300878,1
4.77129166667,2022-01-24T17:46:16.650Z,DOGEUSDT,5,0.13202,0.0123847790557,3
4.77247472222,2022-01-24T17:46:20.909Z,DOGEUSDT,5,0.13224,0.0140498063079,3
4.77668527778,2022-01-24T17:46:36.067Z,DOGEUSDT,5,0.13185,0.0110962655944,1
4.77926972222,2022-01-24T17:46:45.371Z,DOGEUSDT,5,0.13201,0.0123090300878,2
4.77999777778,2022-01-24T17:46:47.992Z,DOGEUSDT,5,0.13202,0.0123847790557,1
4.79641638889,2022-01-24T17:47:47.099Z,DOGEUSDT,5,0.13212,0.0131419533177,2
4.79758972222,2022-01-24T17:47:51.323Z,DOGEUSDT,5,0.132504125874,0.0160451364092,3
4.79761527778,2022-01-24T17:47:51.415Z,DOGEUSDT,5,0.13251,0.0160894670717,1
4.79763777778,2022-01-24T17:47:51.496Z,DOGEUSDT,5,0.13251,0.0160894670717,1
4.79765027778,2022-01-24T17:47:51.541Z,DOGEUSDT,5,0.132514174757,0.0161209717998,2
4.79766666667,2022-01-24T17:47:51.600Z,DOGEUSDT,5,0.13252,0.0161649302268,1
4.79766722222,2022-01-24T17:47:51.602Z,DOGEUSDT,5,0.13252,0.0161649302268,1
4.79767611111,2022-01-24T17:47:51.634Z,DOGEUSDT,5,0.13252,0.0161649302268,1
4.801145,2022-01-24T17:48:04.122Z,DOGEUSDT,5,0.13224,0.0140498063079,1
4.80224722222,2022-01-24T17:48:08.090Z,DOGEUSDT,5,0.13224,0.0140498063079,1
4.83230555556,2022-01-24T17:49:56.300Z,DOGEUSDT,5,0.132413333333,0.0153596961622,3
4.85372166667,2022-01-24T17:51:13.398Z,DOGEUSDT,5,0.132558080495,0.0164522455382,3
4.85373888889,2022-01-24T17:51:13.460Z,DOGEUSDT,5,0.13255,0.0163912855302,1
4.85608972222,2022-01-24T17:51:21.923Z,DOGEUSDT,5,0.13257,0.0165421606059,3
4.85770638889,2022-01-24T17:51:27.743Z,DOGEUSDT,5,0.13311,0.020607206854,3
4.88187,2022-01-24T17:52:54.732Z,DOGEUSDT,5,0.13277,0.0180496607029,3
4.91900138889,2022-01-24T17:55:08.405Z,DOGEUSDT,5,0.13296,0.0194796839023,2
4.92100916667,2022-01-24T17:55:15.633Z,DOGEUSDT,5,0.13296,0.0194796839023,1
4.92165305556,2022-01-24T17:55:17.951Z,DOGEUSDT,5,0.132973333333,0.0195799596607,3
4.92948805556,2022-01-24T17:55:46.157Z,DOGEUSDT,5,0.1331884,0.021196020022,4
4.94239583333,2022-01-24T17:56:32.625Z,DOGEUSDT,5,0.13311,0.020607206854,3
4.94246916667,2022-01-24T17:56:32.889Z,DOGEUSDT,5,0.13311,0.020607206854,1
4.94247861111,2022-01-24T17:56:32.923Z,DOGEUSDT,5,0.13311,0.020607206854,1
4.94248,2022-01-24T17:56:32.928Z,DOGEUSDT,5,0.13311,0.020607206854,1
4.94253944444,2022-01-24T17:56:33.142Z,DOGEUSDT,5,0.13311,0.020607206854,1
4.94304666667,2022-01-24T17:56:34.968Z,DOGEUSDT,5,0.13311,0.020607206854,1
4.943085,2022-01-24T17:56:35.106Z,DOGEUSDT,5,0.13311,0.020607206854,1
4.94309555556,2022-01-24T17:56:35.144Z,DOGEUSDT,5,0.13311,0.020607206854,2
4.943545,2022-01-24T17:56:36.762Z,DOGEUSDT,5,0.133192,0.0212230490377,2
4.94354666667,2022-01-24T17:56:36.768Z,DOGEUSDT,5,0.1332,0.0212831109014,1
4.94354777778,2022-01-24T17:56:36.772Z,DOGEUSDT,5,0.133200126316,0.0212840592177,2
4.94359694444,2022-01-24T17:56:36.949Z,DOGEUSDT,5,0.13319,0.0212080330081,1
4.99534527778,2022-01-24T17:59:43.243Z,DOGEUSDT,5,0.13265,0.0171454333789,1
5.02663305556,2022-01-24T18:01:35.879Z,DOGEUSDT,5,0.13183,0.010944566565,1
5.02663527778,2022-01-24T18:01:35.887Z,DOGEUSDT,5,0.13183,0.010944566565,1
5.02676472222,2022-01-24T18:01:36.353Z,DOGEUSDT,5,0.13183,0.010944566565,2
5.02676722222,2022-01-24T18:01:36.362Z,DOGEUSDT,5,0.13183,0.010944566565,1
5.02676916667,2022-01-24T18:01:36.369Z,DOGEUSDT,5,0.13183,0.010944566565,1
5.10034388889,2022-01-24T18:06:01.238Z,DOGEUSDT,5,0.13181,0.0107928445195,1
5.100345,2022-01-24T18:06:01.242Z,DOGEUSDT,5,0.13181,0.0107928445195,1
5.14435,2022-01-24T18:08:39.660Z,DOGEUSDT,5,0.13291,0.0191035602284,1
5.14456861111,2022-01-24T18:08:40.447Z,DOGEUSDT,5,0.13304,0.0200811876798,1
5.21555111111,2022-01-24T18:12:55.984Z,DOGEUSDT,5,0.1332,0.0212831109014,2
5.21578861111,2022-01-24T18:12:56.839Z,DOGEUSDT,5,0.133499895639,0.0235320489063,2
5.21585222222,2022-01-24T18:12:57.068Z,DOGEUSDT,5,0.1335,0.0235328306354,1
5.21585277778,2022-01-24T18:12:57.070Z,DOGEUSDT,5,0.1335,0.0235328306354,1
5.21589444444,2022-01-24T18:12:57.220Z,DOGEUSDT,5,0.1335,0.0235328306354,1
5.21592555556,2022-01-24T18:12:57.332Z,DOGEUSDT,5,0.13363,0.0245061395881,1
5.21638805556,2022-01-24T18:12:58.997Z,DOGEUSDT,5,0.13364,0.0245809702837,3
5.22028,2022-01-24T18:13:13.008Z,DOGEUSDT,5,0.13391,0.0265992853026,1
5.23723361111,2022-01-24T18:14:14.041Z,DOGEUSDT,5,0.133747482517,0.0253849160949,4
5.23920388889,2022-01-24T18:14:21.134Z,DOGEUSDT,5,0.13373,0.0252541946798,1
5.24038055556,2022-01-24T18:14:25.370Z,DOGEUSDT,5,0.13384638191,0.0261240914626,4
5.25146555556,2022-01-24T18:15:05.276Z,DOGEUSDT,5,0.133949378981,0.0268933125741,4
5.26345166667,2022-01-24T18:15:48.426Z,DOGEUSDT,5,0.13372,0.025179414347,1
5.27130194444,2022-01-24T18:16:16.687Z,DOGEUSDT,5,0.133793896104,0.0257318798963,3
5.27130583333,2022-01-24T18:16:16.701Z,DOGEUSDT,5,0.1338,0.0257775004892,1
5.27569638889,2022-01-24T18:16:32.507Z,DOGEUSDT,5,0.1338,0.0257775004892,2
5.27687916667,2022-01-24T18:16:36.765Z,DOGEUSDT,5,0.13394,0.026823291277,1
5.27873916667,2022-01-24T18:16:43.461Z,DOGEUSDT,5,0.13395,0.0268979487857,3
5.28551027778,2022-01-24T18:17:07.837Z,DOGEUSDT,5,0.134369963336,0.0300282688268,3
5.28552,2022-01-24T18:17:07.872Z,DOGEUSDT,5,0.13437,0.0300285416824,2
5.28905972222,2022-01-24T18:17:20.615Z,DOGEUSDT,5,0.13458,0.0315901705553,3
5.2901175,2022-01-24T18:17:24.423Z,DOGEUSDT,5,0.13473,0.0327041285629,1
5.29016361111,2022-01-24T18:17:24.589Z,DOGEUSDT,5,0.13473,0.0327041285629,1
5.29021277778,2022-01-24T18:17:24.766Z,DOGEUSDT,5,0.13475,0.0328525625842,2
5.29028083333,2022-01-24T18:17:25.011Z,DOGEUSDT,5,0.1348,0.0332235512733,1
5.29374027778,2022-01-24T18:17:37.465Z,DOGEUSDT,5,0.134843333333,0.033544963512,3
5.30679416667,2022-01-24T18:18:24.459Z,DOGEUSDT,5,0.13472,0.0326299032891,3
5.31889277778,2022-01-24T18:19:08.014Z,DOGEUSDT,5,0.135087878788,0.0353568734392,4
5.37124611111,2022-01-24T18:22:16.486Z,DOGEUSDT,5,0.13419,0.028688058908,1
5.42333194444,2022-01-24T18:25:23.995Z,DOGEUSDT,5,0.13375,0.0254037385712,1
5.42349333333,2022-01-24T18:25:24.576Z,DOGEUSDT,5,0.13375,0.0254037385712,1
5.42351555556,2022-01-24T18:25:24.656Z,DOGEUSDT,5,0.13375,0.0254037385712,1
5.42352166667,2022-01-24T18:25:24.678Z,DOGEUSDT,5,0.13375,0.0254037385712,1
5.42359222222,2022-01-24T18:25:24.932Z,DOGEUSDT,5,0.13375,0.0254037385712,1
5.42364638889,2022-01-24T18:25:25.127Z,DOGEUSDT,5,0.13375,0.0254037385712,1
5.42371138889,2022-01-24T18:25:25.361Z,DOGEUSDT,5,0.13375,0.0254037385712,1
5.42375444444,2022-01-24T18:25:25.516Z,DOGEUSDT,5,0.13375,0.0254037385712,1
5.42375888889,2022-01-24T18:25:25.532Z,DOGEUSDT,5,0.13375,0.0254037385712,1
5.4740675,2022-01-24T18:28:26.643Z,DOGEUSDT,5,0.13364,0.0245809702837,1
5.47406861111,2022-01-24T18:28:26.647Z,DOGEUSDT,5,0.13364,0.0245809702837,1
5.47479444444,2022-01-24T18:28:29.260Z,DOGEUSDT,5,0.13365,0.02465579538,1
5.47784305556,2022-01-24T18:28:40.235Z,DOGEUSDT,5,0.13364,0.0245809702837,1
5.48201222222,2022-01-24T18:28:55.244Z,DOGEUSDT,5,0.13355,0.0239072923511,1
5.49185722222,2022-01-24T18:29:30.686Z,DOGEUSDT,5,0.13356,0.0239821678706,1
5.58233805556,2022-01-24T18:34:56.417Z,DOGEUSDT,5,0.13382,0.0259269661498,1
5.612555,2022-01-24T18:36:45.198Z,DOGEUSDT,5,0.1336,0.0242816138977,1
5.6367025,2022-01-24T18:38:12.129Z,DOGEUSDT,5,0.1336,0.0242816138977,1
5.63671083333,2022-01-24T18:38:12.159Z,DOGEUSDT,5,0.1336,0.0242816138977,1
5.63672694444,2022-01-24T18:38:12.217Z,DOGEUSDT,5,0.1336,0.0242816138977,1
5.63673666667,2022-01-24T18:38:12.252Z,DOGEUSDT,5,0.1336,0.0242816138977,1
5.63678444444,2022-01-24T18:38:12.424Z,DOGEUSDT,5,0.1336,0.0242816138977,1
5.6368875,2022-01-24T18:38:12.795Z,DOGEUSDT,5,0.1336,0.0242816138977,1
5.64497861111,2022-01-24T18:38:41.923Z,DOGEUSDT,5,0.13352,0.0236826321487,1
5.64498777778,2022-01-24T18:38:41.956Z,DOGEUSDT,5,0.13352,0.0236826321487,1
5.65096611111,2022-01-24T18:39:03.478Z,DOGEUSDT,5,0.13382,0.0259269661498,1
5.66012138889,2022-01-24T18:39:36.437Z,DOGEUSDT,5,0.13358,0.0241319020926,1
5.75293611111,2022-01-24T18:45:10.570Z,DOGEUSDT,5,0.13374,0.0253289694209,1
5.76850611111,2022-01-24T18:46:06.622Z,DOGEUSDT,5,0.13423,0.0289860992947,2
5.78510694444,2022-01-24T18:47:06.385Z,DOGEUSDT,5,0.13448,0.0308468418955,1
5.78511111111,2022-01-24T18:47:06.400Z,DOGEUSDT,5,0.13448,0.0308468418955,1
5.82138972222,2022-01-24T18:49:17.003Z,DOGEUSDT,5,0.13444,0.030549355652,2
5.82142138889,2022-01-24T18:49:17.117Z,DOGEUSDT,5,0.13476,0.0329267713335,1
5.82163555556,2022-01-24T18:49:17.888Z,DOGEUSDT,5,0.134998658892,0.0346961970518,2
5.82164,2022-01-24T18:49:17.904Z,DOGEUSDT,5,0.135,0.0347061312335,1
5.82165333333,2022-01-24T18:49:17.952Z,DOGEUSDT,5,0.135,0.0347061312335,1
5.84198,2022-01-24T18:50:31.128Z,DOGEUSDT,5,0.134899065934,0.0339581918489,4
5.84446611111,2022-01-24T18:50:40.078Z,DOGEUSDT,5,0.13501,0.0347802025643,4
5.88231305556,2022-01-24T18:52:56.327Z,DOGEUSDT,5,0.13462,0.0318873473777,2
5.88232194444,2022-01-24T18:52:56.359Z,DOGEUSDT,5,0.13462,0.0318873473777,1
5.88234166667,2022-01-24T18:52:56.430Z,DOGEUSDT,5,0.13462,0.0318873473777,1
5.88238222222,2022-01-24T18:52:56.576Z,DOGEUSDT,5,0.13462,0.0318873473777,1
5.88240027778,2022-01-24T18:52:56.641Z,DOGEUSDT,5,0.13462,0.0318873473777,1
5.88243222222,2022-01-24T18:52:56.756Z,DOGEUSDT,5,0.13462,0.0318873473777,1
5.88244194444,2022-01-24T18:52:56.791Z,DOGEUSDT,5,0.13462,0.0318873473777,1
5.88244833333,2022-01-24T18:52:56.814Z,DOGEUSDT,5,0.13462,0.0318873473777,2
5.88342666667,2022-01-24T18:53:00.336Z,DOGEUSDT,5,0.13462,0.0318873473777,3
5.88398861111,2022-01-24T18:53:02.359Z,DOGEUSDT,5,0.13462,0.0318873473777,1
5.88399138889,2022-01-24T18:53:02.369Z,DOGEUSDT,5,0.13462,0.0318873473777,1
5.88400472222,2022-01-24T18:53:02.417Z,DOGEUSDT,5,0.13462,0.0318873473777,1
5.88408027778,2022-01-24T18:53:02.689Z,DOGEUSDT,5,0.13462,0.0318873473777,1
5.88543972222,2022-01-24T18:53:07.583Z,DOGEUSDT,5,0.13482,0.0333719082204,2
5.88583861111,2022-01-24T18:53:09.019Z,DOGEUSDT,5,0.13482,0.0333719082204,3
5.88589444444,2022-01-24T18:53:09.220Z,DOGEUSDT,5,0.13482,0.0333719082204,1
5.90202,2022-01-24T18:54:07.272Z,DOGEUSDT,5,0.13452,0.0311442396672,1
5.92076888889,2022-01-24T18:55:14.768Z,DOGEUSDT,5,0.134725,0.0326670166147,2
5.92390277778,2022-01-24T18:55:26.050Z,DOGEUSDT,5,0.13469,0.0324071944058,3
6.04086805556,2022-01-24T19:02:27.125Z,DOGEUSDT,5,0.13474,0.0327783483276,1
6.04218111111,2022-01-24T19:02:31.852Z,DOGEUSDT,5,0.13473,0.0327041285629,1
6.05044472222,2022-01-24T19:03:01.601Z,DOGEUSDT,5,0.134928404558,0.0341756539509,3
6.05044527778,2022-01-24T19:03:01.603Z,DOGEUSDT,5,0.13493,0.0341874782378,1
6.05045222222,2022-01-24T19:03:01.628Z,DOGEUSDT,5,0.13493,0.0341874782378,1
6.05045361111,2022-01-24T19:03:01.633Z,DOGEUSDT,5,0.134932102564,0.0342030607452,2
6.05045611111,2022-01-24T19:03:01.642Z,DOGEUSDT,5,0.13494,0.0342615879944,1
6.05046055556,2022-01-24T19:03:01.658Z,DOGEUSDT,5,0.13494,0.0342615879944,1
6.21933388889,2022-01-24T19:13:09.602Z,DOGEUSDT,5,0.1344,0.0302517808842,1
6.23428972222,2022-01-24T19:14:03.443Z,DOGEUSDT,5,0.13407,0.0277934044086,1
6.23458944444,2022-01-24T19:14:04.522Z,DOGEUSDT,5,0.13403,0.0274950082855,1
6.23459,2022-01-24T19:14:04.524Z,DOGEUSDT,5,0.13403,0.0274950082855,1
6.25305944444,2022-01-24T19:15:11.014Z,DOGEUSDT,5,0.13404,0.0275696156642,1
6.25306638889,2022-01-24T19:15:11.039Z,DOGEUSDT,5,0.13404,0.0275696156642,1
6.2530675,2022-01-24T19:15:11.043Z,DOGEUSDT,5,0.13404,0.0275696156642,1
6.25335361111,2022-01-24T19:15:12.073Z,DOGEUSDT,5,0.13404,0.0275696156642,1
6.318925,2022-01-24T19:19:08.130Z,DOGEUSDT,5,0.13391,0.0265992853026,1
6.3218725,2022-01-24T19:19:18.741Z,DOGEUSDT,5,0.134155404339,0.0284302146492,2
6.32188416667,2022-01-24T19:19:18.783Z,DOGEUSDT,5,0.13416,0.0284644703101,1
6.32281638889,2022-01-24T19:19:22.139Z,DOGEUSDT,5,0.13431,0.0295819137161,1
6.33704694444,2022-01-24T19:20:13.369Z,DOGEUSDT,5,0.13404,0.0275696156642,1
6.3370475,2022-01-24T19:20:13.371Z,DOGEUSDT,5,0.13404,0.0275696156642,1
6.34222805556,2022-01-24T19:20:32.021Z,DOGEUSDT,5,0.13452,0.0311442396672,1
6.34223416667,2022-01-24T19:20:32.043Z,DOGEUSDT,5,0.13452,0.0311442396672,1
6.34223555556,2022-01-24T19:20:32.048Z,DOGEUSDT,5,0.13452,0.0311442396672,1
6.34224027778,2022-01-24T19:20:32.065Z,DOGEUSDT,5,0.13452,0.0311442396672,1
6.34224416667,2022-01-24T19:20:32.079Z,DOGEUSDT,5,0.13452,0.0311442396672,1
6.42447111111,2022-01-24T19:25:28.096Z,DOGEUSDT,5,0.13386,0.0262258304676,1
6.42557972222,2022-01-24T19:25:32.087Z,DOGEUSDT,5,0.13386,0.0262258304676,1
6.43332777778,2022-01-24T19:25:59.980Z,DOGEUSDT,5,0.13389,0.0264499201044,1
6.47769944444,2022-01-24T19:28:39.718Z,DOGEUSDT,5,0.1339,0.0265246054922,1
6.6500975,2022-01-24T19:39:00.351Z,DOGEUSDT,5,0.13351,0.0236077341971,1
6.656825,2022-01-24T19:39:24.570Z,DOGEUSDT,5,0.13351,0.0236077341971,1
6.76919277778,2022-01-24T19:46:09.094Z,DOGEUSDT,5,0.13337,0.0225585734294,1
6.76923611111,2022-01-24T19:46:09.250Z,DOGEUSDT,5,0.13337,0.0225585734294,1
6.76924194444,2022-01-24T19:46:09.271Z,DOGEUSDT,5,0.13337,0.0225585734294,1
6.76958083333,2022-01-24T19:46:10.491Z,DOGEUSDT,5,0.13337,0.0225585734294,1
6.76960055556,2022-01-24T19:46:10.562Z,DOGEUSDT,5,0.13337,0.0225585734294,1
6.76960916667,2022-01-24T19:46:10.593Z,DOGEUSDT,5,0.13337,0.0225585734294,1
6.769615,2022-01-24T19:46:10.614Z,DOGEUSDT,5,0.13337,0.0225585734294,1
6.77113722222,2022-01-24T19:46:16.094Z,DOGEUSDT,5,0.13337,0.0225585734294,1
6.77637166667,2022-01-24T19:46:34.938Z,DOGEUSDT,5,0.13338,0.0226335499993,1
6.78403888889,2022-01-24T19:47:02.540Z,DOGEUSDT,5,0.13353,0.023757524491,1
6.78404055556,2022-01-24T19:47:02.546Z,DOGEUSDT,5,0.13353,0.023757524491,1
6.78786472222,2022-01-24T19:47:16.313Z,DOGEUSDT,5,0.13355,0.0239072923511,1
6.79002388889,2022-01-24T19:47:24.086Z,DOGEUSDT,5,0.13355,0.0239072923511,1
6.95043527778,2022-01-24T19:57:01.567Z,DOGEUSDT,5,0.13376,0.0254785021315,1
6.95044694444,2022-01-24T19:57:01.609Z,DOGEUSDT,5,0.13376,0.0254785021315,1
6.95045138889,2022-01-24T19:57:01.625Z,DOGEUSDT,5,0.13376,0.0254785021315,1
6.95046611111,2022-01-24T19:57:01.678Z,DOGEUSDT,5,0.13376,0.0254785021315,1
6.95046833333,2022-01-24T19:57:01.686Z,DOGEUSDT,5,0.13376,0.0254785021315,1
6.95047333333,2022-01-24T19:57:01.704Z,DOGEUSDT,5,0.13376,0.0254785021315,1
6.95243111111,2022-01-24T19:57:08.752Z,DOGEUSDT,5,0.133764974874,0.0255156939815,2
6.992105,2022-01-24T19:59:31.578Z,DOGEUSDT,5,0.13436,0.0299541175392,1
