time_hours,timestamp,symbol,instrument_index,price,centered_log_price,raw_trade_count_at_timestamp
0.000163888888889,2022-01-24T13:00:00.590Z,XBTUSDT,1,33115.5,-0.0209679502602,1
0.00122972222222,2022-01-24T13:00:04.427Z,XBTUSDT,1,33178.1942446,-0.0190765407073,3
0.00301388888889,2022-01-24T13:00:10.850Z,XBTUSDT,1,33118.5,-0.0208773623445,1
0.00301583333333,2022-01-24T13:00:10.857Z,XBTUSDT,1,33118.5,-0.0208773623445,1
0.00303333333333,2022-01-24T13:00:10.920Z,XBTUSDT,1,33118.5,-0.0208773623445,1
0.00351611111111,2022-01-24T13:00:12.658Z,XBTUSDT,1,33130.9625,-0.0205011328726,2
0.00664611111111,2022-01-24T13:00:23.926Z,XBTUSDT,1,33000,-0.0244618395144,3
0.00665638888889,2022-01-24T13:00:23.963Z,XBTUSDT,1,33000,-0.0244618395144,1
0.00677472222222,2022-01-24T13:00:24.389Z,XBTUSDT,1,32985.5,-0.0249013300156,1
0.00678111111111,2022-01-24T13:00:24.412Z,XBTUSDT,1,32973.6875,-0.0252595060507,2
0.00678305555556,2022-01-24T13:00:24.419Z,XBTUSDT,1,32972,-0.0253106845299,1
0.00679666666667,2022-01-24T13:00:24.468Z,XBTUSDT,1,32972,-0.0253106845299,1
0.00687777777778,2022-01-24T13:00:24.760Z,XBTUSDT,1,32953,-0.025887097136,1
0.00730722222222,2022-01-24T13:00:26.306Z,XBTUSDT,1,32940.5,-0.0262664972331,1
0.00731,2022-01-24T13:00:26.316Z,XBTUSDT,1,32919.2774275,-0.0269109747601,5
0.00737055555556,2022-01-24T13:00:26.534Z,XBTUSDT,1,32929.5,-0.026600488431,1
0.00737555555556,2022-01-24T13:00:26.552Z,XBTUSDT,1,32929.5,-0.026600488431,1
0.00751027777778,2022-01-24T13:00:27.037Z,XBTUSDT,1,32900.541,-0.0274802995758,4
0.00760972222222,2022-01-24T13:00:27.395Z,XBTUSDT,1,32995,-0.0246133661455,1
0.00881833333333,2022-01-24T13:00:31.746Z,XBTUSDT,1,32991,-0.024734603984,1
0.00883833333333,2022-01-24T13:00:31.818Z,XBTUSDT,1,32991.5,-0.0247194484503,1
0.00886083333333,2022-01-24T13:00:31.899Z,XBTUSDT,1,32998.5,-0.024507295093,1
0.00891027777778,2022-01-24T13:00:32.077Z,XBTUSDT,1,32953,-0.025887097136,1
0.0104247222222,2022-01-24T13:00:37.529Z,XBTUSDT,1,32990,-0.0247649157404,1
0.0111105555556,2022-01-24T13:00:39.998Z,XBTUSDT,1,32969.2681564,-0.025393541401,2
0.0125402777778,2022-01-24T13:00:45.145Z,XBTUSDT,1,32955.5,-0.0258112343868,1
0.0125936111111,2022-01-24T13:00:45.337Z,XBTUSDT,1,32996,-0.0245830589824,1
0.012605,2022-01-24T13:00:45.378Z,XBTUSDT,1,32996,-0.0245830589824,1
0.0132827777778,2022-01-24T13:00:47.818Z,XBTUSDT,1,33030,-0.0235531615782,1
0.0145047222222,2022-01-24T13:00:52.217Z,XBTUSDT,1,33100,-0.0214361185979,1
0.0145175,2022-01-24T13:00:52.263Z,XBTUSDT,1,33105.5,-0.0212699692595,1
0.0145197222222,2022-01-24T13:00:52.271Z,XBTUSDT,1,33105.5,-0.0212699692595,1
0.0145725,2022-01-24T13:00:52.461Z,XBTUSDT,1,33105.5,-0.0212699692595,1
0.0145791666667,2022-01-24T13:00:52.485Z,XBTUSDT,1,33120.2,-0.0208260328348,2
0.0147077777778,2022-01-24T13:00:52.948Z,XBTUSDT,1,33125,-0.0206811166745,1
0.0148408333333,2022-01-24T13:00:53.427Z,XBTUSDT,1,33159.9591002,-0.0196263041222,3
0.0150622222222,2022-01-24T13:00:54.224Z,XBTUSDT,1,33175,-0.0191728207626,1
0.0150644444444,2022-01-24T13:00:54.232Z,XBTUSDT,1,33175,-0.0191728207626,1
0.0152,2022-01-24T13:00:54.720Z,XBTUSDT,1,33200,-0.0184195250585,1
0.0160358333333,2022-01-24T13:00:57.729Z,XBTUSDT,1,33237,-0.0173056877743,1
0.0161491666667,2022-01-24T13:00:58.137Z,XBTUSDT,1,33250,-0.0169146338791,1
0.0175744444444,2022-01-24T13:01:03.268Z,XBTUSDT,1,33274.5,-0.0161780631087,1
0.0179011111111,2022-01-24T13:01:04.444Z,XBTUSDT,1,33289,-0.0157423888959,1
0.0179322222222,2022-01-24T13:01:04.556Z,XBTUSDT,1,33289,-0.0157423888959,1
0.0179341666667,2022-01-24T13:01:04.563Z,XBTUSDT,1,33289,-0.0157423888959,1
0.0179583333333,2022-01-24T13:01:04.650Z,XBTUSDT,1,33289,-0.0157423888959,1
0.01796,2022-01-24T13:01:04.656Z,XBTUSDT,1,33289,-0.0157423888959,1
0.0179608333333,2022-01-24T13:01:04.659Z,XBTUSDT,1,33289,-0.0157423888959,2
0.0179616666667,2022-01-24T13:01:04.662Z,XBTUSDT,1,33289,-0.0157423888959,1
0.0179627777778,2022-01-24T13:01:04.666Z,XBTUSDT,1,33289,-0.0157423888959,1
0.0179636111111,2022-01-24T13:01:04.669Z,XBTUSDT,1,33289,-0.0157423888959,1
0.0182044444444,2022-01-24T13:01:05.536Z,XBTUSDT,1,33289.5,-0.0157273690322,1
0.0182141666667,2022-01-24T13:01:05.571Z,XBTUSDT,1,33349.5,-0.0139266212354,1
0.0192297222222,2022-01-24T13:01:09.227Z,XBTUSDT,1,33350,-0.0139116286193,1
0.0203041666667,2022-01-24T13:01:13.095Z,XBTUSDT,1,33359.5,-0.0136268116123,1
0.0206502777778,2022-01-24T13:01:14.341Z,XBTUSDT,1,33399,-0.0124434415662,1
0.0206630555556,2022-01-24T13:01:14.387Z,XBTUSDT,1,33400,-0.0124135009983,1
0.0206758333333,2022-01-24T13:01:14.433Z,XBTUSDT,1,33400.5,-0.0123985310504,1
0.0207861111111,2022-01-24T13:01:14.830Z,XBTUSDT,1,33410.5,-0.0120991791451,1
0.0208536111111,2022-01-24T13:01:15.073Z,XBTUSDT,1,33423.5,-0.0117101555893,1
0.0209375,2022-01-24T13:01:15.375Z,XBTUSDT,1,33444,-0.0110970026931,2
0.0238827777778,2022-01-24T13:01:25.978Z,XBTUSDT,1,33423,-0.0117251152356,1
0.0238880555556,2022-01-24T13:01:25.997Z,XBTUSDT,1,33423,-0.0117251152356,1
0.0239038888889,2022-01-24T13:01:26.054Z,XBTUSDT,1,33423,-0.0117251152356,1
0.0239483333333,2022-01-24T13:01:26.214Z,XBTUSDT,1,33407.5,-0.0121889753078,1
0.02752,2022-01-24T13:01:39.072Z,XBTUSDT,1,33495.5,-0.00955829953097,1
0.0279788888889,2022-01-24T13:01:40.724Z,XBTUSDT,1,33495.5,-0.00955829953097,1
0.0288536111111,2022-01-24T13:01:43.873Z,XBTUSDT,1,33435.4769585,-0.01135188033,4
0.0288602777778,2022-01-24T13:01:43.897Z,XBTUSDT,1,33427.5,-0.0115904864742,2
0.0289322222222,2022-01-24T13:01:44.156Z,XBTUSDT,1,33442,-0.0111568059404,1
0.0289727777778,2022-01-24T13:01:44.302Z,XBTUSDT,1,33442.5,-0.0111418547933,1
0.0289769444444,2022-01-24T13:01:44.317Z,XBTUSDT,1,33427.5,-0.0115904864742,1
0.0289797222222,2022-01-24T13:01:44.327Z,XBTUSDT,1,33427.5,-0.0115904864742,1
0.0289822222222,2022-01-24T13:01:44.336Z,XBTUSDT,1,33380.304878,-0.0130033492345,2
0.0290113888889,2022-01-24T13:01:44.441Z,XBTUSDT,1,33363,-0.0135218994761,1
0.029035,2022-01-24T13:01:44.526Z,XBTUSDT,1,33341.3542553,-0.0141709049476,2
0.0290858333333,2022-01-24T13:01:44.709Z,XBTUSDT,1,33299.942896,-0.0154137188312,2
0.0294438888889,2022-01-24T13:01:45.998Z,XBTUSDT,1,33259.5,-0.0166289604019,1
0.0294461111111,2022-01-24T13:01:46.006Z,XBTUSDT,1,33259.5,-0.0166289604019,1
0.0294475,2022-01-24T13:01:46.011Z,XBTUSDT,1,33259.5,-0.0166289604019,1
0.0294497222222,2022-01-24T13:01:46.019Z,XBTUSDT,1,33259.5,-0.0166289604019,1
0.0294963888889,2022-01-24T13:01:46.187Z,XBTUSDT,1,33339.5967366,-0.0142236192144,4
0.0296138888889,2022-01-24T13:01:46.610Z,XBTUSDT,1,33226.5,-0.0176216506738,1
0.0296163888889,2022-01-24T13:01:46.619Z,XBTUSDT,1,33226.5,-0.0176216506738,1
0.0298861111111,2022-01-24T13:01:47.590Z,XBTUSDT,1,33248.5,-0.0169597476786,1
0.0299988888889,2022-01-24T13:01:47.996Z,XBTUSDT,1,33248.5,-0.0169597476786,1
0.0300144444444,2022-01-24T13:01:48.052Z,XBTUSDT,1,33248.5,-0.0169597476786,1
0.0300180555556,2022-01-24T13:01:48.065Z,XBTUSDT,1,33248.5,-0.0169597476786,1
0.0300197222222,2022-01-24T13:01:48.071Z,XBTUSDT,1,33248.5,-0.0169597476786,1
0.0300213888889,2022-01-24T13:01:48.077Z,XBTUSDT,1,33248.5,-0.0169597476786,1
0.0300344444444,2022-01-24T13:01:48.124Z,XBTUSDT,1,33182.5,-0.0189467724627,1
0.0300633333333,2022-01-24T13:01:48.228Z,XBTUSDT,1,33216.5,-0.0179226605643,1
0.0301372222222,2022-01-24T13:01:48.494Z,XBTUSDT,1,33216.5,-0.0179226605643,1
0.0304036111111,2022-01-24T13:01:49.453Z,XBTUSDT,1,33234.5,-0.0173809079815,1
0.0304247222222,2022-01-24T13:01:49.529Z,XBTUSDT,1,33234.5,-0.0173809079815,1
0.0304766666667,2022-01-24T13:01:49.716Z,XBTUSDT,1,33234.5,-0.0173809079815,1
0.0305094444444,2022-01-24T13:01:49.834Z,XBTUSDT,1,33218.5,-0.0178624513372,1
0.0305911111111,2022-01-24T13:01:50.128Z,XBTUSDT,1,33255.5,-0.0167492340245,1
0.0305927777778,2022-01-24T13:01:50.134Z,XBTUSDT,1,33193,-0.0186303906626,1
0.0306475,2022-01-24T13:01:50.331Z,XBTUSDT,1,33189.7436709,-0.0187284983615,2
0.0307752777778,2022-01-24T13:01:50.791Z,XBTUSDT,1,33182.5,-0.0189467724627,1
0.0307897222222,2022-01-24T13:01:50.843Z,XBTUSDT,1,33182.5,-0.0189467724627,1
0.0308752777778,2022-01-24T13:01:51.151Z,XBTUSDT,1,33183,-0.0189317043927,1
0.0310566666667,2022-01-24T13:01:51.804Z,XBTUSDT,1,33254,-0.0167943403627,1
0.0311655555556,2022-01-24T13:01:52.196Z,XBTUSDT,1,33253,-0.0168244123852,1
0.0312130555556,2022-01-24T13:01:52.367Z,XBTUSDT,1,33183.5,-0.0189166365497,1
0.0312397222222,2022-01-24T13:01:52.463Z,XBTUSDT,1,33183.5,-0.0189166365497,1
0.0313244444444,2022-01-24T13:01:52.768Z,XBTUSDT,1,33184,-0.0189015689338,1
0.0313922222222,2022-01-24T13:01:53.012Z,XBTUSDT,1,33183.5,-0.0189166365497,1
0.0314175,2022-01-24T13:01:53.103Z,XBTUSDT,1,33183.5,-0.0189166365497,1
0.0314836111111,2022-01-24T13:01:53.341Z,XBTUSDT,1,33269,-0.0163433685108,1
0.0315716666667,2022-01-24T13:01:53.658Z,XBTUSDT,1,33184,-0.0189015689338,1
0.0316902777778,2022-01-24T13:01:54.085Z,XBTUSDT,1,33302.8604651,-0.0153261078304,2
0.0319819444444,2022-01-24T13:01:55.135Z,XBTUSDT,1,33208.5,-0.0181635337307,1
0.0322075,2022-01-24T13:01:55.947Z,XBTUSDT,1,33209.5866667,-0.0181308117201,3
0.0322733333333,2022-01-24T13:01:56.184Z,XBTUSDT,1,33301.3410156,-0.0153717340659,4
0.0344141666667,2022-01-24T13:02:03.891Z,XBTUSDT,1,33206.5,-0.018223761089,1
0.0344166666667,2022-01-24T13:02:03.900Z,XBTUSDT,1,33206.5,-0.018223761089,1
0.0344197222222,2022-01-24T13:02:03.911Z,XBTUSDT,1,33206.5,-0.018223761089,1
0.0344216666667,2022-01-24T13:02:03.918Z,XBTUSDT,1,33206.5,-0.018223761089,1
0.0344244444444,2022-01-24T13:02:03.928Z,XBTUSDT,1,33206.5,-0.018223761089,1
0.0344311111111,2022-01-24T13:02:03.952Z,XBTUSDT,1,33206.5,-0.018223761089,1
0.0344358333333,2022-01-24T13:02:03.969Z,XBTUSDT,1,33200,-0.0184195250585,1
0.0362838888889,2022-01-24T13:02:10.622Z,XBTUSDT,1,33255.5,-0.0167492340245,1
0.0362913888889,2022-01-24T13:02:10.649Z,XBTUSDT,1,33255.5,-0.0167492340245,1
0.0364077777778,2022-01-24T13:02:11.068Z,XBTUSDT,1,33255.5,-0.0167492340245,1
0.0369663888889,2022-01-24T13:02:13.079Z,XBTUSDT,1,33294,-0.0155922004091,1
0.0385852777778,2022-01-24T13:02:18.907Z,XBTUSDT,1,33336,-0.0143315068608,1
0.0394897222222,2022-01-24T13:02:22.163Z,XBTUSDT,1,33331,-0.0144815061111,1
0.0395905555556,2022-01-24T13:02:22.526Z,XBTUSDT,1,33314.5,-0.0149766633336,1
0.0395911111111,2022-01-24T13:02:22.528Z,XBTUSDT,1,33314.5,-0.0149766633336,1
0.0397219444444,2022-01-24T13:02:22.999Z,XBTUSDT,1,33285,-0.0158625559283,1
0.0491294444444,2022-01-24T13:02:56.866Z,XBTUSDT,1,33292.5,-0.0156372545868,1
0.0492033333333,2022-01-24T13:02:57.132Z,XBTUSDT,1,33292.5,-0.0156372545868,1
0.0492091666667,2022-01-24T13:02:57.153Z,XBTUSDT,1,33292.5,-0.0156372545868,1
0.0492219444444,2022-01-24T13:02:57.199Z,XBTUSDT,1,33292.5,-0.0156372545868,1
0.0508094444444,2022-01-24T13:03:02.914Z,XBTUSDT,1,33350.3203125,-0.0139020240927,5
0.0513680555556,2022-01-24T13:03:04.925Z,XBTUSDT,1,33301,-0.0153819744154,2
0.0542325,2022-01-24T13:03:15.237Z,XBTUSDT,1,33287,-0.0158024706071,3
0.0583827777778,2022-01-24T13:03:30.178Z,XBTUSDT,1,33244.0535714,-0.0170934898299,2
0.0583983333333,2022-01-24T13:03:30.234Z,XBTUSDT,1,33242.1164323,-0.017151761771,5
0.0584177777778,2022-01-24T13:03:30.304Z,XBTUSDT,1,33205.8318792,-0.0182438814728,5
0.0586236111111,2022-01-24T13:03:31.045Z,XBTUSDT,1,33200,-0.0184195250585,1
0.0586311111111,2022-01-24T13:03:31.072Z,XBTUSDT,1,33200,-0.0184195250585,1
0.0587869444444,2022-01-24T13:03:31.633Z,XBTUSDT,1,33175,-0.0191728207626,1
0.0587894444444,2022-01-24T13:03:31.642Z,XBTUSDT,1,33175,-0.0191728207626,1
0.0588130555556,2022-01-24T13:03:31.727Z,XBTUSDT,1,33139.22,-0.0202519257713,2
0.0589444444444,2022-01-24T13:03:32.200Z,XBTUSDT,1,33130.5,-0.0205150927214,1
0.0590666666667,2022-01-24T13:03:32.640Z,XBTUSDT,1,33151.8507813,-0.0198708554022,4
0.0590969444444,2022-01-24T13:03:32.749Z,XBTUSDT,1,33126,-0.020650928451,2
0.0591502777778,2022-01-24T13:03:32.941Z,XBTUSDT,1,33128.5,-0.0205754618788,1
0.0592338888889,2022-01-24T13:03:33.242Z,XBTUSDT,1,33126.9310345,-0.020622822993,2
0.0592369444444,2022-01-24T13:03:33.253Z,XBTUSDT,1,33136.3007812,-0.0203400191945,2
0.0592591666667,2022-01-24T13:03:33.333Z,XBTUSDT,1,33125.5,-0.0206660224488,1
0.0592808333333,2022-01-24T13:03:33.411Z,XBTUSDT,1,33125.5,-0.0206660224488,1
0.0592844444444,2022-01-24T13:03:33.424Z,XBTUSDT,1,33125.5,-0.0206660224488,1
0.0595066666667,2022-01-24T13:03:34.224Z,XBTUSDT,1,33081,-0.0220103015363,1
0.0595075,2022-01-24T13:03:34.227Z,XBTUSDT,1,33081,-0.0220103015363,1
0.0595113888889,2022-01-24T13:03:34.241Z,XBTUSDT,1,33081,-0.0220103015363,1
0.0595133333333,2022-01-24T13:03:34.248Z,XBTUSDT,1,33081,-0.0220103015363,1
0.0595158333333,2022-01-24T13:03:34.257Z,XBTUSDT,1,33081,-0.0220103015363,1
0.0595163888889,2022-01-24T13:03:34.259Z,XBTUSDT,1,33081,-0.0220103015363,1
0.0595775,2022-01-24T13:03:34.479Z,XBTUSDT,1,33078.5,-0.0220858764726,1
0.0605802777778,2022-01-24T13:03:38.089Z,XBTUSDT,1,33106,-0.0212548661429,1
0.0605897222222,2022-01-24T13:03:38.123Z,XBTUSDT,1,33126.35,-0.020640362788,3
0.0606211111111,2022-01-24T13:03:38.236Z,XBTUSDT,1,33125.5,-0.0206660224488,1
0.0606222222222,2022-01-24T13:03:38.240Z,XBTUSDT,1,33126.5,-0.0206358346809,1
0.0606669444444,2022-01-24T13:03:38.401Z,XBTUSDT,1,33126.5,-0.0206358346809,1
0.0607136111111,2022-01-24T13:03:38.569Z,XBTUSDT,1,33141,-0.0201982144227,1
0.0607172222222,2022-01-24T13:03:38.582Z,XBTUSDT,1,33144.8878505,-0.0200809088966,2
0.0607680555556,2022-01-24T13:03:38.765Z,XBTUSDT,1,33172,-0.019263254392,1
0.0608061111111,2022-01-24T13:03:38.902Z,XBTUSDT,1,33184,-0.0189015689338,1
0.0608086111111,2022-01-24T13:03:38.911Z,XBTUSDT,1,33184,-0.0189015689338,1
0.0608569444444,2022-01-24T13:03:39.085Z,XBTUSDT,1,33184,-0.0189015689338,1
0.0609486111111,2022-01-24T13:03:39.415Z,XBTUSDT,1,33212.5,-0.018043089895,1
0.0611302777778,2022-01-24T13:03:40.069Z,XBTUSDT,1,33224,-0.0176968946525,1
0.0612566666667,2022-01-24T13:03:40.524Z,XBTUSDT,1,33224,-0.0176968946525,1
0.0616897222222,2022-01-24T13:03:42.083Z,XBTUSDT,1,33185.5,-0.0188563674482,1
0.0617025,2022-01-24T13:03:42.129Z,XBTUSDT,1,33185.5,-0.0188563674482,1
0.0617880555556,2022-01-24T13:03:42.437Z,XBTUSDT,1,33151,-0.0198965188915,1
0.0631675,2022-01-24T13:03:47.403Z,XBTUSDT,1,33078,-0.0221009921453,1
0.0686575,2022-01-24T13:04:07.167Z,XBTUSDT,1,33214.5,-0.0179828734167,1
0.0708102777778,2022-01-24T13:04:14.917Z,XBTUSDT,1,33150,-0.019926684349,1
0.0719122222222,2022-01-24T13:04:18.884Z,XBTUSDT,1,33177.5,-0.0190974656517,1
0.0721055555556,2022-01-24T13:04:19.580Z,XBTUSDT,1,33177.5,-0.0190974656517,2
0.0721069444444,2022-01-24T13:04:19.585Z,XBTUSDT,1,33177.5,-0.0190974656517,1
0.0781852777778,2022-01-24T13:04:41.467Z,XBTUSDT,1,33200.5116279,-0.0184041146981,2
0.0806336111111,2022-01-24T13:04:50.281Z,XBTUSDT,1,33156.5,-0.0197306251385,1
0.0807019444444,2022-01-24T13:04:50.527Z,XBTUSDT,1,33155.5,-0.0197607855922,1
0.0827938888889,2022-01-24T13:04:58.058Z,XBTUSDT,1,33100,-0.0214361185979,1
0.0827963888889,2022-01-24T13:04:58.067Z,XBTUSDT,1,33100,-0.0214361185979,1
0.0848541666667,2022-01-24T13:05:05.475Z,XBTUSDT,1,33181.5,-0.0189769092839,1
0.0882627777778,2022-01-24T13:05:17.746Z,XBTUSDT,1,33177.0615,-0.0191106825275,2
0.0907313888889,2022-01-24T13:05:26.633Z,XBTUSDT,1,33071.5,-0.0222975166851,1
0.0932488888889,2022-01-24T13:05:35.696Z,XBTUSDT,1,33187.5,-0.0187961019788,1
0.102219166667,2022-01-24T13:06:07.989Z,XBTUSDT,1,33200,-0.0184195250585,2
0.102603055556,2022-01-24T13:06:09.371Z,XBTUSDT,1,33229,-0.0175464123564,2
0.117714444444,2022-01-24T13:07:03.772Z,XBTUSDT,1,33150,-0.019926684349,1
0.118974166667,2022-01-24T13:07:08.307Z,XBTUSDT,1,33139.5,-0.0202434766039,1
0.129930555556,2022-01-24T13:07:47.750Z,XBTUSDT,1,33215.5,-0.0179527665373,1
0.129931666667,2022-01-24T13:07:47.754Z,XBTUSDT,1,33215.5,-0.0179527665373,1
0.129933333333,2022-01-24T13:07:47.760Z,XBTUSDT,1,33215.5,-0.0179527665373,1
0.129936666667,2022-01-24T13:07:47.772Z,XBTUSDT,1,33215.5,-0.0179527665373,1
0.138321111111,2022-01-24T13:08:17.956Z,XBTUSDT,1,33222,-0.017757093912,1
0.142145555556,2022-01-24T13:08:31.724Z,XBTUSDT,1,33211.5,-0.0180731994939,1
0.143525277778,2022-01-24T13:08:36.691Z,XBTUSDT,1,33227.5,-0.0175915546676,1
0.148156388889,2022-01-24T13:08:53.363Z,XBTUSDT,1,33221.5,-0.0177721442932,1
0.149579722222,2022-01-24T13:08:58.487Z,XBTUSDT,1,33250,-0.0169146338791,1
0.150133611111,2022-01-24T13:09:00.481Z,XBTUSDT,1,33289,-0.0157423888959,1
0.150283611111,2022-01-24T13:09:01.021Z,XBTUSDT,1,33289,-0.0157423888959,1
0.1512425,2022-01-24T13:09:04.473Z,XBTUSDT,1,33300,-0.0154120039945,1
0.151248333333,2022-01-24T13:09:04.494Z,XBTUSDT,1,33300,-0.0154120039945,1
0.151435555556,2022-01-24T13:09:05.168Z,XBTUSDT,1,33326.5,-0.0146165246763,1
0.1520125,2022-01-24T13:09:07.245Z,XBTUSDT,1,33338,-0.01427151346,1
0.153377777778,2022-01-24T13:09:12.160Z,XBTUSDT,1,33353.5535156,-0.0138050821029,6
0.153386388889,2022-01-24T13:09:12.191Z,XBTUSDT,1,33374.9438596,-0.0131639663698,8
0.153391111111,2022-01-24T13:09:12.208Z,XBTUSDT,1,33391.7337248,-0.0126610248983,2
0.153428055556,2022-01-24T13:09:12.341Z,XBTUSDT,1,33392,-0.0126530506461,1
0.153465555556,2022-01-24T13:09:12.476Z,XBTUSDT,1,33361,-0.0135818479205,1
0.153518055556,2022-01-24T13:09:12.665Z,XBTUSDT,1,33400,-0.0124135009983,1
0.153559444444,2022-01-24T13:09:12.814Z,XBTUSDT,1,33429.0138158,-0.0115452009604,2
0.153574444444,2022-01-24T13:09:12.868Z,XBTUSDT,1,33451.953554,-0.0108592139007,3
0.153575833333,2022-01-24T13:09:12.873Z,XBTUSDT,1,33454.5,-0.0107830943069,1
0.153579444444,2022-01-24T13:09:12.886Z,XBTUSDT,1,33454.5,-0.0107830943069,1
0.153640277778,2022-01-24T13:09:13.105Z,XBTUSDT,1,33433,-0.0114259648206,1
0.153706666667,2022-01-24T13:09:13.344Z,XBTUSDT,1,33443.7212693,-0.0111053369792,3
0.153711666667,2022-01-24T13:09:13.362Z,XBTUSDT,1,33454.5,-0.0107830943069,1
0.153715555556,2022-01-24T13:09:13.376Z,XBTUSDT,1,33454.5,-0.0107830943069,1
0.1537375,2022-01-24T13:09:13.455Z,XBTUSDT,1,33454.5,-0.0107830943069,1
0.153740833333,2022-01-24T13:09:13.467Z,XBTUSDT,1,33454.5,-0.0107830943069,1
0.153758333333,2022-01-24T13:09:13.530Z,XBTUSDT,1,33454.5,-0.0107830943069,1
0.153763055556,2022-01-24T13:09:13.547Z,XBTUSDT,1,33454.5,-0.0107830943069,1
0.153778055556,2022-01-24T13:09:13.601Z,XBTUSDT,1,33480.5,-0.010006221182,1
0.153804166667,2022-01-24T13:09:13.695Z,XBTUSDT,1,33406,-0.0122338764132,1
0.153826388889,2022-01-24T13:09:13.775Z,XBTUSDT,1,33480.5,-0.010006221182,1
0.153847777778,2022-01-24T13:09:13.852Z,XBTUSDT,1,33454,-0.0107980400911,1
0.153915833333,2022-01-24T13:09:14.097Z,XBTUSDT,1,33480.5,-0.010006221182,1
0.154000277778,2022-01-24T13:09:14.401Z,XBTUSDT,1,33473,-0.0102302572677,1
0.154032777778,2022-01-24T13:09:14.518Z,XBTUSDT,1,33480.5,-0.010006221182,1
0.154033611111,2022-01-24T13:09:14.521Z,XBTUSDT,1,33480.5,-0.010006221182,1
0.154048888889,2022-01-24T13:09:14.576Z,XBTUSDT,1,33480.5,-0.010006221182,1
0.154066111111,2022-01-24T13:09:14.638Z,XBTUSDT,1,33480.5,-0.010006221182,1
0.154068888889,2022-01-24T13:09:14.648Z,XBTUSDT,1,33480.5,-0.010006221182,1
0.154151111111,2022-01-24T13:09:14.944Z,XBTUSDT,1,33480.5,-0.010006221182,1
0.154177777778,2022-01-24T13:09:15.040Z,XBTUSDT,1,33480.5,-0.010006221182,1
0.154196388889,2022-01-24T13:09:15.107Z,XBTUSDT,1,33480.5,-0.010006221182,1
0.154197777778,2022-01-24T13:09:15.112Z,XBTUSDT,1,33480.5,-0.010006221182,1
0.154201388889,2022-01-24T13:09:15.125Z,XBTUSDT,1,33480.5,-0.010006221182,1
0.154213055556,2022-01-24T13:09:15.167Z,XBTUSDT,1,33480.5,-0.010006221182,1
0.154216111111,2022-01-24T13:09:15.178Z,XBTUSDT,1,33480.5,-0.010006221182,1
0.154216944444,2022-01-24T13:09:15.181Z,XBTUSDT,1,33480.5,-0.010006221182,1
0.154319444444,2022-01-24T13:09:15.550Z,XBTUSDT,1,33517.2857143,-0.00890810375651,3
0.154322777778,2022-01-24T13:09:15.562Z,XBTUSDT,1,33535,-0.00837973142922,1
0.154335833333,2022-01-24T13:09:15.609Z,XBTUSDT,1,33563.1764706,-0.0075398733667,2
0.154384444444,2022-01-24T13:09:15.784Z,XBTUSDT,1,33549.9858757,-0.00793295855568,2
0.154908611111,2022-01-24T13:09:17.671Z,XBTUSDT,1,33563.5,-0.00753023399742,2
0.154963055556,2022-01-24T13:09:17.867Z,XBTUSDT,1,33508.5,-0.00917026299097,1
0.155016944444,2022-01-24T13:09:18.061Z,XBTUSDT,1,33600,-0.00644333401176,1
0.155029166667,2022-01-24T13:09:18.105Z,XBTUSDT,1,33613.5,-0.00604162899174,1
0.155731111111,2022-01-24T13:09:20.632Z,XBTUSDT,1,33603,-0.00635405228321,1
0.155765555556,2022-01-24T13:09:20.756Z,XBTUSDT,1,33641.6576271,-0.00520429161102,3
0.156355,2022-01-24T13:09:22.878Z,XBTUSDT,1,33652.5,-0.00488205344481,1
0.156569722222,2022-01-24T13:09:23.651Z,XBTUSDT,1,33652,-0.00489691129235,1
0.158778888889,2022-01-24T13:09:31.604Z,XBTUSDT,1,33552,-0.00787292682136,1
0.159361666667,2022-01-24T13:09:33.702Z,XBTUSDT,1,33552,-0.00787292682136,2
0.159734166667,2022-01-24T13:09:35.043Z,XBTUSDT,1,33551.9074074,-0.00787568649948,2
0.159883333333,2022-01-24T13:09:35.580Z,XBTUSDT,1,33555.8323353,-0.00775871257243,4
0.160205555556,2022-01-24T13:09:36.740Z,XBTUSDT,1,33601.8333333,-0.00638877200823,2
0.161110833333,2022-01-24T13:09:39.999Z,XBTUSDT,1,33599.5,-0.00645821507486,1
0.161196388889,2022-01-24T13:09:40.307Z,XBTUSDT,1,33677,-0.00415428920829,1
0.162903055556,2022-01-24T13:09:46.451Z,XBTUSDT,1,33580.5,-0.00702385962701,1
0.163711388889,2022-01-24T13:09:49.361Z,XBTUSDT,1,33570.35,-0.00732616406775,2
0.164183888889,2022-01-24T13:09:51.062Z,XBTUSDT,1,33640.5,-0.0052387027286,1
0.165420833333,2022-01-24T13:09:55.515Z,XBTUSDT,1,33568.5,-0.00738127373974,1
0.165993888889,2022-01-24T13:09:57.578Z,XBTUSDT,1,33568.5,-0.00738127373974,1
0.168401111111,2022-01-24T13:10:06.244Z,XBTUSDT,1,33567.39,-0.00741434100078,3
0.169463333333,2022-01-24T13:10:10.068Z,XBTUSDT,1,33622.54625,-0.00577253969934,3
0.175016944444,2022-01-24T13:10:30.061Z,XBTUSDT,1,33607.5,-0.00622014463465,1
0.176006388889,2022-01-24T13:10:33.623Z,XBTUSDT,1,33635.0833333,-0.0053997319285,3
0.176050833333,2022-01-24T13:10:33.783Z,XBTUSDT,1,33588.3409091,-0.00679039098231,2
0.178148888889,2022-01-24T13:10:41.336Z,XBTUSDT,1,33614,-0.00602675412654,1
0.179161944444,2022-01-24T13:10:44.983Z,XBTUSDT,1,33678.7533333,-0.00410222733542,3
0.180478888889,2022-01-24T13:10:49.724Z,XBTUSDT,1,33621.5,-0.00580365769591,1
0.181630833333,2022-01-24T13:10:53.871Z,XBTUSDT,1,33665.5,-0.00449582687356,1
0.183356666667,2022-01-24T13:11:00.084Z,XBTUSDT,1,33619.5,-0.00586314521098,1
0.186381666667,2022-01-24T13:11:10.974Z,XBTUSDT,1,33677.0816667,-0.00415186421296,4
0.187477777778,2022-01-24T13:11:14.920Z,XBTUSDT,1,33649,-0.00498606301378,2
0.188311944444,2022-01-24T13:11:17.923Z,XBTUSDT,1,33681.5,-0.00402067578143,1
0.189205833333,2022-01-24T13:11:21.141Z,XBTUSDT,1,33622,-0.00578878637005,3
0.1895375,2022-01-24T13:11:22.335Z,XBTUSDT,1,33672.5,-0.00428792049009,1
0.189544444444,2022-01-24T13:11:22.360Z,XBTUSDT,1,33672.5,-0.00428792049009,1
0.189653055556,2022-01-24T13:11:22.751Z,XBTUSDT,1,33696,-0.00359026502936,1
0.189678888889,2022-01-24T13:11:22.844Z,XBTUSDT,1,33700,-0.0034715636226,2
0.189681666667,2022-01-24T13:11:22.854Z,XBTUSDT,1,33700,-0.0034715636226,1
0.189683333333,2022-01-24T13:11:22.860Z,XBTUSDT,1,33700,-0.0034715636226,1
0.189685833333,2022-01-24T13:11:22.869Z,XBTUSDT,1,33700,-0.0034715636226,1
0.189686388889,2022-01-24T13:11:22.871Z,XBTUSDT,1,33700,-0.0034715636226,1
0.189688888889,2022-01-24T13:11:22.880Z,XBTUSDT,1,33700,-0.0034715636226,1
0.189694722222,2022-01-24T13:11:22.901Z,XBTUSDT,1,33700,-0.0034715636226,1
0.189695833333,2022-01-24T13:11:22.905Z,XBTUSDT,1,33700,-0.0034715636226,1
0.189698333333,2022-01-24T13:11:22.914Z,XBTUSDT,1,33700,-0.0034715636226,1
0.189705555556,2022-01-24T13:11:22.940Z,XBTUSDT,1,33700,-0.0034715636226,1
0.189706388889,2022-01-24T13:11:22.943Z,XBTUSDT,1,33700,-0.0034715636226,2
0.190145555556,2022-01-24T13:11:24.524Z,XBTUSDT,1,33749.76,-0.00199609479878,3
0.190197222222,2022-01-24T13:11:24.710Z,XBTUSDT,1,33750.3018018,-0.00198004142676,2
0.191059722222,2022-01-24T13:11:27.815Z,XBTUSDT,1,33728.5,-0.00262622369373,1
0.191806111111,2022-01-24T13:11:30.502Z,XBTUSDT,1,33772.3533333,-0.00132688191247,2
0.192186666667,2022-01-24T13:11:31.872Z,XBTUSDT,1,33705.8,-0.00329947160636,2
0.192757777778,2022-01-24T13:11:33.928Z,XBTUSDT,1,33685.77,-0.00389390799031,3
0.1935,2022-01-24T13:11:36.600Z,XBTUSDT,1,33720.3516667,-0.00286783887832,3
0.194388611111,2022-01-24T13:11:39.799Z,XBTUSDT,1,33661.65,-0.00461019381184,2
0.195191388889,2022-01-24T13:11:42.689Z,XBTUSDT,1,33696,-0.00359026502936,2
0.195257777778,2022-01-24T13:11:42.928Z,XBTUSDT,1,33635.5,-0.00538734414632,1
0.196164722222,2022-01-24T13:11:46.193Z,XBTUSDT,1,33622,-0.00578878637005,1
0.196736388889,2022-01-24T13:11:48.251Z,XBTUSDT,1,33582.5,-0.00696430302589,1
0.1970675,2022-01-24T13:11:49.443Z,XBTUSDT,1,33646.1,-0.00507225056687,3
0.198070555556,2022-01-24T13:11:53.054Z,XBTUSDT,1,33561.5,-0.00758982431401,1
0.198363333333,2022-01-24T13:11:54.108Z,XBTUSDT,1,33549.7133333,-0.00794108206074,2
0.198558888889,2022-01-24T13:11:54.812Z,XBTUSDT,1,33518.5,-0.00887187577166,1
0.199359722222,2022-01-24T13:11:57.695Z,XBTUSDT,1,33608,-0.00620526711384,1
0.200458611111,2022-01-24T13:12:01.651Z,XBTUSDT,1,33522,-0.00876746127585,1
0.2012325,2022-01-24T13:12:04.437Z,XBTUSDT,1,33587,-0.00683031364063,1
0.202029444444,2022-01-24T13:12:07.306Z,XBTUSDT,1,33572,-0.00727701476034,1
0.202803055556,2022-01-24T13:12:10.091Z,XBTUSDT,1,33615.7333333,-0.00597518964019,3
0.218136388889,2022-01-24T13:13:05.291Z,XBTUSDT,1,33540,-0.00823064458586,1
0.2192175,2022-01-24T13:13:09.183Z,XBTUSDT,1,33592.698,-0.00666067905806,4
0.220503333333,2022-01-24T13:13:13.812Z,XBTUSDT,1,33560.5,-0.00761962080398,1
0.221410555556,2022-01-24T13:13:17.078Z,XBTUSDT,1,33593.5,-0.00663680510704,1
0.222643055556,2022-01-24T13:13:21.515Z,XBTUSDT,1,33600,-0.00644333401176,1
0.223293333333,2022-01-24T13:13:23.856Z,XBTUSDT,1,33574.96,-0.00718884993495,4
0.224415,2022-01-24T13:13:27.894Z,XBTUSDT,1,33603.486,-0.00633958939342,3
0.224949166667,2022-01-24T13:13:29.817Z,XBTUSDT,1,33571,-0.00730680193101,1
0.230891111111,2022-01-24T13:13:51.208Z,XBTUSDT,1,33523.658,-0.00871800244288,4
0.231627222222,2022-01-24T13:13:53.858Z,XBTUSDT,1,33568.412,-0.00738389524845,3
0.23246,2022-01-24T13:13:56.856Z,XBTUSDT,1,33520,-0.00882712536704,1
0.233154444444,2022-01-24T13:13:59.356Z,XBTUSDT,1,33559.236,-0.00765728483771,2
0.233922777778,2022-01-24T13:14:02.122Z,XBTUSDT,1,33513.107,-0.00903278493834,6
0.234531944444,2022-01-24T13:14:04.315Z,XBTUSDT,1,33543.412,-0.00812892048146,3
0.234840833333,2022-01-24T13:14:05.427Z,XBTUSDT,1,33481.1252955,-0.00998754494753,5
0.2358025,2022-01-24T13:14:08.889Z,XBTUSDT,1,33470.668,-0.0102999277854,3
0.236532222222,2022-01-24T13:14:11.516Z,XBTUSDT,1,33511.64,-0.00907655981451,4
0.237749166667,2022-01-24T13:14:15.897Z,XBTUSDT,1,33476.276,-0.0101323921317,4
0.238500555556,2022-01-24T13:14:18.602Z,XBTUSDT,1,33505.5,-0.00925979652134,2
0.238856388889,2022-01-24T13:14:19.883Z,XBTUSDT,1,33534.276,-0.0084013210465,2
0.239615277778,2022-01-24T13:14:22.615Z,XBTUSDT,1,33489.034,-0.00975135902199,5
0.240251111111,2022-01-24T13:14:24.904Z,XBTUSDT,1,33519.254,-0.00884938098462,3
0.243873888889,2022-01-24T13:14:37.946Z,XBTUSDT,1,33503.46,-0.00932068390119,2
0.244876111111,2022-01-24T13:14:41.554Z,XBTUSDT,1,33536.8533333,-0.00832446731345,3
0.246921111111,2022-01-24T13:14:48.916Z,XBTUSDT,1,33466.5,-0.0104244624835,1
0.250373888889,2022-01-24T13:15:01.346Z,XBTUSDT,1,33466.5,-0.0104244624835,1
0.250422222222,2022-01-24T13:15:01.520Z,XBTUSDT,1,33466.5,-0.0104244624835,1
0.253208055556,2022-01-24T13:15:11.549Z,XBTUSDT,1,33497.5,-0.00949859180029,1
0.253615833333,2022-01-24T13:15:13.017Z,XBTUSDT,1,33500,-0.0094239621499,1
0.258742222222,2022-01-24T13:15:31.472Z,XBTUSDT,1,33639,-0.00528329283407,1
0.259045277778,2022-01-24T13:15:32.563Z,XBTUSDT,1,33623,-0.0057590443818,1
0.261379722222,2022-01-24T13:15:40.967Z,XBTUSDT,1,33575.5,-0.00717276664974,1
0.269075555556,2022-01-24T13:16:08.672Z,XBTUSDT,1,33585.5,-0.00687497477428,1
0.293367777778,2022-01-24T13:17:36.124Z,XBTUSDT,1,33464.5,-0.010484225523,1
0.295540277778,2022-01-24T13:17:43.945Z,XBTUSDT,1,33408,-0.0121740087207,1
0.295543611111,2022-01-24T13:17:43.957Z,XBTUSDT,1,33408,-0.0121740087207,1
0.295735277778,2022-01-24T13:17:44.647Z,XBTUSDT,1,33408,-0.0121740087207,1
0.295761666667,2022-01-24T13:17:44.742Z,XBTUSDT,1,33408,-0.0121740087207,1
0.296011111111,2022-01-24T13:17:45.640Z,XBTUSDT,1,33408,-0.0121740087207,1
0.296062222222,2022-01-24T13:17:45.824Z,XBTUSDT,1,33408,-0.0121740087207,1
0.296217222222,2022-01-24T13:17:46.382Z,XBTUSDT,1,33408,-0.0121740087207,1
0.296418333333,2022-01-24T13:17:47.106Z,XBTUSDT,1,33408,-0.0121740087207,1
0.296427222222,2022-01-24T13:17:47.138Z,XBTUSDT,1,33408,-0.0121740087207,1
0.299351388889,2022-01-24T13:17:57.665Z,XBTUSDT,1,33408,-0.0121740087207,1
0.299363611111,2022-01-24T13:17:57.709Z,XBTUSDT,1,33408,-0.0121740087207,1
0.299375555556,2022-01-24T13:17:57.752Z,XBTUSDT,1,33407.7074293,-0.0121827662626,3
0.299423888889,2022-01-24T13:17:57.926Z,XBTUSDT,1,33395,-0.0125632128033,1
0.299449166667,2022-01-24T13:17:58.017Z,XBTUSDT,1,33391.8309859,-0.0126581121732,2
0.299465277778,2022-01-24T13:17:58.075Z,XBTUSDT,1,33387.5,-0.0127878225448,1
0.299482222222,2022-01-24T13:17:58.136Z,XBTUSDT,1,33385.182243,-0.0128572448575,2
0.316698888889,2022-01-24T13:19:00.116Z,XBTUSDT,1,33398.5,-0.0124584121864,1
0.316700277778,2022-01-24T13:19:00.121Z,XBTUSDT,1,33398.5,-0.0124584121864,1
0.316701666667,2022-01-24T13:19:00.126Z,XBTUSDT,1,33398.5,-0.0124584121864,1
0.3167025,2022-01-24T13:19:00.129Z,XBTUSDT,1,33370.716,-0.0132906520499,3
0.320276388889,2022-01-24T13:19:12.995Z,XBTUSDT,1,33391,-0.0126829983873,1
0.337036388889,2022-01-24T13:20:13.331Z,XBTUSDT,1,33350,-0.0139116286193,1
0.337055833333,2022-01-24T13:20:13.401Z,XBTUSDT,1,33323.957,-0.0146928332304,5
0.353955833333,2022-01-24T13:21:14.241Z,XBTUSDT,1,33404.5,-0.0122787795347,1
0.359314166667,2022-01-24T13:21:33.531Z,XBTUSDT,1,33450,-0.0109176144067,1
0.360780833333,2022-01-24T13:21:38.811Z,XBTUSDT,1,33441.5,-0.0111717573111,1
0.372385555556,2022-01-24T13:22:20.588Z,XBTUSDT,1,33463.5,-0.0105141083822,1
0.3742975,2022-01-24T13:22:27.471Z,XBTUSDT,1,33497.0975,-0.00951060769456,3
0.374695,2022-01-24T13:22:28.902Z,XBTUSDT,1,33494,-0.00960308266863,1
0.388881111111,2022-01-24T13:23:19.972Z,XBTUSDT,1,33518.5691406,-0.00886981301367,5
0.390785555556,2022-01-24T13:23:26.828Z,XBTUSDT,1,33550,-0.00793253756323,1
0.391803055556,2022-01-24T13:23:30.491Z,XBTUSDT,1,33604.5,-0.00630941440796,2
0.392174722222,2022-01-24T13:23:31.829Z,XBTUSDT,1,33620,-0.00584827300045,1
0.392230277778,2022-01-24T13:23:32.029Z,XBTUSDT,1,33620,-0.00584827300045,1
0.392275555556,2022-01-24T13:23:32.192Z,XBTUSDT,1,33620,-0.00584827300045,1
0.392332777778,2022-01-24T13:23:32.398Z,XBTUSDT,1,33620,-0.00584827300045,1
0.392380833333,2022-01-24T13:23:32.571Z,XBTUSDT,1,33620,-0.00584827300045,1
0.392441111111,2022-01-24T13:23:32.788Z,XBTUSDT,1,33620,-0.00584827300045,1
0.392491944444,2022-01-24T13:23:32.971Z,XBTUSDT,1,33620,-0.00584827300045,1
0.392536111111,2022-01-24T13:23:33.130Z,XBTUSDT,1,33620,-0.00584827300045,1
0.397789166667,2022-01-24T13:23:52.041Z,XBTUSDT,1,33595,-0.00659215460881,6
0.397796944444,2022-01-24T13:23:52.069Z,XBTUSDT,1,33595,-0.00659215460881,1
0.408938611111,2022-01-24T13:24:32.179Z,XBTUSDT,1,33606,-0.00626477852517,1
0.436450555556,2022-01-24T13:26:11.222Z,XBTUSDT,1,33553.5,-0.00782822109678,1
0.437396388889,2022-01-24T13:26:14.627Z,XBTUSDT,1,33553,-0.00784312278291,1
0.437889444444,2022-01-24T13:26:16.402Z,XBTUSDT,1,33549.5,-0.00794744080394,1
0.437953611111,2022-01-24T13:26:16.633Z,XBTUSDT,1,33549.5,-0.00794744080394,1
0.437981388889,2022-01-24T13:26:16.733Z,XBTUSDT,1,33549.5,-0.00794744080394,1
0.4379825,2022-01-24T13:26:16.737Z,XBTUSDT,1,33549.5,-0.00794744080394,1
0.437984166667,2022-01-24T13:26:16.743Z,XBTUSDT,1,33549.5,-0.00794744080394,1
0.438009166667,2022-01-24T13:26:16.833Z,XBTUSDT,1,33549.5,-0.00794744080394,1
0.438049444444,2022-01-24T13:26:16.978Z,XBTUSDT,1,33549.5,-0.00794744080394,1
0.438050277778,2022-01-24T13:26:16.981Z,XBTUSDT,1,33549.5,-0.00794744080394,1
0.4380525,2022-01-24T13:26:16.989Z,XBTUSDT,1,33549.5,-0.00794744080394,1
0.438055555556,2022-01-24T13:26:17.000Z,XBTUSDT,1,33549.5,-0.00794744080394,1
0.438058611111,2022-01-24T13:26:17.011Z,XBTUSDT,1,33549.5,-0.00794744080394,1
0.438059166667,2022-01-24T13:26:17.013Z,XBTUSDT,1,33549.5,-0.00794744080394,1
0.438081388889,2022-01-24T13:26:17.093Z,XBTUSDT,1,33549.5,-0.00794744080394,1
0.438094444444,2022-01-24T13:26:17.140Z,XBTUSDT,1,33549.5,-0.00794744080394,1
0.438100277778,2022-01-24T13:26:17.161Z,XBTUSDT,1,33549.5,-0.00794744080394,1
0.455598888889,2022-01-24T13:27:20.156Z,XBTUSDT,1,33628,-0.00561034770787,1
0.4556,2022-01-24T13:27:20.160Z,XBTUSDT,1,33628,-0.00561034770787,1
0.455601111111,2022-01-24T13:27:20.164Z,XBTUSDT,1,33628,-0.00561034770787,1
0.455601666667,2022-01-24T13:27:20.166Z,XBTUSDT,1,33628,-0.00561034770787,1
0.455602777778,2022-01-24T13:27:20.170Z,XBTUSDT,1,33628,-0.00561034770787,1
0.455603888889,2022-01-24T13:27:20.174Z,XBTUSDT,1,33628,-0.00561034770787,1
0.455604722222,2022-01-24T13:27:20.177Z,XBTUSDT,1,33628,-0.00561034770787,1
0.455605555556,2022-01-24T13:27:20.180Z,XBTUSDT,1,33628,-0.00561034770787,1
0.455606111111,2022-01-24T13:27:20.182Z,XBTUSDT,1,33628,-0.00561034770787,1
0.455606944444,2022-01-24T13:27:20.185Z,XBTUSDT,1,33628,-0.00561034770787,1
0.455608333333,2022-01-24T13:27:20.190Z,XBTUSDT,1,33628,-0.00561034770787,1
0.455609444444,2022-01-24T13:27:20.194Z,XBTUSDT,1,33628,-0.00561034770787,1
0.455613333333,2022-01-24T13:27:20.208Z,XBTUSDT,1,33628,-0.00561034770787,1
0.455689722222,2022-01-24T13:27:20.483Z,XBTUSDT,1,33628,-0.00561034770787,1
0.455915,2022-01-24T13:27:21.294Z,XBTUSDT,1,33628,-0.00561034770787,1
0.455915833333,2022-01-24T13:27:21.297Z,XBTUSDT,1,33628,-0.00561034770787,1
0.455916666667,2022-01-24T13:27:21.300Z,XBTUSDT,1,33628,-0.00561034770787,1
0.455917222222,2022-01-24T13:27:21.302Z,XBTUSDT,1,33628,-0.00561034770787,1
0.455918055556,2022-01-24T13:27:21.305Z,XBTUSDT,1,33628,-0.00561034770787,1
0.455919444444,2022-01-24T13:27:21.310Z,XBTUSDT,1,33628,-0.00561034770787,1
0.45592,2022-01-24T13:27:21.312Z,XBTUSDT,1,33628,-0.00561034770787,1
0.455920555556,2022-01-24T13:27:21.314Z,XBTUSDT,1,33628,-0.00561034770787,1
0.455921388889,2022-01-24T13:27:21.317Z,XBTUSDT,1,33628,-0.00561034770787,1
0.455921944444,2022-01-24T13:27:21.319Z,XBTUSDT,1,33628,-0.00561034770787,1
0.455923333333,2022-01-24T13:27:21.324Z,XBTUSDT,1,33628,-0.00561034770787,1
0.455923888889,2022-01-24T13:27:21.326Z,XBTUSDT,1,33628,-0.00561034770787,1
0.455926944444,2022-01-24T13:27:21.337Z,XBTUSDT,1,33628,-0.00561034770787,1
0.455927777778,2022-01-24T13:27:21.340Z,XBTUSDT,1,33628,-0.00561034770787,1
0.455931944444,2022-01-24T13:27:21.355Z,XBTUSDT,1,33628,-0.00561034770787,1
0.455933333333,2022-01-24T13:27:21.360Z,XBTUSDT,1,33628,-0.00561034770787,1
0.455933888889,2022-01-24T13:27:21.362Z,XBTUSDT,1,33628,-0.00561034770787,1
0.455935,2022-01-24T13:27:21.366Z,XBTUSDT,1,33628,-0.00561034770787,1
0.455935833333,2022-01-24T13:27:21.369Z,XBTUSDT,1,33628,-0.00561034770787,1
0.455936944444,2022-01-24T13:27:21.373Z,XBTUSDT,1,33628,-0.00561034770787,1
0.455937222222,2022-01-24T13:27:21.374Z,XBTUSDT,1,33628,-0.00561034770787,1
0.455938333333,2022-01-24T13:27:21.378Z,XBTUSDT,1,33628,-0.00561034770787,1
0.455939722222,2022-01-24T13:27:21.383Z,XBTUSDT,1,33628,-0.00561034770787,1
0.455954722222,2022-01-24T13:27:21.437Z,XBTUSDT,1,33628,-0.00561034770787,1
0.455955277778,2022-01-24T13:27:21.439Z,XBTUSDT,1,33628,-0.00561034770787,1
0.455955555556,2022-01-24T13:27:21.440Z,XBTUSDT,1,33628,-0.00561034770787,1
0.455957777778,2022-01-24T13:27:21.448Z,XBTUSDT,1,33628,-0.00561034770787,1
0.455958333333,2022-01-24T13:27:21.450Z,XBTUSDT,1,33628,-0.00561034770787,1
0.456005,2022-01-24T13:27:21.618Z,XBTUSDT,1,33628,-0.00561034770787,1
0.456006388889,2022-01-24T13:27:21.623Z,XBTUSDT,1,33628,-0.00561034770787,1
0.456085,2022-01-24T13:27:21.906Z,XBTUSDT,1,33628,-0.00561034770787,1
0.456092222222,2022-01-24T13:27:21.932Z,XBTUSDT,1,33628,-0.00561034770787,1
0.456093055556,2022-01-24T13:27:21.935Z,XBTUSDT,1,33628,-0.00561034770787,1
0.456131111111,2022-01-24T13:27:22.072Z,XBTUSDT,1,33628,-0.00561034770787,1
0.456353333333,2022-01-24T13:27:22.872Z,XBTUSDT,1,33628,-0.00561034770787,1
0.456358333333,2022-01-24T13:27:22.890Z,XBTUSDT,1,33628,-0.00561034770787,1
0.456714722222,2022-01-24T13:27:24.173Z,XBTUSDT,1,33627.9545455,-0.00561169939623,2
0.459954444444,2022-01-24T13:27:35.836Z,XBTUSDT,1,33631,-0.00552114031549,1
0.461265555556,2022-01-24T13:27:40.556Z,XBTUSDT,1,33609.5,-0.00616063587941,1
0.467766388889,2022-01-24T13:28:03.959Z,XBTUSDT,1,33578.5,-0.00708341977533,1
0.489124722222,2022-01-24T13:29:20.849Z,XBTUSDT,1,33531,-0.00849901690934,1
0.502355555556,2022-01-24T13:30:08.480Z,XBTUSDT,1,33471.5,-0.0102750705085,1
0.503587777778,2022-01-24T13:30:12.916Z,XBTUSDT,1,33501.5,-0.00937918703292,1
0.503606388889,2022-01-24T13:30:12.983Z,XBTUSDT,1,33501.5,-0.00937918703292,1
0.509194166667,2022-01-24T13:30:33.099Z,XBTUSDT,1,33558,-0.00769411591341,1
0.514662777778,2022-01-24T13:30:52.786Z,XBTUSDT,1,33626,-0.00566982372418,1
0.534008888889,2022-01-24T13:32:02.432Z,XBTUSDT,1,33591,-0.00671122703475,1
0.5428025,2022-01-24T13:32:34.089Z,XBTUSDT,1,33604.6666667,-0.00630445476704,2
0.550304166667,2022-01-24T13:33:01.095Z,XBTUSDT,1,33604,-0.00632429347832,1
0.560231111111,2022-01-24T13:33:36.832Z,XBTUSDT,1,33549,-0.00796234426676,1
0.567431111111,2022-01-24T13:34:02.752Z,XBTUSDT,1,33475,-0.0101705094037,1
0.567706944444,2022-01-24T13:34:03.745Z,XBTUSDT,1,33450,-0.0109176144067,1
0.567713333333,2022-01-24T13:34:03.768Z,XBTUSDT,1,33450,-0.0109176144067,1
0.567715,2022-01-24T13:34:03.774Z,XBTUSDT,1,33450,-0.0109176144067,1
0.567717222222,2022-01-24T13:34:03.782Z,XBTUSDT,1,33450,-0.0109176144067,1
0.567741944444,2022-01-24T13:34:03.871Z,XBTUSDT,1,33450,-0.0109176144067,1
0.567742777778,2022-01-24T13:34:03.874Z,XBTUSDT,1,33450,-0.0109176144067,1
0.567745,2022-01-24T13:34:03.882Z,XBTUSDT,1,33450,-0.0109176144067,1
0.567746666667,2022-01-24T13:34:03.888Z,XBTUSDT,1,33450,-0.0109176144067,1
0.567789166667,2022-01-24T13:34:04.041Z,XBTUSDT,1,33450,-0.0109176144067,1
0.567838333333,2022-01-24T13:34:04.218Z,XBTUSDT,1,33450,-0.0109176144067,1
0.567942777778,2022-01-24T13:34:04.594Z,XBTUSDT,1,33450,-0.0109176144067,1
0.567950277778,2022-01-24T13:34:04.621Z,XBTUSDT,1,33450,-0.0109176144067,1
0.567960555556,2022-01-24T13:34:04.658Z,XBTUSDT,1,33450,-0.0109176144067,1
0.567966388889,2022-01-24T13:34:04.679Z,XBTUSDT,1,33450,-0.0109176144067,1
0.567973611111,2022-01-24T13:34:04.705Z,XBTUSDT,1,33450,-0.0109176144067,1
0.567983055556,2022-01-24T13:34:04.739Z,XBTUSDT,1,33450,-0.0109176144067,1
0.568239722222,2022-01-24T13:34:05.663Z,XBTUSDT,1,33450,-0.0109176144067,1
0.568240833333,2022-01-24T13:34:05.667Z,XBTUSDT,1,33450,-0.0109176144067,1
0.568283611111,2022-01-24T13:34:05.821Z,XBTUSDT,1,33450,-0.0109176144067,1
0.568327222222,2022-01-24T13:34:05.978Z,XBTUSDT,1,33450,-0.0109176144067,1
0.5683275,2022-01-24T13:34:05.979Z,XBTUSDT,1,33450,-0.0109176144067,1
0.568328611111,2022-01-24T13:34:05.983Z,XBTUSDT,1,33450,-0.0109176144067,1
0.569823611111,2022-01-24T13:34:11.365Z,XBTUSDT,1,33450,-0.0109176144067,1
0.569830555556,2022-01-24T13:34:11.390Z,XBTUSDT,1,33450,-0.0109176144067,1
0.570021666667,2022-01-24T13:34:12.078Z,XBTUSDT,1,33450,-0.0109176144067,1
0.570025555556,2022-01-24T13:34:12.092Z,XBTUSDT,1,33450,-0.0109176144067,2
0.570106111111,2022-01-24T13:34:12.382Z,XBTUSDT,1,33425.5,-0.0116503192417,1
0.573891111111,2022-01-24T13:34:26.008Z,XBTUSDT,1,33425,-0.0116652779929,1
0.576397222222,2022-01-24T13:34:35.030Z,XBTUSDT,1,33395.1754386,-0.0125579593781,2
0.582524722222,2022-01-24T13:34:57.089Z,XBTUSDT,1,33391.5,-0.0126680244046,1
0.584840555556,2022-01-24T13:35:05.426Z,XBTUSDT,1,33421,-0.0117849560591,1
0.589318611111,2022-01-24T13:35:21.547Z,XBTUSDT,1,33379,-0.0130424412547,1
0.589324166667,2022-01-24T13:35:21.567Z,XBTUSDT,1,33379,-0.0130424412547,1
0.589341111111,2022-01-24T13:35:21.628Z,XBTUSDT,1,33379,-0.0130424412547,1
0.589453611111,2022-01-24T13:35:22.033Z,XBTUSDT,1,33375,-0.0131622842605,1
0.589801944444,2022-01-24T13:35:23.287Z,XBTUSDT,1,33357.5,-0.0136867663465,1
0.5898025,2022-01-24T13:35:23.289Z,XBTUSDT,1,33357.5,-0.0136867663465,1
0.589811111111,2022-01-24T13:35:23.320Z,XBTUSDT,1,33357.5,-0.0136867663465,1
0.589827777778,2022-01-24T13:35:23.380Z,XBTUSDT,1,33357.5,-0.0136867663465,1
0.589831666667,2022-01-24T13:35:23.394Z,XBTUSDT,1,33357.5,-0.0136867663465,1
0.589832222222,2022-01-24T13:35:23.396Z,XBTUSDT,1,33357.5,-0.0136867663465,1
0.589835555556,2022-01-24T13:35:23.408Z,XBTUSDT,1,33357.5,-0.0136867663465,1
0.589938055556,2022-01-24T13:35:23.777Z,XBTUSDT,1,33350,-0.0139116286193,1
0.594171111111,2022-01-24T13:35:39.016Z,XBTUSDT,1,33408.2936267,-0.0121652196458,3
0.594214444444,2022-01-24T13:35:39.172Z,XBTUSDT,1,33408.5,-0.0121590423576,1
0.594216111111,2022-01-24T13:35:39.178Z,XBTUSDT,1,33408.5,-0.0121590423576,1
0.594216944444,2022-01-24T13:35:39.181Z,XBTUSDT,1,33408.5,-0.0121590423576,1
0.627328888889,2022-01-24T13:37:38.384Z,XBTUSDT,1,33350,-0.0139116286193,1
0.627549444444,2022-01-24T13:37:39.178Z,XBTUSDT,1,33325,-0.0146615349161,1
0.627679166667,2022-01-24T13:37:39.645Z,XBTUSDT,1,33306.334,-0.015221811872,4
0.62805,2022-01-24T13:37:40.980Z,XBTUSDT,1,33309.5,-0.0151267593953,1
0.628051944444,2022-01-24T13:37:40.987Z,XBTUSDT,1,33309.5,-0.0151267593953,1
0.633860277778,2022-01-24T13:38:01.897Z,XBTUSDT,1,33300,-0.0154120039945,1
0.633863055556,2022-01-24T13:38:01.907Z,XBTUSDT,1,33300,-0.0154120039945,1
0.635486944444,2022-01-24T13:38:07.753Z,XBTUSDT,1,33325,-0.0146615349161,1
0.674278333333,2022-01-24T13:40:27.402Z,XBTUSDT,1,33350,-0.0139116286193,1
0.674488888889,2022-01-24T13:40:28.160Z,XBTUSDT,1,33325,-0.0146615349161,1
0.681414722222,2022-01-24T13:40:53.093Z,XBTUSDT,1,33300,-0.0154120039945,1
0.681825555556,2022-01-24T13:40:54.572Z,XBTUSDT,1,33275,-0.0161630366997,1
0.692866111111,2022-01-24T13:41:34.318Z,XBTUSDT,1,33300.1816667,-0.0154065485539,2
0.715431944444,2022-01-24T13:42:55.555Z,XBTUSDT,1,33363.5,-0.0135069129265,1
0.724037222222,2022-01-24T13:43:26.534Z,XBTUSDT,1,33398,-0.0124733830307,1
0.729654722222,2022-01-24T13:43:46.757Z,XBTUSDT,1,33400,-0.0124135009983,1
0.731680277778,2022-01-24T13:43:54.049Z,XBTUSDT,1,33418.5,-0.0118597621244,1
0.732314166667,2022-01-24T13:43:56.331Z,XBTUSDT,1,33404.5,-0.0122787795347,1
0.737117222222,2022-01-24T13:44:13.622Z,XBTUSDT,1,33398,-0.0124733830307,1
0.739776944444,2022-01-24T13:44:23.197Z,XBTUSDT,1,33410.0769231,-0.0121118422181,3
0.740804166667,2022-01-24T13:44:26.895Z,XBTUSDT,1,33392,-0.0126530506461,1
0.740813333333,2022-01-24T13:44:26.928Z,XBTUSDT,1,33392,-0.0126530506461,1
0.759235833333,2022-01-24T13:45:33.249Z,XBTUSDT,1,33425,-0.0116652779929,1
0.775708055556,2022-01-24T13:46:32.549Z,XBTUSDT,1,33372,-0.0132521759411,1
0.792860833333,2022-01-24T13:47:34.299Z,XBTUSDT,1,33453.6517857,-0.0108084488942,3
0.808035833333,2022-01-24T13:48:28.929Z,XBTUSDT,1,33454,-0.0107980400911,1
0.808125277778,2022-01-24T13:48:29.251Z,XBTUSDT,1,33464.5,-0.010484225523,1
0.808131111111,2022-01-24T13:48:29.272Z,XBTUSDT,1,33464.5,-0.010484225523,1
0.817100833333,2022-01-24T13:49:01.563Z,XBTUSDT,1,33451.5982143,-0.0108698363467,4
0.819145,2022-01-24T13:49:08.922Z,XBTUSDT,1,33449.5,-0.0109325622015,1
0.819261111111,2022-01-24T13:49:09.340Z,XBTUSDT,1,33449.5,-0.0109325622015,1
0.819272777778,2022-01-24T13:49:09.382Z,XBTUSDT,1,33449.5,-0.0109325622015,1
0.819955833333,2022-01-24T13:49:11.841Z,XBTUSDT,1,33449.5,-0.0109325622015,1
0.820007777778,2022-01-24T13:49:12.028Z,XBTUSDT,1,33449.5,-0.0109325622015,1
0.820031666667,2022-01-24T13:49:12.114Z,XBTUSDT,1,33449.5,-0.0109325622015,1
0.820033333333,2022-01-24T13:49:12.120Z,XBTUSDT,1,33449.5,-0.0109325622015,1
0.820041666667,2022-01-24T13:49:12.150Z,XBTUSDT,1,33449.5,-0.0109325622015,1
0.820054444444,2022-01-24T13:49:12.196Z,XBTUSDT,1,33449.5,-0.0109325622015,1
0.820060833333,2022-01-24T13:49:12.219Z,XBTUSDT,1,33449.5,-0.0109325622015,1
0.820064166667,2022-01-24T13:49:12.231Z,XBTUSDT,1,33449.5,-0.0109325622015,1
0.820067777778,2022-01-24T13:49:12.244Z,XBTUSDT,1,33449.5,-0.0109325622015,1
0.820085833333,2022-01-24T13:49:12.309Z,XBTUSDT,1,33449.5,-0.0109325622015,1
0.820106388889,2022-01-24T13:49:12.383Z,XBTUSDT,1,33449.5,-0.0109325622015,1
0.820108055556,2022-01-24T13:49:12.389Z,XBTUSDT,1,33449.5,-0.0109325622015,1
0.820111388889,2022-01-24T13:49:12.401Z,XBTUSDT,1,33449.5,-0.0109325622015,1
0.820115277778,2022-01-24T13:49:12.415Z,XBTUSDT,1,33449.5,-0.0109325622015,1
0.82013,2022-01-24T13:49:12.468Z,XBTUSDT,1,33449.5,-0.0109325622015,1
0.820130833333,2022-01-24T13:49:12.471Z,XBTUSDT,1,33449.5,-0.0109325622015,1
0.820133055556,2022-01-24T13:49:12.479Z,XBTUSDT,1,33449.5,-0.0109325622015,1
0.8201425,2022-01-24T13:49:12.513Z,XBTUSDT,1,33449.5,-0.0109325622015,1
0.820146944444,2022-01-24T13:49:12.529Z,XBTUSDT,1,33449.5,-0.0109325622015,1
0.820149444444,2022-01-24T13:49:12.538Z,XBTUSDT,1,33449.5,-0.0109325622015,1
0.820156944444,2022-01-24T13:49:12.565Z,XBTUSDT,1,33449.5,-0.0109325622015,1
0.820158888889,2022-01-24T13:49:12.572Z,XBTUSDT,1,33449.5,-0.0109325622015,1
0.850218888889,2022-01-24T13:51:00.788Z,XBTUSDT,1,33400,-0.0124135009983,1
0.8622775,2022-01-24T13:51:44.199Z,XBTUSDT,1,33406,-0.0122338764132,1
0.880843055556,2022-01-24T13:52:51.035Z,XBTUSDT,1,33475,-0.0101705094037,1
0.882246388889,2022-01-24T13:52:56.087Z,XBTUSDT,1,33500,-0.0094239621499,1
0.883509444444,2022-01-24T13:53:00.634Z,XBTUSDT,1,33525,-0.00867797181318,1
0.886293888889,2022-01-24T13:53:10.658Z,XBTUSDT,1,33529,-0.0085586649857,1
0.937426666667,2022-01-24T13:56:14.736Z,XBTUSDT,1,33425,-0.0116652779929,1
0.942036111111,2022-01-24T13:56:31.330Z,XBTUSDT,1,33400.5,-0.0123985310504,1
0.943494166667,2022-01-24T13:56:36.579Z,XBTUSDT,1,33400.5,-0.0123985310504,1
0.946536388889,2022-01-24T13:56:47.531Z,XBTUSDT,1,33398.5,-0.0124584121864,2
0.948969166667,2022-01-24T13:56:56.289Z,XBTUSDT,1,33408,-0.0121740087207,1
0.948979166667,2022-01-24T13:56:56.325Z,XBTUSDT,1,33408,-0.0121740087207,1
0.948979722222,2022-01-24T13:56:56.327Z,XBTUSDT,1,33408,-0.0121740087207,1
0.948980833333,2022-01-24T13:56:56.331Z,XBTUSDT,1,33408,-0.0121740087207,1
0.948983055556,2022-01-24T13:56:56.339Z,XBTUSDT,1,33408,-0.0121740087207,1
0.948983888889,2022-01-24T13:56:56.342Z,XBTUSDT,1,33408,-0.0121740087207,1
0.948985,2022-01-24T13:56:56.346Z,XBTUSDT,1,33408,-0.0121740087207,1
0.948985833333,2022-01-24T13:56:56.349Z,XBTUSDT,1,33408,-0.0121740087207,1
0.948986388889,2022-01-24T13:56:56.351Z,XBTUSDT,1,33408,-0.0121740087207,1
0.948986944444,2022-01-24T13:56:56.353Z,XBTUSDT,1,33408,-0.0121740087207,1
0.948988055556,2022-01-24T13:56:56.357Z,XBTUSDT,1,33408,-0.0121740087207,1
0.948988888889,2022-01-24T13:56:56.360Z,XBTUSDT,1,33408,-0.0121740087207,1
0.948989722222,2022-01-24T13:56:56.363Z,XBTUSDT,1,33408,-0.0121740087207,1
0.948990277778,2022-01-24T13:56:56.365Z,XBTUSDT,1,33408,-0.0121740087207,1
0.948991666667,2022-01-24T13:56:56.370Z,XBTUSDT,1,33408,-0.0121740087207,1
0.948994722222,2022-01-24T13:56:56.381Z,XBTUSDT,1,33408,-0.0121740087207,1
0.9490475,2022-01-24T13:56:56.571Z,XBTUSDT,1,33408,-0.0121740087207,1
0.9490575,2022-01-24T13:56:56.607Z,XBTUSDT,1,33408,-0.0121740087207,1
0.954223611111,2022-01-24T13:57:15.205Z,XBTUSDT,1,33392,-0.0126530506461,1
0.954316388889,2022-01-24T13:57:15.539Z,XBTUSDT,1,33392,-0.0126530506461,1
0.956308888889,2022-01-24T13:57:22.712Z,XBTUSDT,1,33386,-0.0128327505477,1
0.965665277778,2022-01-24T13:57:56.395Z,XBTUSDT,1,33447.1666667,-0.0110023215318,2
0.966826111111,2022-01-24T13:58:00.574Z,XBTUSDT,1,33427,-0.0116054443305,1
0.966911388889,2022-01-24T13:58:00.881Z,XBTUSDT,1,33427,-0.0116054443305,1
0.966925833333,2022-01-24T13:58:00.933Z,XBTUSDT,1,33427,-0.0116054443305,1
0.966996111111,2022-01-24T13:58:01.186Z,XBTUSDT,1,33427,-0.0116054443305,1
0.967078333333,2022-01-24T13:58:01.482Z,XBTUSDT,1,33427,-0.0116054443305,1
0.967138055556,2022-01-24T13:58:01.697Z,XBTUSDT,1,33427,-0.0116054443305,1
0.967181111111,2022-01-24T13:58:01.852Z,XBTUSDT,1,33427,-0.0116054443305,1
0.967331944444,2022-01-24T13:58:02.395Z,XBTUSDT,1,33427,-0.0116054443305,1
0.9676475,2022-01-24T13:58:03.531Z,XBTUSDT,1,33434.5,-0.0113810999759,1
0.967667777778,2022-01-24T13:58:03.604Z,XBTUSDT,1,33444.7181208,-0.0110755305876,5
0.967686111111,2022-01-24T13:58:03.670Z,XBTUSDT,1,33450.5,-0.0109026668353,1
0.967689722222,2022-01-24T13:58:03.683Z,XBTUSDT,1,33450.5,-0.0109026668353,1
0.967693611111,2022-01-24T13:58:03.697Z,XBTUSDT,1,33450.5,-0.0109026668353,1
0.967704444444,2022-01-24T13:58:03.736Z,XBTUSDT,1,33450.5,-0.0109026668353,1
0.967705555556,2022-01-24T13:58:03.740Z,XBTUSDT,1,33451.5119681,-0.0108724145886,3
0.967718055556,2022-01-24T13:58:03.785Z,XBTUSDT,1,33463.5,-0.0105141083822,1
0.967718888889,2022-01-24T13:58:03.788Z,XBTUSDT,1,33463.5,-0.0105141083822,1
0.96772,2022-01-24T13:58:03.792Z,XBTUSDT,1,33463.5,-0.0105141083822,1
0.967721111111,2022-01-24T13:58:03.796Z,XBTUSDT,1,33467.566474,-0.0103925960799,2
0.9677225,2022-01-24T13:58:03.801Z,XBTUSDT,1,33474,-0.0102003828895,1
0.967723055556,2022-01-24T13:58:03.803Z,XBTUSDT,1,33479.2416107,-0.0100438076252,2
0.967726388889,2022-01-24T13:58:03.815Z,XBTUSDT,1,33479.5,-0.0100360897603,1
0.9677275,2022-01-24T13:58:03.819Z,XBTUSDT,1,33482.2,-0.00995544664635,2
0.967729722222,2022-01-24T13:58:03.827Z,XBTUSDT,1,33493,-0.00963293920796,1
0.967730833333,2022-01-24T13:58:03.831Z,XBTUSDT,1,33493,-0.00963293920796,1
0.967731388889,2022-01-24T13:58:03.833Z,XBTUSDT,1,33493,-0.00963293920796,1
0.967732222222,2022-01-24T13:58:03.836Z,XBTUSDT,1,33493,-0.00963293920796,1
0.967735,2022-01-24T13:58:03.846Z,XBTUSDT,1,33493,-0.00963293920796,1
0.967736388889,2022-01-24T13:58:03.851Z,XBTUSDT,1,33493,-0.00963293920796,1
0.967737777778,2022-01-24T13:58:03.856Z,XBTUSDT,1,33493,-0.00963293920796,1
0.967738611111,2022-01-24T13:58:03.859Z,XBTUSDT,1,33493,-0.00963293920796,1
0.967742777778,2022-01-24T13:58:03.874Z,XBTUSDT,1,33493,-0.00963293920796,1
0.967745,2022-01-24T13:58:03.882Z,XBTUSDT,1,33493,-0.00963293920796,1
0.967749722222,2022-01-24T13:58:03.899Z,XBTUSDT,1,33493,-0.00963293920796,1
0.967767222222,2022-01-24T13:58:03.962Z,XBTUSDT,1,33493,-0.00963293920796,1
0.967784722222,2022-01-24T13:58:04.025Z,XBTUSDT,1,33495.5,-0.00955829953097,1
0.967789166667,2022-01-24T13:58:04.041Z,XBTUSDT,1,33495.5,-0.00955829953097,1
0.967791111111,2022-01-24T13:58:04.048Z,XBTUSDT,1,33500.0069729,-0.0094237540028,3
0.967990833333,2022-01-24T13:58:04.767Z,XBTUSDT,1,33521.6,-0.00877939380931,2
0.968296666667,2022-01-24T13:58:05.868Z,XBTUSDT,1,33519,-0.00885695874761,1
0.9683125,2022-01-24T13:58:05.925Z,XBTUSDT,1,33519,-0.00885695874761,1
0.968315277778,2022-01-24T13:58:05.935Z,XBTUSDT,1,33518,-0.00888679301824,2
0.968318888889,2022-01-24T13:58:05.948Z,XBTUSDT,1,33515,-0.008976301171,1
0.968343055556,2022-01-24T13:58:06.035Z,XBTUSDT,1,33548.5,-0.0079772479517,1
0.968348333333,2022-01-24T13:58:06.054Z,XBTUSDT,1,33548.5,-0.0079772479517,1
0.968621111111,2022-01-24T13:58:07.036Z,XBTUSDT,1,33549.5054054,-0.00794727968664,2
0.969449722222,2022-01-24T13:58:10.019Z,XBTUSDT,1,33565.5,-0.00747064723162,1
0.969505277778,2022-01-24T13:58:10.219Z,XBTUSDT,1,33567.739726,-0.00740392243069,2
0.96993,2022-01-24T13:58:11.748Z,XBTUSDT,1,33530.8488372,-0.00850352506989,3
0.970074444444,2022-01-24T13:58:12.268Z,XBTUSDT,1,33530.5,-0.00851392859488,2
0.970147777778,2022-01-24T13:58:12.532Z,XBTUSDT,1,33530.5,-0.00851392859488,1
0.971441111111,2022-01-24T13:58:17.188Z,XBTUSDT,1,33568.5,-0.00738127373974,1
0.971441944444,2022-01-24T13:58:17.191Z,XBTUSDT,1,33568.5,-0.00738127373974,1
0.971498055556,2022-01-24T13:58:17.393Z,XBTUSDT,1,33575,-0.00718765857162,1
0.971956111111,2022-01-24T13:58:19.042Z,XBTUSDT,1,33569,-0.0073663789343,1
0.972031111111,2022-01-24T13:58:19.312Z,XBTUSDT,1,33569,-0.0073663789343,1
0.973110277778,2022-01-24T13:58:23.197Z,XBTUSDT,1,33562,-0.00757492640195,1
0.974432777778,2022-01-24T13:58:27.958Z,XBTUSDT,1,33573.5,-0.00723233566791,1
0.977973333333,2022-01-24T13:58:40.704Z,XBTUSDT,1,33548.5,-0.0079772479517,1
0.984559444444,2022-01-24T13:59:04.414Z,XBTUSDT,1,33517,-0.00891662817898,1
0.984563611111,2022-01-24T13:59:04.429Z,XBTUSDT,1,33517,-0.00891662817898,1
0.985204166667,2022-01-24T13:59:06.735Z,XBTUSDT,1,33487,-0.00981209716604,1
0.985216666667,2022-01-24T13:59:06.780Z,XBTUSDT,1,33487,-0.00981209716604,1
0.985218055556,2022-01-24T13:59:06.785Z,XBTUSDT,1,33487,-0.00981209716604,1
0.985229166667,2022-01-24T13:59:06.825Z,XBTUSDT,1,33487,-0.00981209716604,1
0.985233888889,2022-01-24T13:59:06.842Z,XBTUSDT,1,33487,-0.00981209716604,1
0.985239722222,2022-01-24T13:59:06.863Z,XBTUSDT,1,33487,-0.00981209716604,1
0.985245277778,2022-01-24T13:59:06.883Z,XBTUSDT,1,33487,-0.00981209716604,1
0.985249722222,2022-01-24T13:59:06.899Z,XBTUSDT,1,33487,-0.00981209716604,1
0.985250555556,2022-01-24T13:59:06.902Z,XBTUSDT,1,33487,-0.00981209716604,1
0.985252222222,2022-01-24T13:59:06.908Z,XBTUSDT,1,33487,-0.00981209716604,1
0.985264166667,2022-01-24T13:59:06.951Z,XBTUSDT,1,33487,-0.00981209716604,1
0.985282222222,2022-01-24T13:59:07.016Z,XBTUSDT,1,33487,-0.00981209716604,1
0.985292222222,2022-01-24T13:59:07.052Z,XBTUSDT,1,33487,-0.00981209716604,1
0.985295,2022-01-24T13:59:07.062Z,XBTUSDT,1,33487,-0.00981209716604,1
0.985310833333,2022-01-24T13:59:07.119Z,XBTUSDT,1,33487,-0.00981209716604,1
0.985330555556,2022-01-24T13:59:07.190Z,XBTUSDT,1,33487,-0.00981209716604,1
0.98535,2022-01-24T13:59:07.260Z,XBTUSDT,1,33487,-0.00981209716604,1
0.985377777778,2022-01-24T13:59:07.360Z,XBTUSDT,1,33487,-0.00981209716604,1
0.985379444444,2022-01-24T13:59:07.366Z,XBTUSDT,1,33487,-0.00981209716604,1
0.985379722222,2022-01-24T13:59:07.367Z,XBTUSDT,1,33487,-0.00981209716604,1
0.985380277778,2022-01-24T13:59:07.369Z,XBTUSDT,1,33487,-0.00981209716604,1
0.986915833333,2022-01-24T13:59:12.897Z,XBTUSDT,1,33458.5,-0.0106635360745,1
0.987376111111,2022-01-24T13:59:14.554Z,XBTUSDT,1,33474.5,-0.010185446035,1
0.988904722222,2022-01-24T13:59:20.057Z,XBTUSDT,1,33448.0952381,-0.0109745595827,2
0.988933055556,2022-01-24T13:59:20.159Z,XBTUSDT,1,33447.5,-0.0109923556153,1
0.989291666667,2022-01-24T13:59:21.450Z,XBTUSDT,1,33426.5,-0.0116204024105,1
0.989293611111,2022-01-24T13:59:21.457Z,XBTUSDT,1,33426.5,-0.0116204024105,1
0.989295555556,2022-01-24T13:59:21.464Z,XBTUSDT,1,33426.5,-0.0116204024105,1
0.989367222222,2022-01-24T13:59:21.722Z,XBTUSDT,1,33418.3888889,-0.0118630869683,2
0.989750833333,2022-01-24T13:59:23.103Z,XBTUSDT,1,33406,-0.0122338764132,1
0.990248611111,2022-01-24T13:59:24.895Z,XBTUSDT,1,33379,-0.0130424412547,1
0.990255555556,2022-01-24T13:59:24.920Z,XBTUSDT,1,33379,-0.0130424412547,1
0.990361944444,2022-01-24T13:59:25.303Z,XBTUSDT,1,33375.25,-0.0131547936519,2
0.9923125,2022-01-24T13:59:32.325Z,XBTUSDT,1,33379.5,-0.0130274618888,1
0.993287222222,2022-01-24T13:59:35.834Z,XBTUSDT,1,33403.5,-0.0123087160692,1
0.993287777778,2022-01-24T13:59:35.836Z,XBTUSDT,1,33403.5,-0.0123087160692,1
0.993328611111,2022-01-24T13:59:35.983Z,XBTUSDT,1,33403.5,-0.0123087160692,1
0.99333,2022-01-24T13:59:35.988Z,XBTUSDT,1,33403.5,-0.0123087160692,1
0.994096666667,2022-01-24T13:59:38.748Z,XBTUSDT,1,33382.5,-0.0129375904049,1
0.994126388889,2022-01-24T13:59:38.855Z,XBTUSDT,1,33379.5,-0.0130274618888,1
0.994130555556,2022-01-24T13:59:38.870Z,XBTUSDT,1,33379.5,-0.0130274618888,1
0.994155555556,2022-01-24T13:59:38.960Z,XBTUSDT,1,33379.5,-0.0130274618888,1
0.994156111111,2022-01-24T13:59:38.962Z,XBTUSDT,1,33379.5,-0.0130274618888,1
0.994157222222,2022-01-24T13:59:38.966Z,XBTUSDT,1,33379.5,-0.0130274618888,1
0.994158055556,2022-01-24T13:59:38.969Z,XBTUSDT,1,33379.5,-0.0130274618888,1
0.998443888889,2022-01-24T13:59:54.398Z,XBTUSDT,1,33354,-0.0137916957815,1
0.998584166667,2022-01-24T13:59:54.903Z,XBTUSDT,1,33350,-0.0139116286193,1
0.998629166667,2022-01-24T13:59:55.065Z,XBTUSDT,1,33337.5,-0.0142865114728,1
0.998631111111,2022-01-24T13:59:55.072Z,XBTUSDT,1,33337.5,-0.0142865114728,1
0.998697222222,2022-01-24T13:59:55.310Z,XBTUSDT,1,33335.5,-0.0143465057733,1
0.998698611111,2022-01-24T13:59:55.315Z,XBTUSDT,1,33335.5,-0.0143465057733,1
0.998802222222,2022-01-24T13:59:55.688Z,XBTUSDT,1,33332,-0.014451504461,1
0.998810555556,2022-01-24T13:59:55.718Z,XBTUSDT,1,33332,-0.014451504461,1
0.998815277778,2022-01-24T13:59:55.735Z,XBTUSDT,1,33332,-0.014451504461,1
0.998816944444,2022-01-24T13:59:55.741Z,XBTUSDT,1,33331.5652174,-0.0144645485461,2
0.998829166667,2022-01-24T13:59:55.785Z,XBTUSDT,1,33331.5,-0.0144665051735,1
0.9988325,2022-01-24T13:59:55.797Z,XBTUSDT,1,33331.5,-0.0144665051735,1
0.998836666667,2022-01-24T13:59:55.812Z,XBTUSDT,1,33331.5,-0.0144665051735,1
0.998846944444,2022-01-24T13:59:55.849Z,XBTUSDT,1,33331.5,-0.0144665051735,1
1.00022861111,2022-01-24T14:00:00.823Z,XBTUSDT,1,33329.4130435,-0.014529119273,2
1.00027472222,2022-01-24T14:00:00.989Z,XBTUSDT,1,33327.5,-0.0145865189752,1
1.00047166667,2022-01-24T14:00:01.698Z,XBTUSDT,1,33315.3571429,-0.0149509348421,2
1.00047583333,2022-01-24T14:00:01.713Z,XBTUSDT,1,33311.5,-0.0150667182672,1
1.0005625,2022-01-24T14:00:02.025Z,XBTUSDT,1,33306.5,-0.0152168278474,1
1.00124861111,2022-01-24T14:00:04.495Z,XBTUSDT,1,33305.3395,-0.0152516715031,5
1.00626555556,2022-01-24T14:00:22.556Z,XBTUSDT,1,33316,-0.0149316389078,1
1.00820055556,2022-01-24T14:00:29.522Z,XBTUSDT,1,33303.8773437,-0.0152955740235,2
1.00823083333,2022-01-24T14:00:29.631Z,XBTUSDT,1,33296,-0.0155321313296,1
1.00823222222,2022-01-24T14:00:29.636Z,XBTUSDT,1,33296,-0.0155321313296,1
1.00823833333,2022-01-24T14:00:29.658Z,XBTUSDT,1,33296,-0.0155321313296,1
1.00823916667,2022-01-24T14:00:29.661Z,XBTUSDT,1,33296,-0.0155321313296,1
1.00824,2022-01-24T14:00:29.664Z,XBTUSDT,1,33296,-0.0155321313296,1
1.00824222222,2022-01-24T14:00:29.672Z,XBTUSDT,1,33296,-0.0155321313296,1
1.008245,2022-01-24T14:00:29.682Z,XBTUSDT,1,33296,-0.0155321313296,1
1.00824638889,2022-01-24T14:00:29.687Z,XBTUSDT,1,33296,-0.0155321313296,1
1.0082475,2022-01-24T14:00:29.691Z,XBTUSDT,1,33286.9319913,-0.0158045137102,7
1.00825055556,2022-01-24T14:00:29.702Z,XBTUSDT,1,33267.4246479,-0.0163907215846,4
1.0082525,2022-01-24T14:00:29.709Z,XBTUSDT,1,33240,-0.0172154309937,1
1.00826027778,2022-01-24T14:00:29.737Z,XBTUSDT,1,33240.5,-0.0172003889889,1
1.00828916667,2022-01-24T14:00:29.841Z,XBTUSDT,1,33227.3021754,-0.0175975083264,4
1.00835555556,2022-01-24T14:00:30.080Z,XBTUSDT,1,33236.2205556,-0.0173291391563,7
1.00851416667,2022-01-24T14:00:30.651Z,XBTUSDT,1,33246.5,-0.0170199025775,1
1.00851583333,2022-01-24T14:00:30.657Z,XBTUSDT,1,33246.5,-0.0170199025775,1
1.00868722222,2022-01-24T14:00:31.274Z,XBTUSDT,1,33231,-0.017486225778,1
1.02517333333,2022-01-24T14:01:30.624Z,XBTUSDT,1,33201,-0.0183894050302,2
1.02524222222,2022-01-24T14:01:30.872Z,XBTUSDT,1,33200,-0.0184195250585,1
1.02781611111,2022-01-24T14:01:40.138Z,XBTUSDT,1,33196.7111111,-0.0185185928839,2
1.04878972222,2022-01-24T14:02:55.643Z,XBTUSDT,1,33256.7371094,-0.0167120345729,6
1.04999055556,2022-01-24T14:02:59.966Z,XBTUSDT,1,33260.5,-0.0165988942564,1
1.05674333333,2022-01-24T14:03:24.276Z,XBTUSDT,1,33308.5,-0.0151567813113,2
1.07963861111,2022-01-24T14:04:46.699Z,XBTUSDT,1,33281.5,-0.0159677139282,1
1.08946666667,2022-01-24T14:05:22.080Z,XBTUSDT,1,33285,-0.0158625559283,1
1.08947527778,2022-01-24T14:05:22.111Z,XBTUSDT,1,33285,-0.0158625559283,1
1.09633888889,2022-01-24T14:05:46.820Z,XBTUSDT,1,33265.5,-0.0164485770869,1
1.09869722222,2022-01-24T14:05:55.310Z,XBTUSDT,1,33241.7,-0.0171642891005,2
1.10169083333,2022-01-24T14:06:06.087Z,XBTUSDT,1,33257.5,-0.016689095405,1
1.10551805556,2022-01-24T14:06:19.865Z,XBTUSDT,1,33257.5,-0.016689095405,1
1.10631722222,2022-01-24T14:06:22.742Z,XBTUSDT,1,33257.5,-0.016689095405,1
1.10771222222,2022-01-24T14:06:27.764Z,XBTUSDT,1,33256.6,-0.0167161573362,3
1.10797194444,2022-01-24T14:06:28.699Z,XBTUSDT,1,33236.5,-0.0173207313631,1
1.10913611111,2022-01-24T14:06:32.890Z,XBTUSDT,1,33183.58,-0.0189142257159,2
1.11822111111,2022-01-24T14:07:05.596Z,XBTUSDT,1,33159,-0.019655227984,1
1.11823416667,2022-01-24T14:07:05.643Z,XBTUSDT,1,33159,-0.019655227984,1
1.11926472222,2022-01-24T14:07:09.353Z,XBTUSDT,1,33120,-0.0208320714639,1
1.11926805556,2022-01-24T14:07:09.365Z,XBTUSDT,1,33120,-0.0208320714639,1
1.11929166667,2022-01-24T14:07:09.450Z,XBTUSDT,1,33120,-0.0208320714639,1
1.11929277778,2022-01-24T14:07:09.454Z,XBTUSDT,1,33120,-0.0208320714639,1
1.11932916667,2022-01-24T14:07:09.585Z,XBTUSDT,1,33120,-0.0208320714639,1
1.11935111111,2022-01-24T14:07:09.664Z,XBTUSDT,1,33120,-0.0208320714639,1
1.11938,2022-01-24T14:07:09.768Z,XBTUSDT,1,33120,-0.0208320714639,1
1.11938583333,2022-01-24T14:07:09.789Z,XBTUSDT,1,33120,-0.0208320714639,1
1.11938638889,2022-01-24T14:07:09.791Z,XBTUSDT,1,33120,-0.0208320714639,1
1.12063222222,2022-01-24T14:07:14.276Z,XBTUSDT,1,33161.0615,-0.0195930597666,7
1.12723527778,2022-01-24T14:07:38.047Z,XBTUSDT,1,33146,-0.0200473552796,1
1.18182166667,2022-01-24T14:10:54.558Z,XBTUSDT,1,33205.5,-0.0182538761284,1
1.18194416667,2022-01-24T14:10:54.999Z,XBTUSDT,1,33205.5,-0.0182538761284,1
1.18204472222,2022-01-24T14:10:55.361Z,XBTUSDT,1,33205.5,-0.0182538761284,1
1.18208277778,2022-01-24T14:10:55.498Z,XBTUSDT,1,33205.5,-0.0182538761284,1
1.18209083333,2022-01-24T14:10:55.527Z,XBTUSDT,1,33205.5,-0.0182538761284,1
1.18210916667,2022-01-24T14:10:55.593Z,XBTUSDT,1,33205.5,-0.0182538761284,1
1.18212055556,2022-01-24T14:10:55.634Z,XBTUSDT,1,33205.5,-0.0182538761284,1
1.18213166667,2022-01-24T14:10:55.674Z,XBTUSDT,1,33205.5,-0.0182538761284,1
1.18213222222,2022-01-24T14:10:55.676Z,XBTUSDT,1,33205.5,-0.0182538761284,1
1.18213333333,2022-01-24T14:10:55.680Z,XBTUSDT,1,33205.5,-0.0182538761284,1
1.18213416667,2022-01-24T14:10:55.683Z,XBTUSDT,1,33205.5,-0.0182538761284,1
1.182135,2022-01-24T14:10:55.686Z,XBTUSDT,1,33205.5,-0.0182538761284,1
1.18213555556,2022-01-24T14:10:55.688Z,XBTUSDT,1,33205.5,-0.0182538761284,1
1.18213638889,2022-01-24T14:10:55.691Z,XBTUSDT,1,33205.5,-0.0182538761284,1
1.18213722222,2022-01-24T14:10:55.694Z,XBTUSDT,1,33205.5,-0.0182538761284,1
1.18213833333,2022-01-24T14:10:55.698Z,XBTUSDT,1,33205.5,-0.0182538761284,1
1.18213916667,2022-01-24T14:10:55.701Z,XBTUSDT,1,33205.5,-0.0182538761284,1
1.18213972222,2022-01-24T14:10:55.703Z,XBTUSDT,1,33205.5,-0.0182538761284,1
1.18214055556,2022-01-24T14:10:55.706Z,XBTUSDT,1,33205.5,-0.0182538761284,1
1.18214083333,2022-01-24T14:10:55.707Z,XBTUSDT,1,33205.5,-0.0182538761284,1
1.18214111111,2022-01-24T14:10:55.708Z,XBTUSDT,1,33205.5,-0.0182538761284,1
1.18214166667,2022-01-24T14:10:55.710Z,XBTUSDT,1,33205.5,-0.0182538761284,1
1.1821425,2022-01-24T14:10:55.713Z,XBTUSDT,1,33205.5,-0.0182538761284,1
1.18214305556,2022-01-24T14:10:55.715Z,XBTUSDT,1,33205.5,-0.0182538761284,1
1.18214333333,2022-01-24T14:10:55.716Z,XBTUSDT,1,33205.5,-0.0182538761284,1
1.18214416667,2022-01-24T14:10:55.719Z,XBTUSDT,1,33205.5,-0.0182538761284,1
1.18214444444,2022-01-24T14:10:55.720Z,XBTUSDT,1,33205.5,-0.0182538761284,1
1.18214472222,2022-01-24T14:10:55.721Z,XBTUSDT,1,33205.5,-0.0182538761284,1
1.18214527778,2022-01-24T14:10:55.723Z,XBTUSDT,1,33205.5,-0.0182538761284,1
1.18214611111,2022-01-24T14:10:55.726Z,XBTUSDT,1,33205.5,-0.0182538761284,1
1.18214694444,2022-01-24T14:10:55.729Z,XBTUSDT,1,33205.5,-0.0182538761284,1
1.18214916667,2022-01-24T14:10:55.737Z,XBTUSDT,1,33205.5,-0.0182538761284,1
1.18215,2022-01-24T14:10:55.740Z,XBTUSDT,1,33205.5,-0.0182538761284,1
1.18215138889,2022-01-24T14:10:55.745Z,XBTUSDT,1,33205.5,-0.0182538761284,1
1.18215166667,2022-01-24T14:10:55.746Z,XBTUSDT,1,33205.5,-0.0182538761284,1
1.18215444444,2022-01-24T14:10:55.756Z,XBTUSDT,1,33205.5,-0.0182538761284,1
1.18215666667,2022-01-24T14:10:55.764Z,XBTUSDT,1,33205.5,-0.0182538761284,1
1.1821575,2022-01-24T14:10:55.767Z,XBTUSDT,1,33205.5,-0.0182538761284,1
1.18598583333,2022-01-24T14:11:09.549Z,XBTUSDT,1,33193,-0.0186303906626,1
1.18598888889,2022-01-24T14:11:09.560Z,XBTUSDT,1,33193,-0.0186303906626,1
1.18599138889,2022-01-24T14:11:09.569Z,XBTUSDT,1,33193,-0.0186303906626,1
1.18600222222,2022-01-24T14:11:09.608Z,XBTUSDT,1,33193,-0.0186303906626,1
1.1861175,2022-01-24T14:11:10.023Z,XBTUSDT,1,33193,-0.0186303906626,1
1.18611861111,2022-01-24T14:11:10.027Z,XBTUSDT,1,33193,-0.0186303906626,1
1.18615194444,2022-01-24T14:11:10.147Z,XBTUSDT,1,33193,-0.0186303906626,1
1.18618111111,2022-01-24T14:11:10.252Z,XBTUSDT,1,33193,-0.0186303906626,1
1.18620388889,2022-01-24T14:11:10.334Z,XBTUSDT,1,33193,-0.0186303906626,1
1.18620583333,2022-01-24T14:11:10.341Z,XBTUSDT,1,33193,-0.0186303906626,1
1.18620638889,2022-01-24T14:11:10.343Z,XBTUSDT,1,33193,-0.0186303906626,1
1.1862075,2022-01-24T14:11:10.347Z,XBTUSDT,1,33193,-0.0186303906626,1
1.18624833333,2022-01-24T14:11:10.494Z,XBTUSDT,1,33193,-0.0186303906626,1
1.18624944444,2022-01-24T14:11:10.498Z,XBTUSDT,1,33193,-0.0186303906626,1
1.18626805556,2022-01-24T14:11:10.565Z,XBTUSDT,1,33193,-0.0186303906626,1
1.18626861111,2022-01-24T14:11:10.567Z,XBTUSDT,1,33193,-0.0186303906626,1
1.18627083333,2022-01-24T14:11:10.575Z,XBTUSDT,1,33193,-0.0186303906626,1
1.18632333333,2022-01-24T14:11:10.764Z,XBTUSDT,1,33193,-0.0186303906626,1
1.18632722222,2022-01-24T14:11:10.778Z,XBTUSDT,1,33193,-0.0186303906626,1
1.18633194444,2022-01-24T14:11:10.795Z,XBTUSDT,1,33193,-0.0186303906626,1
1.18633666667,2022-01-24T14:11:10.812Z,XBTUSDT,1,33193,-0.0186303906626,1
1.18664777778,2022-01-24T14:11:11.932Z,XBTUSDT,1,33193,-0.0186303906626,1
1.18664888889,2022-01-24T14:11:11.936Z,XBTUSDT,1,33193,-0.0186303906626,1
1.19117666667,2022-01-24T14:11:28.236Z,XBTUSDT,1,33172,-0.019263254392,1
1.19119444444,2022-01-24T14:11:28.300Z,XBTUSDT,1,33172,-0.019263254392,1
1.19119722222,2022-01-24T14:11:28.310Z,XBTUSDT,1,33172,-0.019263254392,1
1.19119805556,2022-01-24T14:11:28.313Z,XBTUSDT,1,33172,-0.019263254392,1
1.19120222222,2022-01-24T14:11:28.328Z,XBTUSDT,1,33172,-0.019263254392,1
1.19719277778,2022-01-24T14:11:49.894Z,XBTUSDT,1,33178.5,-0.0190673251971,1
1.20092833333,2022-01-24T14:12:03.342Z,XBTUSDT,1,33166,-0.019444146189,1
1.20458055556,2022-01-24T14:12:16.490Z,XBTUSDT,1,33209.5,-0.0181334214117,1
1.22724361111,2022-01-24T14:13:38.077Z,XBTUSDT,1,33175.6658745,-0.0191527493884,4
1.23486694444,2022-01-24T14:14:05.521Z,XBTUSDT,1,33194.5,-0.0185852014327,1
1.23857555556,2022-01-24T14:14:18.872Z,XBTUSDT,1,33228,-0.0175765070041,1
1.23858861111,2022-01-24T14:14:18.919Z,XBTUSDT,1,33233.5648649,-0.017409045859,5
1.23868555556,2022-01-24T14:14:19.268Z,XBTUSDT,1,33241.5,-0.017170305658,1
1.23868666667,2022-01-24T14:14:19.272Z,XBTUSDT,1,33256.5015848,-0.0167191166093,5
1.23871305556,2022-01-24T14:14:19.367Z,XBTUSDT,1,33241.5,-0.017170305658,1
1.23879277778,2022-01-24T14:14:19.654Z,XBTUSDT,1,33291,-0.0156823107944,1
1.23879972222,2022-01-24T14:14:19.679Z,XBTUSDT,1,33291,-0.0156823107944,1
1.23886138889,2022-01-24T14:14:19.901Z,XBTUSDT,1,33291,-0.0156823107944,1
1.23886666667,2022-01-24T14:14:19.920Z,XBTUSDT,1,33291,-0.0156823107944,1
1.23960722222,2022-01-24T14:14:22.586Z,XBTUSDT,1,33284,-0.0158925999427,1
1.25528805556,2022-01-24T14:15:19.037Z,XBTUSDT,1,33406,-0.0122338764132,1
1.25880361111,2022-01-24T14:15:31.693Z,XBTUSDT,1,33417,-0.0119046484498,1
1.25918722222,2022-01-24T14:15:33.074Z,XBTUSDT,1,33456.2111111,-0.0107319482024,2
1.25924388889,2022-01-24T14:15:33.278Z,XBTUSDT,1,33456.5,-0.0107233134039,1
1.25924666667,2022-01-24T14:15:33.288Z,XBTUSDT,1,33456.5,-0.0107233134039,1
1.25927472222,2022-01-24T14:15:33.389Z,XBTUSDT,1,33461.3333333,-0.0105788576408,2
1.25978055556,2022-01-24T14:15:35.210Z,XBTUSDT,1,33463.5,-0.0105141083822,1
1.25978138889,2022-01-24T14:15:35.213Z,XBTUSDT,1,33463.5,-0.0105141083822,1
1.25978194444,2022-01-24T14:15:35.215Z,XBTUSDT,1,33463.5,-0.0105141083822,1
1.2597825,2022-01-24T14:15:35.217Z,XBTUSDT,1,33463.5,-0.0105141083822,1
1.259785,2022-01-24T14:15:35.226Z,XBTUSDT,1,33463.5,-0.0105141083822,1
1.25978805556,2022-01-24T14:15:35.237Z,XBTUSDT,1,33463.5,-0.0105141083822,1
1.25979027778,2022-01-24T14:15:35.245Z,XBTUSDT,1,33463.5,-0.0105141083822,1
1.25979194444,2022-01-24T14:15:35.251Z,XBTUSDT,1,33463.5,-0.0105141083822,1
1.25979916667,2022-01-24T14:15:35.277Z,XBTUSDT,1,33463.5,-0.0105141083822,1
1.26099944444,2022-01-24T14:15:39.598Z,XBTUSDT,1,33471.5,-0.0102750705085,1
1.26100861111,2022-01-24T14:15:39.631Z,XBTUSDT,1,33475,-0.0101705094037,1
1.26172888889,2022-01-24T14:15:42.224Z,XBTUSDT,1,33466,-0.0104394029085,1
1.26172972222,2022-01-24T14:15:42.227Z,XBTUSDT,1,33466,-0.0104394029085,1
1.26177972222,2022-01-24T14:15:42.407Z,XBTUSDT,1,33463.5,-0.0105141083822,1
1.26179472222,2022-01-24T14:15:42.461Z,XBTUSDT,1,33463.5,-0.0105141083822,1
1.26419722222,2022-01-24T14:15:51.110Z,XBTUSDT,1,33455,-0.0107681487461,1
1.26570277778,2022-01-24T14:15:56.530Z,XBTUSDT,1,33473.5,-0.010215319967,1
1.26570555556,2022-01-24T14:15:56.540Z,XBTUSDT,1,33480.16,-0.0100163763985,2
1.26573055556,2022-01-24T14:15:56.630Z,XBTUSDT,1,33494.0256696,-0.00960231627367,9
1.26577111111,2022-01-24T14:15:56.776Z,XBTUSDT,1,33484.5,-0.00988675578952,1
1.26599055556,2022-01-24T14:15:57.566Z,XBTUSDT,1,33504.5,-0.00928964281294,1
1.26599083333,2022-01-24T14:15:57.567Z,XBTUSDT,1,33504.5,-0.00928964281294,1
1.26602111111,2022-01-24T14:15:57.676Z,XBTUSDT,1,33541.1,-0.00819784846295,2
1.26706888889,2022-01-24T14:16:01.448Z,XBTUSDT,1,33479.5,-0.0100360897603,1
1.27062361111,2022-01-24T14:16:14.245Z,XBTUSDT,1,33539.5,-0.00824555227002,1
1.27092166667,2022-01-24T14:16:15.318Z,XBTUSDT,1,33481,-0.00999128722745,2
1.27093055556,2022-01-24T14:16:15.350Z,XBTUSDT,1,33481,-0.00999128722745,1
1.27511333333,2022-01-24T14:16:30.408Z,XBTUSDT,1,33488.5,-0.00976730466729,1
1.28799333333,2022-01-24T14:17:16.776Z,XBTUSDT,1,33464,-0.010499166841,1
1.2881375,2022-01-24T14:17:17.295Z,XBTUSDT,1,33464,-0.010499166841,1
1.28874555556,2022-01-24T14:17:19.484Z,XBTUSDT,1,33466.9256671,-0.0104117433649,5
1.28895555556,2022-01-24T14:17:20.240Z,XBTUSDT,1,33466,-0.0104394029085,1
1.28898861111,2022-01-24T14:17:20.359Z,XBTUSDT,1,33466,-0.0104394029085,1
1.29126972222,2022-01-24T14:17:28.571Z,XBTUSDT,1,33431,-0.0114857877447,1
1.29393138889,2022-01-24T14:17:38.153Z,XBTUSDT,1,33407.5,-0.0121889753078,1
1.29394388889,2022-01-24T14:17:38.198Z,XBTUSDT,1,33388.5,-0.0127578716643,1
1.29396194444,2022-01-24T14:17:38.263Z,XBTUSDT,1,33382.5,-0.0129375904049,1
1.2943,2022-01-24T14:17:39.480Z,XBTUSDT,1,33374,-0.0131922472562,1
1.29771805556,2022-01-24T14:17:51.785Z,XBTUSDT,1,33387.5,-0.0127878225448,1
1.31170944444,2022-01-24T14:18:42.154Z,XBTUSDT,1,33385.9089844,-0.0128354767129,5
1.31172694444,2022-01-24T14:18:42.217Z,XBTUSDT,1,33390,-0.0127129470254,1
1.31174055556,2022-01-24T14:18:42.266Z,XBTUSDT,1,33393.5,-0.0126081307158,1
1.31174222222,2022-01-24T14:18:42.272Z,XBTUSDT,1,33393.5,-0.0126081307158,1
1.31175361111,2022-01-24T14:18:42.313Z,XBTUSDT,1,33393.5,-0.0126081307158,1
1.31176222222,2022-01-24T14:18:42.344Z,XBTUSDT,1,33393.5,-0.0126081307158,1
1.31177277778,2022-01-24T14:18:42.382Z,XBTUSDT,1,33393.5,-0.0126081307158,1
1.31183,2022-01-24T14:18:42.588Z,XBTUSDT,1,33397,-0.0125033253916,1
1.31184833333,2022-01-24T14:18:42.654Z,XBTUSDT,1,33397,-0.0125033253916,1
1.31185527778,2022-01-24T14:18:42.679Z,XBTUSDT,1,33397,-0.0125033253916,1
1.33467944444,2022-01-24T14:20:04.846Z,XBTUSDT,1,33436,-0.011336237144,1
1.33944055556,2022-01-24T14:20:21.986Z,XBTUSDT,1,33401,-0.0123835613267,1
1.34021055556,2022-01-24T14:20:24.758Z,XBTUSDT,1,33400,-0.0124135009983,1
1.34022555556,2022-01-24T14:20:24.812Z,XBTUSDT,1,33385.781407,-0.0128392980131,3
1.34040833333,2022-01-24T14:20:25.470Z,XBTUSDT,1,33385.5,-0.0128477269973,1
1.35068111111,2022-01-24T14:21:02.452Z,XBTUSDT,1,33397.5,-0.0124883540991,1
1.43944,2022-01-24T14:26:21.984Z,XBTUSDT,1,33500,-0.0094239621499,1
1.44469972222,2022-01-24T14:26:40.919Z,XBTUSDT,1,33525,-0.00867797181318,1
1.45014583333,2022-01-24T14:27:00.525Z,XBTUSDT,1,33550,-0.00793253756323,1
1.45085527778,2022-01-24T14:27:03.079Z,XBTUSDT,1,33575,-0.00718765857162,1
1.45338333333,2022-01-24T14:27:12.180Z,XBTUSDT,1,33600,-0.00644333401176,1
1.45432805556,2022-01-24T14:27:15.581Z,XBTUSDT,1,33625,-0.00569956305892,2
1.4670175,2022-01-24T14:28:01.263Z,XBTUSDT,1,33650,-0.00495634489018,1
1.50282361111,2022-01-24T14:30:10.165Z,XBTUSDT,1,33490.7407407,-0.00970039615304,2
1.50285694444,2022-01-24T14:30:10.285Z,XBTUSDT,1,33482,-0.00996141998733,1
1.50431,2022-01-24T14:30:15.516Z,XBTUSDT,1,33482,-0.00996141998733,1
1.50432111111,2022-01-24T14:30:15.556Z,XBTUSDT,1,33482,-0.00996141998733,1
1.50434277778,2022-01-24T14:30:15.634Z,XBTUSDT,1,33482,-0.00996141998733,1
1.50503027778,2022-01-24T14:30:18.109Z,XBTUSDT,1,33475,-0.0101705094037,1
1.5074925,2022-01-24T14:30:26.973Z,XBTUSDT,1,33450,-0.0109176144067,1
1.50763833333,2022-01-24T14:30:27.498Z,XBTUSDT,1,33425,-0.0116652779929,1
1.51521527778,2022-01-24T14:30:54.775Z,XBTUSDT,1,33499,-0.00945381334171,1
1.51525388889,2022-01-24T14:30:54.914Z,XBTUSDT,1,33499,-0.00945381334171,1
1.51527055556,2022-01-24T14:30:54.974Z,XBTUSDT,1,33499,-0.00945381334171,1
1.51527138889,2022-01-24T14:30:54.977Z,XBTUSDT,1,33499,-0.00945381334171,1
1.51527222222,2022-01-24T14:30:54.980Z,XBTUSDT,1,33499,-0.00945381334171,1
1.51527277778,2022-01-24T14:30:54.982Z,XBTUSDT,1,33499,-0.00945381334171,1
1.51527416667,2022-01-24T14:30:54.987Z,XBTUSDT,1,33499,-0.00945381334171,1
1.5167075,2022-01-24T14:31:00.147Z,XBTUSDT,1,33495.5,-0.00955829953097,1
1.51799444444,2022-01-24T14:31:04.780Z,XBTUSDT,1,33499,-0.00945381334171,1
1.5181375,2022-01-24T14:31:05.295Z,XBTUSDT,1,33517.5,-0.00890171048734,1
1.51828333333,2022-01-24T14:31:05.820Z,XBTUSDT,1,33540.5,-0.00821573712393,1
1.51837722222,2022-01-24T14:31:06.158Z,XBTUSDT,1,33560.5,-0.00761962080398,1
1.53214583333,2022-01-24T14:31:55.725Z,XBTUSDT,1,33675,-0.00421367868449,1
1.53228388889,2022-01-24T14:31:56.222Z,XBTUSDT,1,33700,-0.0034715636226,3
1.5322875,2022-01-24T14:31:56.235Z,XBTUSDT,1,33710.5,-0.003160039451,1
1.53230305556,2022-01-24T14:31:56.291Z,XBTUSDT,1,33710.5,-0.003160039451,1
1.53263888889,2022-01-24T14:31:57.500Z,XBTUSDT,1,33724.5,-0.00274482479389,1
1.53300111111,2022-01-24T14:31:58.804Z,XBTUSDT,1,33724.516129,-0.0027443465354,2
1.533095,2022-01-24T14:31:59.142Z,XBTUSDT,1,33725,-0.0027299988871,1
1.53363888889,2022-01-24T14:32:01.100Z,XBTUSDT,1,33750,-0.00198898366238,1
1.53544861111,2022-01-24T14:32:07.615Z,XBTUSDT,1,33752.5,-0.00191491233166,1
1.53648277778,2022-01-24T14:32:11.338Z,XBTUSDT,1,33753,-0.00190009872388,1
1.53852972222,2022-01-24T14:32:18.707Z,XBTUSDT,1,33775,-0.00124851713466,1
1.53854944444,2022-01-24T14:32:18.778Z,XBTUSDT,1,33810.325,-0.000203171766657,2
1.53857111111,2022-01-24T14:32:18.856Z,XBTUSDT,1,33816.4925,-2.07737108244e-05,2
1.54075416667,2022-01-24T14:32:26.715Z,XBTUSDT,1,33825,0.000230773075932,1
1.54110972222,2022-01-24T14:32:27.995Z,XBTUSDT,1,33850,0.000969598377363,1
1.54196527778,2022-01-24T14:32:31.075Z,XBTUSDT,1,33869.5,0.00154550341325,1
1.54196555556,2022-01-24T14:32:31.076Z,XBTUSDT,1,33869.5,0.00154550341325,1
1.54196611111,2022-01-24T14:32:31.078Z,XBTUSDT,1,33869.5,0.00154550341325,1
1.54197083333,2022-01-24T14:32:31.095Z,XBTUSDT,1,33834.95,0.00052489094246,2
1.54466694444,2022-01-24T14:32:40.801Z,XBTUSDT,1,33875,0.00170787821894,1
1.54665722222,2022-01-24T14:32:47.966Z,XBTUSDT,1,33818.5,3.8589051746e-05,1
1.54665916667,2022-01-24T14:32:47.973Z,XBTUSDT,1,33818.5,3.8589051746e-05,1
1.54678111111,2022-01-24T14:32:48.412Z,XBTUSDT,1,33818.5,3.8589051746e-05,1
1.54701305556,2022-01-24T14:32:49.247Z,XBTUSDT,1,33783.31125,-0.00100247042662,4
1.55464138889,2022-01-24T14:33:16.709Z,XBTUSDT,1,33795.5,-0.000641743450018,1
1.57356694444,2022-01-24T14:34:24.841Z,XBTUSDT,1,33711,-0.00314520738704,1
1.57372027778,2022-01-24T14:34:25.393Z,XBTUSDT,1,33688.0102041,-0.00382740722174,2
1.57401083333,2022-01-24T14:34:26.439Z,XBTUSDT,1,33687.5,-0.0038425523117,1
1.57585138889,2022-01-24T14:34:33.065Z,XBTUSDT,1,33693,-0.00367930033191,1
1.57643,2022-01-24T14:34:35.148Z,XBTUSDT,1,33692.7946429,-0.00368539530026,2
1.57646888889,2022-01-24T14:34:35.288Z,XBTUSDT,1,33690.75,-0.0037460820115,2
1.57667611111,2022-01-24T14:34:36.034Z,XBTUSDT,1,33687.5,-0.0038425523117,1
1.57696916667,2022-01-24T14:34:37.089Z,XBTUSDT,1,33688,-0.00382771012129,1
1.58188722222,2022-01-24T14:34:54.794Z,XBTUSDT,1,33732.5,-0.00250763665811,1
1.58350722222,2022-01-24T14:35:00.626Z,XBTUSDT,1,33713.5,-0.00307105036694,1
1.60073444444,2022-01-24T14:36:02.644Z,XBTUSDT,1,33702.255,-0.00340465191466,2
1.60426444444,2022-01-24T14:36:15.352Z,XBTUSDT,1,33739,-0.00231496271371,1
1.60498638889,2022-01-24T14:36:17.951Z,XBTUSDT,1,33750.5,-0.00197416895731,1
1.60502027778,2022-01-24T14:36:18.073Z,XBTUSDT,1,33751.5,-0.00194454020556,1
1.605025,2022-01-24T14:36:18.090Z,XBTUSDT,1,33751.5,-0.00194454020556,1
1.60502722222,2022-01-24T14:36:18.098Z,XBTUSDT,1,33751.5,-0.00194454020556,1
1.60502972222,2022-01-24T14:36:18.107Z,XBTUSDT,1,33751.5,-0.00194454020556,1
1.6050425,2022-01-24T14:36:18.153Z,XBTUSDT,1,33751.5,-0.00194454020556,1
1.60506694444,2022-01-24T14:36:18.241Z,XBTUSDT,1,33751.5,-0.00194454020556,1
1.60506805556,2022-01-24T14:36:18.245Z,XBTUSDT,1,33751.5,-0.00194454020556,1
1.64329055556,2022-01-24T14:38:35.846Z,XBTUSDT,1,33850,0.000969598377363,1
1.64329166667,2022-01-24T14:38:35.850Z,XBTUSDT,1,33850,0.000969598377363,1
1.64411722222,2022-01-24T14:38:38.822Z,XBTUSDT,1,33875,0.00170787821894,1
1.64534472222,2022-01-24T14:38:43.241Z,XBTUSDT,1,33829,0.000349021812285,1
1.64536083333,2022-01-24T14:38:43.299Z,XBTUSDT,1,33829,0.000349021812285,1
1.64537444444,2022-01-24T14:38:43.348Z,XBTUSDT,1,33829,0.000349021812285,1
1.64540611111,2022-01-24T14:38:43.462Z,XBTUSDT,1,33826.0409836,0.000261548170934,4
1.65104277778,2022-01-24T14:39:03.754Z,XBTUSDT,1,33900,0.00244561340548,1
1.65483555556,2022-01-24T14:39:17.408Z,XBTUSDT,1,33925,0.00318280474001,1
1.65501277778,2022-01-24T14:39:18.046Z,XBTUSDT,1,33925,0.00318280474001,1
1.65510416667,2022-01-24T14:39:18.375Z,XBTUSDT,1,33925,0.00318280474001,1
1.65514777778,2022-01-24T14:39:18.532Z,XBTUSDT,1,33925,0.00318280474001,1
1.65517472222,2022-01-24T14:39:18.629Z,XBTUSDT,1,33925,0.00318280474001,1
1.65522861111,2022-01-24T14:39:18.823Z,XBTUSDT,1,33925,0.00318280474001,1
1.65523138889,2022-01-24T14:39:18.833Z,XBTUSDT,1,33925,0.00318280474001,1
1.65523277778,2022-01-24T14:39:18.838Z,XBTUSDT,1,33925,0.00318280474001,1
1.65523361111,2022-01-24T14:39:18.841Z,XBTUSDT,1,33925,0.00318280474001,1
1.65523444444,2022-01-24T14:39:18.844Z,XBTUSDT,1,33925,0.00318280474001,1
1.65523527778,2022-01-24T14:39:18.847Z,XBTUSDT,1,33925,0.00318280474001,2
1.65523583333,2022-01-24T14:39:18.849Z,XBTUSDT,1,33925,0.00318280474001,1
1.65523611111,2022-01-24T14:39:18.850Z,XBTUSDT,1,33925,0.00318280474001,1
1.65523666667,2022-01-24T14:39:18.852Z,XBTUSDT,1,33925,0.00318280474001,1
1.65523777778,2022-01-24T14:39:18.856Z,XBTUSDT,1,33925,0.00318280474001,1
1.65523805556,2022-01-24T14:39:18.857Z,XBTUSDT,1,33925,0.00318280474001,1
1.65523972222,2022-01-24T14:39:18.863Z,XBTUSDT,1,33925,0.00318280474001,2
1.65524194444,2022-01-24T14:39:18.871Z,XBTUSDT,1,33925,0.00318280474001,1
1.6558725,2022-01-24T14:39:21.141Z,XBTUSDT,1,33975,0.00465555905629,1
1.6560025,2022-01-24T14:39:21.609Z,XBTUSDT,1,34000,0.00539112363524,2
1.6562975,2022-01-24T14:39:22.671Z,XBTUSDT,1,33981.5,0.00484685790246,1
1.65630611111,2022-01-24T14:39:22.702Z,XBTUSDT,1,33981.5,0.00484685790246,1
1.66906194444,2022-01-24T14:40:08.623Z,XBTUSDT,1,33988.8398438,0.00506282986303,5
1.66909194444,2022-01-24T14:40:08.731Z,XBTUSDT,1,33996,0.00527346965546,1
1.66909416667,2022-01-24T14:40:08.739Z,XBTUSDT,1,33996,0.00527346965546,1
1.6691,2022-01-24T14:40:08.760Z,XBTUSDT,1,33996,0.00527346965546,1
1.66911388889,2022-01-24T14:40:08.810Z,XBTUSDT,1,33996,0.00527346965546,2
1.66921277778,2022-01-24T14:40:09.166Z,XBTUSDT,1,34025,0.00612614755661,2
1.669255,2022-01-24T14:40:09.318Z,XBTUSDT,1,34040,0.00656690272425,1
1.66934138889,2022-01-24T14:40:09.629Z,XBTUSDT,1,34052.5,0.00693405035844,1
1.66935972222,2022-01-24T14:40:09.695Z,XBTUSDT,1,34054,0.00697809901753,1
1.66941861111,2022-01-24T14:40:09.907Z,XBTUSDT,1,33945.4863281,0.00378649361438,8
1.67138861111,2022-01-24T14:40:16.999Z,XBTUSDT,1,34037.3800781,0.00648993378469,7
1.68031388889,2022-01-24T14:40:49.130Z,XBTUSDT,1,34079.4566406,0.00772535720946,3
1.68336666667,2022-01-24T14:41:00.120Z,XBTUSDT,1,34026,0.00615553727903,1
1.68379416667,2022-01-24T14:41:01.659Z,XBTUSDT,1,34055.0140625,0.00700787664723,4
1.68380694444,2022-01-24T14:41:01.705Z,XBTUSDT,1,34056,0.00703682754493,1
1.68494333333,2022-01-24T14:41:05.796Z,XBTUSDT,1,33997.5,0.00531759152006,1
1.68494611111,2022-01-24T14:41:05.806Z,XBTUSDT,1,33997.5,0.00531759152006,1
1.68499555556,2022-01-24T14:41:05.984Z,XBTUSDT,1,33984.5,0.00493513733635,1
1.68547611111,2022-01-24T14:41:07.714Z,XBTUSDT,1,33968.5,0.00446422360787,1
1.68547722222,2022-01-24T14:41:07.718Z,XBTUSDT,1,33968.5,0.00446422360787,1
1.68721083333,2022-01-24T14:41:13.959Z,XBTUSDT,1,34027.3835937,0.00619619929103,2
1.68766527778,2022-01-24T14:41:15.595Z,XBTUSDT,1,33958.4296875,0.00416771933129,2
1.68827166667,2022-01-24T14:41:17.778Z,XBTUSDT,1,33960.5,0.00422868355761,1
1.69080805556,2022-01-24T14:41:26.909Z,XBTUSDT,1,33942.5,0.00369851551138,1
1.69270027778,2022-01-24T14:41:33.721Z,XBTUSDT,1,33915.5,0.00290273604765,1
1.69517388889,2022-01-24T14:41:42.626Z,XBTUSDT,1,33938.5,0.00358066220914,1
1.69611694444,2022-01-24T14:41:46.021Z,XBTUSDT,1,33989.7316406,0.00508906745101,4
1.6962475,2022-01-24T14:41:46.491Z,XBTUSDT,1,33969,0.00447894301909,1
1.69627805556,2022-01-24T14:41:46.601Z,XBTUSDT,1,33946.3181818,0.00381099889007,3
1.70101083333,2022-01-24T14:42:03.639Z,XBTUSDT,1,33969.5,0.00449366221366,1
1.70101472222,2022-01-24T14:42:03.653Z,XBTUSDT,1,33969.5,0.00449366221366,1
1.70145388889,2022-01-24T14:42:05.234Z,XBTUSDT,1,34008.6726562,0.00564616923335,4
1.70145694444,2022-01-24T14:42:05.245Z,XBTUSDT,1,34017.2548246,0.00589848974333,8
1.70151,2022-01-24T14:42:05.436Z,XBTUSDT,1,34009,0.00565579448917,1
1.70175611111,2022-01-24T14:42:06.322Z,XBTUSDT,1,34006.8882813,0.00559369962269,4
1.70198027778,2022-01-24T14:42:07.129Z,XBTUSDT,1,33990,0.00509696272711,1
1.70625333333,2022-01-24T14:42:22.512Z,XBTUSDT,1,33967.1381215,0.0044241304111,3
1.71657,2022-01-24T14:42:59.652Z,XBTUSDT,1,33897,0.0023571139143,1
1.72023333333,2022-01-24T14:43:12.840Z,XBTUSDT,1,33900,0.00244561340548,1
1.73160333333,2022-01-24T14:43:53.772Z,XBTUSDT,1,33801.5,-0.000464220778428,1
1.73160583333,2022-01-24T14:43:53.781Z,XBTUSDT,1,33801.5,-0.000464220778428,1
1.73160694444,2022-01-24T14:43:53.785Z,XBTUSDT,1,33801.5,-0.000464220778428,1
1.73161388889,2022-01-24T14:43:53.810Z,XBTUSDT,1,33801.5,-0.000464220778428,1
1.73205777778,2022-01-24T14:43:55.408Z,XBTUSDT,1,33784.5,-0.000967283553514,1
1.73210194444,2022-01-24T14:43:55.567Z,XBTUSDT,1,33770,-0.00139656658344,1
1.73211861111,2022-01-24T14:43:55.627Z,XBTUSDT,1,33770,-0.00139656658344,1
1.7357675,2022-01-24T14:44:08.763Z,XBTUSDT,1,33832.5,0.000452477987603,1
1.7357725,2022-01-24T14:44:08.781Z,XBTUSDT,1,33835.1679739,0.000531333190906,3
1.73791083333,2022-01-24T14:44:16.479Z,XBTUSDT,1,33763.728125,-0.00158230710724,2
1.737925,2022-01-24T14:44:16.530Z,XBTUSDT,1,33751.5,-0.00194454020556,1
1.73818583333,2022-01-24T14:44:17.469Z,XBTUSDT,1,33753,-0.00190009872388,1
1.74019638889,2022-01-24T14:44:24.707Z,XBTUSDT,1,33752,-0.00192972615888,1
1.74039305556,2022-01-24T14:44:25.415Z,XBTUSDT,1,33751.5,-0.00194454020556,1
1.74463444444,2022-01-24T14:44:40.684Z,XBTUSDT,1,33751.5,-0.00194454020556,2
1.74466638889,2022-01-24T14:44:40.799Z,XBTUSDT,1,33744.6666667,-0.00214702084096,2
1.74470527778,2022-01-24T14:44:40.939Z,XBTUSDT,1,33737,-0.00237424305043,1
1.74472444444,2022-01-24T14:44:41.008Z,XBTUSDT,1,33731,-0.00255210514849,3
1.74524944444,2022-01-24T14:44:42.898Z,XBTUSDT,1,33720.5,-0.00286343996194,1
1.74531416667,2022-01-24T14:44:43.131Z,XBTUSDT,1,33711.5,-0.00313037554308,1
1.74531638889,2022-01-24T14:44:43.139Z,XBTUSDT,1,33711.5,-0.00313037554308,1
1.7457475,2022-01-24T14:44:44.691Z,XBTUSDT,1,33676.6648936,-0.00416423985859,9
1.74579666667,2022-01-24T14:44:44.868Z,XBTUSDT,1,33697,-0.0035605883567,1
1.74580527778,2022-01-24T14:44:44.899Z,XBTUSDT,1,33668.5025,-0.00440664459149,2
1.74685583333,2022-01-24T14:44:48.681Z,XBTUSDT,1,33699.5,-0.00348640052792,1
1.74739611111,2022-01-24T14:44:50.626Z,XBTUSDT,1,33690.41,-0.00375617385319,3
1.74866583333,2022-01-24T14:44:55.197Z,XBTUSDT,1,33686.8333333,-0.0038623422416,2
1.74869166667,2022-01-24T14:44:55.290Z,XBTUSDT,1,33686.5,-0.00387223735341,1
1.75021694444,2022-01-24T14:45:00.781Z,XBTUSDT,1,33687.2714286,-0.00384933738641,3
1.75023638889,2022-01-24T14:45:00.851Z,XBTUSDT,1,33686.5,-0.00387223735341,1
1.75025555556,2022-01-24T14:45:00.920Z,XBTUSDT,1,33686.5,-0.00387223735341,1
1.75026916667,2022-01-24T14:45:00.969Z,XBTUSDT,1,33682.3053691,-0.00399676474721,4
1.75157833333,2022-01-24T14:45:05.682Z,XBTUSDT,1,33687.5,-0.0038425523117,1
1.75158027778,2022-01-24T14:45:05.689Z,XBTUSDT,1,33687.5,-0.0038425523117,1
1.75222305556,2022-01-24T14:45:08.003Z,XBTUSDT,1,33666.5,-0.00446612331507,2
1.75318888889,2022-01-24T14:45:11.480Z,XBTUSDT,1,33658.7882353,-0.00469521300609,2
1.75320416667,2022-01-24T14:45:11.535Z,XBTUSDT,1,33648.5,-0.00500092240678,1
1.75320777778,2022-01-24T14:45:11.548Z,XBTUSDT,1,33648.5,-0.00500092240678,1
1.7547025,2022-01-24T14:45:16.929Z,XBTUSDT,1,33625,-0.00569956305892,1
1.7547075,2022-01-24T14:45:16.947Z,XBTUSDT,1,33625,-0.00569956305892,1
1.755655,2022-01-24T14:45:20.358Z,XBTUSDT,1,33602.5,-0.00636893201775,1
1.75876944444,2022-01-24T14:45:31.570Z,XBTUSDT,1,33602.5,-0.00636893201775,1
1.75878333333,2022-01-24T14:45:31.620Z,XBTUSDT,1,33602.5,-0.00636893201775,1
1.75880638889,2022-01-24T14:45:31.703Z,XBTUSDT,1,33602,-0.00638381197371,2
1.75889944444,2022-01-24T14:45:32.038Z,XBTUSDT,1,33570.1375,-0.00733249407839,4
1.76838944444,2022-01-24T14:46:06.202Z,XBTUSDT,1,33666.64,-0.00446196488729,2
1.77939972222,2022-01-24T14:46:45.839Z,XBTUSDT,1,33748.5,-0.00203342909451,1
1.78163805556,2022-01-24T14:46:53.897Z,XBTUSDT,1,33796,-0.000626948690321,1
1.79185472222,2022-01-24T14:47:30.677Z,XBTUSDT,1,33643.028,-0.00516355803639,2
1.80193916667,2022-01-24T14:48:06.981Z,XBTUSDT,1,33675,-0.00421367868449,1
1.82744138889,2022-01-24T14:49:38.789Z,XBTUSDT,1,33695.5,-0.00360510369595,1
1.83062472222,2022-01-24T14:49:50.249Z,XBTUSDT,1,33695,-0.00361994258274,1
1.83626555556,2022-01-24T14:50:10.556Z,XBTUSDT,1,33650.4333333,-0.00494346731089,2
1.83849416667,2022-01-24T14:50:18.579Z,XBTUSDT,1,33647.5,-0.00503064185519,1
1.84484583333,2022-01-24T14:50:41.445Z,XBTUSDT,1,33625,-0.00569956305892,1
1.84571361111,2022-01-24T14:50:44.569Z,XBTUSDT,1,33591.632948,-0.00669238442769,5
1.84810583333,2022-01-24T14:50:53.181Z,XBTUSDT,1,33601.3636364,-0.0064027504197,3
1.85359555556,2022-01-24T14:51:12.944Z,XBTUSDT,1,33575,-0.00718765857162,1
1.85721722222,2022-01-24T14:51:25.982Z,XBTUSDT,1,33550,-0.00793253756323,1
1.85787666667,2022-01-24T14:51:28.356Z,XBTUSDT,1,33525,-0.00867797181318,1
1.85817416667,2022-01-24T14:51:29.427Z,XBTUSDT,1,33500,-0.0094239621499,1
1.85887611111,2022-01-24T14:51:31.954Z,XBTUSDT,1,33467.7875,-0.0103859919164,3
1.85889416667,2022-01-24T14:51:32.019Z,XBTUSDT,1,33462.621875,-0.0105403500044,4
1.85900055556,2022-01-24T14:51:32.402Z,XBTUSDT,1,33455.5,-0.0107532034087,1
1.86075722222,2022-01-24T14:51:38.726Z,XBTUSDT,1,33455.5,-0.0107532034087,1
1.86080777778,2022-01-24T14:51:38.908Z,XBTUSDT,1,33455.5,-0.0107532034087,1
1.86136277778,2022-01-24T14:51:40.906Z,XBTUSDT,1,33470.5,-0.0103049471181,1
1.87629472222,2022-01-24T14:52:34.661Z,XBTUSDT,1,33538,-0.008290276656,1
1.87899444444,2022-01-24T14:52:44.380Z,XBTUSDT,1,33491.5,-0.00967772568843,3
1.88027583333,2022-01-24T14:52:48.993Z,XBTUSDT,1,33524,-0.00870780074426,1
1.88150055556,2022-01-24T14:52:53.402Z,XBTUSDT,1,33552,-0.00787292682136,1
1.88542055556,2022-01-24T14:53:07.514Z,XBTUSDT,1,33538.5,-0.00827536830509,1
1.88576444444,2022-01-24T14:53:08.752Z,XBTUSDT,1,33561.5,-0.00758982431401,1
1.88576916667,2022-01-24T14:53:08.769Z,XBTUSDT,1,33561.5,-0.00758982431401,1
1.88577805556,2022-01-24T14:53:08.801Z,XBTUSDT,1,33561.5,-0.00758982431401,1
1.88655305556,2022-01-24T14:53:11.591Z,XBTUSDT,1,33534,-0.0084095514653,1
1.89125222222,2022-01-24T14:53:28.508Z,XBTUSDT,1,33543.5,-0.00812629701892,1
1.89768611111,2022-01-24T14:53:51.670Z,XBTUSDT,1,33539.5,-0.00824555227002,1
1.89816805556,2022-01-24T14:53:53.405Z,XBTUSDT,1,33592.5,-0.00666657321349,1
1.90026472222,2022-01-24T14:54:00.953Z,XBTUSDT,1,33540.5,-0.00821573712393,1
1.9025525,2022-01-24T14:54:09.189Z,XBTUSDT,1,33592,-0.00668145759903,1
1.90258527778,2022-01-24T14:54:09.307Z,XBTUSDT,1,33592,-0.00668145759903,1
1.90273611111,2022-01-24T14:54:09.850Z,XBTUSDT,1,33592,-0.00668145759903,1
1.90274277778,2022-01-24T14:54:09.874Z,XBTUSDT,1,33592,-0.00668145759903,1
1.90283138889,2022-01-24T14:54:10.193Z,XBTUSDT,1,33592,-0.00668145759903,1
1.90283222222,2022-01-24T14:54:10.196Z,XBTUSDT,1,33592,-0.00668145759903,1
1.90546388889,2022-01-24T14:54:19.670Z,XBTUSDT,1,33679.5165289,-0.0040795665517,4
1.90548666667,2022-01-24T14:54:19.752Z,XBTUSDT,1,33688,-0.00382771012129,1
1.90561027778,2022-01-24T14:54:20.197Z,XBTUSDT,1,33702,-0.00341221820257,1
1.90561111111,2022-01-24T14:54:20.200Z,XBTUSDT,1,33702,-0.00341221820257,1
1.90561166667,2022-01-24T14:54:20.202Z,XBTUSDT,1,33702,-0.00341221820257,1
1.90561388889,2022-01-24T14:54:20.210Z,XBTUSDT,1,33702,-0.00341221820257,1
1.90561638889,2022-01-24T14:54:20.219Z,XBTUSDT,1,33702,-0.00341221820257,1
1.90561805556,2022-01-24T14:54:20.225Z,XBTUSDT,1,33702,-0.00341221820257,1
1.90562611111,2022-01-24T14:54:20.254Z,XBTUSDT,1,33702,-0.00341221820257,1
1.9056575,2022-01-24T14:54:20.367Z,XBTUSDT,1,33700,-0.0034715636226,1
1.90576583333,2022-01-24T14:54:20.757Z,XBTUSDT,1,33715.5,-0.00301172871007,1
1.90577027778,2022-01-24T14:54:20.773Z,XBTUSDT,1,33715.5,-0.00301172871007,1
1.90579583333,2022-01-24T14:54:20.865Z,XBTUSDT,1,33715.5,-0.00301172871007,1
1.90580555556,2022-01-24T14:54:20.900Z,XBTUSDT,1,33715.5,-0.00301172871007,1
1.90580638889,2022-01-24T14:54:20.903Z,XBTUSDT,1,33715.5,-0.00301172871007,1
1.90580916667,2022-01-24T14:54:20.913Z,XBTUSDT,1,33715.5,-0.00301172871007,1
1.90581333333,2022-01-24T14:54:20.928Z,XBTUSDT,1,33715.5,-0.00301172871007,1
1.90618694444,2022-01-24T14:54:22.273Z,XBTUSDT,1,33717,-0.00296723977668,1
1.90760305556,2022-01-24T14:54:27.371Z,XBTUSDT,1,33711.5,-0.00313037554308,1
1.90761694444,2022-01-24T14:54:27.421Z,XBTUSDT,1,33711,-0.00314520738704,1
1.90761805556,2022-01-24T14:54:27.425Z,XBTUSDT,1,33711,-0.00314520738704,1
1.90761916667,2022-01-24T14:54:27.429Z,XBTUSDT,1,33711.0714286,-0.00314308853872,2
1.90762027778,2022-01-24T14:54:27.433Z,XBTUSDT,1,33711.5,-0.00313037554308,1
1.90770333333,2022-01-24T14:54:27.732Z,XBTUSDT,1,33681.375,-0.00402438702445,2
1.908075,2022-01-24T14:54:29.070Z,XBTUSDT,1,33680.5,-0.00405036611129,1
1.90820305556,2022-01-24T14:54:29.531Z,XBTUSDT,1,33664,-0.00454038386568,2
1.90827833333,2022-01-24T14:54:29.802Z,XBTUSDT,1,33649,-0.00498606301378,1
1.90827888889,2022-01-24T14:54:29.804Z,XBTUSDT,1,33649,-0.00498606301378,1
1.90833666667,2022-01-24T14:54:30.012Z,XBTUSDT,1,33649,-0.00498606301378,1
1.90833916667,2022-01-24T14:54:30.021Z,XBTUSDT,1,33649,-0.00498606301378,1
1.91138638889,2022-01-24T14:54:40.991Z,XBTUSDT,1,33625,-0.00569956305892,1
1.91198305556,2022-01-24T14:54:43.139Z,XBTUSDT,1,33639,-0.00528329283407,1
1.91199388889,2022-01-24T14:54:43.178Z,XBTUSDT,1,33639,-0.00528329283407,1
1.91201972222,2022-01-24T14:54:43.271Z,XBTUSDT,1,33639,-0.00528329283407,1
1.91202083333,2022-01-24T14:54:43.275Z,XBTUSDT,1,33639,-0.00528329283407,1
1.91202277778,2022-01-24T14:54:43.282Z,XBTUSDT,1,33639,-0.00528329283407,1
1.91358,2022-01-24T14:54:48.888Z,XBTUSDT,1,33602.025,-0.00638306797065,4
1.91607083333,2022-01-24T14:54:57.855Z,XBTUSDT,1,33598.5,-0.00648797786543,1
1.91962777778,2022-01-24T14:55:10.660Z,XBTUSDT,1,33578.2,-0.00709235410355,3
1.92375111111,2022-01-24T14:55:25.504Z,XBTUSDT,1,33625,-0.00569956305892,1
1.92477666667,2022-01-24T14:55:29.196Z,XBTUSDT,1,33650,-0.00495634489018,1
1.92581166667,2022-01-24T14:55:32.922Z,XBTUSDT,1,33675,-0.00421367868449,1
1.92611833333,2022-01-24T14:55:34.026Z,XBTUSDT,1,33700,-0.0034715636226,1
1.9261225,2022-01-24T14:55:34.041Z,XBTUSDT,1,33700,-0.0034715636226,1
1.92615694444,2022-01-24T14:55:34.165Z,XBTUSDT,1,33716,-0.00299689884568,1
1.92835361111,2022-01-24T14:55:42.073Z,XBTUSDT,1,33725,-0.0027299988871,1
1.93171388889,2022-01-24T14:55:54.170Z,XBTUSDT,1,33735,-0.00243352690153,1
1.93187611111,2022-01-24T14:55:54.754Z,XBTUSDT,1,33713,-0.00308588133102,1
1.93458527778,2022-01-24T14:56:04.507Z,XBTUSDT,1,33750,-0.00198898366238,1
1.93739333333,2022-01-24T14:56:14.616Z,XBTUSDT,1,33781.1976744,-0.00106503509602,2
1.93743055556,2022-01-24T14:56:14.750Z,XBTUSDT,1,33781.5,-0.00105608561378,1
1.9377075,2022-01-24T14:56:15.747Z,XBTUSDT,1,33776.5694444,-0.0012020505771,2
1.94446,2022-01-24T14:56:40.056Z,XBTUSDT,1,33714,-0.0030562196228,1
1.94583472222,2022-01-24T14:56:45.005Z,XBTUSDT,1,33692.5,-0.00369414031974,1
1.95354083333,2022-01-24T14:57:12.747Z,XBTUSDT,1,33650,-0.00495634489018,1
1.95394305556,2022-01-24T14:57:14.195Z,XBTUSDT,1,33625,-0.00569956305892,1
1.95629222222,2022-01-24T14:57:22.652Z,XBTUSDT,1,33604.5,-0.00630941440796,1
1.95632333333,2022-01-24T14:57:22.764Z,XBTUSDT,1,33600,-0.00644333401176,1
1.96613444444,2022-01-24T14:57:58.084Z,XBTUSDT,1,33615.4305556,-0.00598419670656,2
1.97286333333,2022-01-24T14:58:22.308Z,XBTUSDT,1,33666,-0.00448097498403,1
1.97286638889,2022-01-24T14:58:22.319Z,XBTUSDT,1,33666,-0.00448097498403,1
1.97287111111,2022-01-24T14:58:22.336Z,XBTUSDT,1,33666,-0.00448097498403,1
1.97296638889,2022-01-24T14:58:22.679Z,XBTUSDT,1,33666,-0.00448097498403,1
1.9730475,2022-01-24T14:58:22.971Z,XBTUSDT,1,33666,-0.00448097498403,1
1.97348027778,2022-01-24T14:58:24.529Z,XBTUSDT,1,33676.25,-0.00417655984853,2
1.97351277778,2022-01-24T14:58:24.646Z,XBTUSDT,1,33676.5,-0.00416913624668,1
1.97386277778,2022-01-24T14:58:25.906Z,XBTUSDT,1,33676.5,-0.00416913624668,1
1.9739025,2022-01-24T14:58:26.049Z,XBTUSDT,1,33676.5,-0.00416913624668,1
1.97838444444,2022-01-24T14:58:42.184Z,XBTUSDT,1,33615,-0.00599700505992,1
1.97910222222,2022-01-24T14:58:44.768Z,XBTUSDT,1,33615,-0.00599700505992,1
1.97914277778,2022-01-24T14:58:44.914Z,XBTUSDT,1,33615,-0.00599700505992,1
1.97946055556,2022-01-24T14:58:46.058Z,XBTUSDT,1,33600,-0.00644333401176,1
1.98672361111,2022-01-24T14:59:12.205Z,XBTUSDT,1,33624,-0.00572930327811,1
1.98676416667,2022-01-24T14:59:12.351Z,XBTUSDT,1,33625,-0.00569956305892,1
1.98685111111,2022-01-24T14:59:12.664Z,XBTUSDT,1,33632,-0.00549140628638,1
1.9873675,2022-01-24T14:59:14.523Z,XBTUSDT,1,33650,-0.00495634489018,1
1.99083777778,2022-01-24T14:59:27.016Z,XBTUSDT,1,33675,-0.00421367868449,1
1.9913775,2022-01-24T14:59:28.959Z,XBTUSDT,1,33667,-0.00445127186669,2
1.99768638889,2022-01-24T14:59:51.671Z,XBTUSDT,1,33649,-0.00498606301378,1
1.99959694444,2022-01-24T14:59:58.549Z,XBTUSDT,1,33625,-0.00569956305892,1
2.00208694444,2022-01-24T15:00:07.513Z,XBTUSDT,1,33603.025,-0.00635330830229,2
2.00394555556,2022-01-24T15:00:14.204Z,XBTUSDT,1,33627,-0.00564008527385,1
2.00395277778,2022-01-24T15:00:14.230Z,XBTUSDT,1,33627,-0.00564008527385,1
2.00395333333,2022-01-24T15:00:14.232Z,XBTUSDT,1,33627,-0.00564008527385,1
2.00396305556,2022-01-24T15:00:14.267Z,XBTUSDT,1,33627,-0.00564008527385,1
2.00396444444,2022-01-24T15:00:14.272Z,XBTUSDT,1,33627,-0.00564008527385,1
2.00397083333,2022-01-24T15:00:14.295Z,XBTUSDT,1,33627,-0.00564008527385,1
2.00652611111,2022-01-24T15:00:23.494Z,XBTUSDT,1,33646.5,-0.00506036218687,1
2.00767305556,2022-01-24T15:00:27.623Z,XBTUSDT,1,33700,-0.0034715636226,1
2.00767916667,2022-01-24T15:00:27.645Z,XBTUSDT,1,33700,-0.0034715636226,1
2.00845638889,2022-01-24T15:00:30.443Z,XBTUSDT,1,33725,-0.0027299988871,1
2.00860055556,2022-01-24T15:00:30.962Z,XBTUSDT,1,33715.2,-0.00302062673426,2
2.01010527778,2022-01-24T15:00:36.379Z,XBTUSDT,1,33750,-0.00198898366238,1
2.01087666667,2022-01-24T15:00:39.156Z,XBTUSDT,1,33748,-0.00204824467754,1
2.01148555556,2022-01-24T15:00:41.348Z,XBTUSDT,1,33747.0384615,-0.00207673680032,2
2.01148666667,2022-01-24T15:00:41.352Z,XBTUSDT,1,33747,-0.00207787650212,1
2.01151722222,2022-01-24T15:00:41.462Z,XBTUSDT,1,33747,-0.00207787650212,1
2.01188083333,2022-01-24T15:00:42.771Z,XBTUSDT,1,33747,-0.00207787650212,1
2.01446833333,2022-01-24T15:00:52.086Z,XBTUSDT,1,33766.5,-0.00150021424073,1
2.01446861111,2022-01-24T15:00:52.087Z,XBTUSDT,1,33766.5,-0.00150021424073,1
2.01447027778,2022-01-24T15:00:52.093Z,XBTUSDT,1,33766.5,-0.00150021424073,1
2.01447166667,2022-01-24T15:00:52.098Z,XBTUSDT,1,33766.5,-0.00150021424073,1
2.01447222222,2022-01-24T15:00:52.100Z,XBTUSDT,1,33766.5,-0.00150021424073,1
2.01447305556,2022-01-24T15:00:52.103Z,XBTUSDT,1,33766.5,-0.00150021424073,1
2.01447555556,2022-01-24T15:00:52.112Z,XBTUSDT,1,33766.5,-0.00150021424073,1
2.0144775,2022-01-24T15:00:52.119Z,XBTUSDT,1,33766.5,-0.00150021424073,1
2.01447861111,2022-01-24T15:00:52.123Z,XBTUSDT,1,33766.5,-0.00150021424073,1
2.01447972222,2022-01-24T15:00:52.127Z,XBTUSDT,1,33766.5,-0.00150021424073,1
2.01448,2022-01-24T15:00:52.128Z,XBTUSDT,1,33766.5,-0.00150021424073,1
2.01448055556,2022-01-24T15:00:52.130Z,XBTUSDT,1,33766.5,-0.00150021424073,1
2.01448111111,2022-01-24T15:00:52.132Z,XBTUSDT,1,33766.5,-0.00150021424073,1
2.01448194444,2022-01-24T15:00:52.135Z,XBTUSDT,1,33766.5,-0.00150021424073,1
2.01448388889,2022-01-24T15:00:52.142Z,XBTUSDT,1,33766.5,-0.00150021424073,1
2.014485,2022-01-24T15:00:52.146Z,XBTUSDT,1,33766.5,-0.00150021424073,1
2.01448555556,2022-01-24T15:00:52.148Z,XBTUSDT,1,33766.5,-0.00150021424073,1
2.01448638889,2022-01-24T15:00:52.151Z,XBTUSDT,1,33766.5,-0.00150021424073,1
2.0144875,2022-01-24T15:00:52.155Z,XBTUSDT,1,33766.5,-0.00150021424073,1
2.02318361111,2022-01-24T15:01:23.461Z,XBTUSDT,1,33641.9992188,-0.00519413783379,6
2.02321333333,2022-01-24T15:01:23.568Z,XBTUSDT,1,33641.5,-0.00520897709619,1
2.03654694444,2022-01-24T15:02:11.569Z,XBTUSDT,1,33666.5,-0.00446612331507,1
2.05537,2022-01-24T15:03:19.332Z,XBTUSDT,1,33625,-0.00569956305892,1
2.05811416667,2022-01-24T15:03:29.211Z,XBTUSDT,1,33600,-0.00644333401176,1
2.05851972222,2022-01-24T15:03:30.671Z,XBTUSDT,1,33575,-0.00718765857162,1
2.06529388889,2022-01-24T15:03:55.058Z,XBTUSDT,1,33644.5,-0.00511980550026,1
2.06998611111,2022-01-24T15:04:11.950Z,XBTUSDT,1,33658,-0.00471863169004,1
2.07880472222,2022-01-24T15:04:43.697Z,XBTUSDT,1,33572,-0.00727701476034,2
2.08100138889,2022-01-24T15:04:51.605Z,XBTUSDT,1,33585.5,-0.00687497477428,1
2.08512805556,2022-01-24T15:05:06.461Z,XBTUSDT,1,33550,-0.00793253756323,1
2.09205861111,2022-01-24T15:05:31.411Z,XBTUSDT,1,33525,-0.00867797181318,1
2.10138166667,2022-01-24T15:06:04.974Z,XBTUSDT,1,33600.5,-0.0064284531701,2
2.10141666667,2022-01-24T15:06:05.100Z,XBTUSDT,1,33609,-0.00617551273622,1
2.10141888889,2022-01-24T15:06:05.108Z,XBTUSDT,1,33609,-0.00617551273622,1
2.10144583333,2022-01-24T15:06:05.205Z,XBTUSDT,1,33619.5,-0.00586314521098,1
2.10147055556,2022-01-24T15:06:05.294Z,XBTUSDT,1,33619.5,-0.00586314521098,1
2.11765805556,2022-01-24T15:07:03.569Z,XBTUSDT,1,33650,-0.00495634489018,1
2.13517305556,2022-01-24T15:08:06.623Z,XBTUSDT,1,33641.5,-0.00520897709619,1
2.13779888889,2022-01-24T15:08:16.076Z,XBTUSDT,1,33625,-0.00569956305892,1
2.15998333333,2022-01-24T15:09:35.940Z,XBTUSDT,1,33575,-0.00718765857162,1
2.15998388889,2022-01-24T15:09:35.942Z,XBTUSDT,1,33575,-0.00718765857162,1
2.16141944444,2022-01-24T15:09:41.110Z,XBTUSDT,1,33550,-0.00793253756323,1
2.16274805556,2022-01-24T15:09:45.893Z,XBTUSDT,1,33525,-0.00867797181318,1
2.16794027778,2022-01-24T15:10:04.585Z,XBTUSDT,1,33500,-0.0094239621499,1
2.1715075,2022-01-24T15:10:17.427Z,XBTUSDT,1,33475,-0.0101705094037,2
2.17540583333,2022-01-24T15:10:31.461Z,XBTUSDT,1,33441.3,-0.011177737922,2
2.17567138889,2022-01-24T15:10:32.417Z,XBTUSDT,1,33435.5,-0.0113511911977,1
2.18142916667,2022-01-24T15:10:53.145Z,XBTUSDT,1,33425.5,-0.0116503192417,1
2.18177722222,2022-01-24T15:10:54.398Z,XBTUSDT,1,33426.5,-0.0116204024105,1
2.18177805556,2022-01-24T15:10:54.401Z,XBTUSDT,1,33421.6386719,-0.0117658463444,7
2.18185305556,2022-01-24T15:10:54.671Z,XBTUSDT,1,33418.9166667,-0.0118472940582,2
2.18189694444,2022-01-24T15:10:54.829Z,XBTUSDT,1,33404.5694836,-0.0122766994707,5
2.18190611111,2022-01-24T15:10:54.862Z,XBTUSDT,1,33400.5,-0.0123985310504,1
2.18200611111,2022-01-24T15:10:55.222Z,XBTUSDT,1,33414,-0.0119944271453,1
2.1820275,2022-01-24T15:10:55.299Z,XBTUSDT,1,33387.0879536,-0.0128001639575,3
2.18203805556,2022-01-24T15:10:55.337Z,XBTUSDT,1,33398,-0.0124733830307,1
2.1820525,2022-01-24T15:10:55.389Z,XBTUSDT,1,33392.1744966,-0.0126478249576,2
2.18206444444,2022-01-24T15:10:55.432Z,XBTUSDT,1,33401,-0.0123835613267,1
2.18207222222,2022-01-24T15:10:55.460Z,XBTUSDT,1,33401,-0.0123835613267,1
2.18207638889,2022-01-24T15:10:55.475Z,XBTUSDT,1,33384,-0.0128926576917,1
2.18208972222,2022-01-24T15:10:55.523Z,XBTUSDT,1,33380.076853,-0.0130101803839,2
2.1821075,2022-01-24T15:10:55.587Z,XBTUSDT,1,33401,-0.0123835613267,1
2.18216305556,2022-01-24T15:10:55.787Z,XBTUSDT,1,33368.5,-0.0133570597823,1
2.18217027778,2022-01-24T15:10:55.813Z,XBTUSDT,1,33327.3404908,-0.0145913051003,4
2.18224333333,2022-01-24T15:10:56.076Z,XBTUSDT,1,33298,-0.0154720658583,1
2.18240444444,2022-01-24T15:10:56.656Z,XBTUSDT,1,33272,-0.0162531985403,1
2.18244333333,2022-01-24T15:10:56.796Z,XBTUSDT,1,33298.5,-0.0154570500541,1
2.18282944444,2022-01-24T15:10:58.186Z,XBTUSDT,1,33276.5,-0.0161179588277,1
2.18290666667,2022-01-24T15:10:58.464Z,XBTUSDT,1,33276.5,-0.0161179588277,1
2.18292361111,2022-01-24T15:10:58.525Z,XBTUSDT,1,33276.5,-0.0161179588277,1
2.1839,2022-01-24T15:11:02.040Z,XBTUSDT,1,33263.9317757,-0.0164957208624,5
2.18407638889,2022-01-24T15:11:02.675Z,XBTUSDT,1,33322.4492188,-0.0147380804188,8
2.18426527778,2022-01-24T15:11:03.355Z,XBTUSDT,1,33323.2897271,-0.0147128572496,2
2.18487638889,2022-01-24T15:11:05.555Z,XBTUSDT,1,33334.0367309,-0.0143904019552,6
2.18530527778,2022-01-24T15:11:07.099Z,XBTUSDT,1,33257.5,-0.016689095405,1
2.18614861111,2022-01-24T15:11:10.135Z,XBTUSDT,1,33268.2099448,-0.0163671162829,2
2.18856,2022-01-24T15:11:18.816Z,XBTUSDT,1,33257.5,-0.016689095405,1
2.18856555556,2022-01-24T15:11:18.836Z,XBTUSDT,1,33257.5,-0.016689095405,1
2.18856666667,2022-01-24T15:11:18.840Z,XBTUSDT,1,33257.5,-0.016689095405,1
2.18856777778,2022-01-24T15:11:18.844Z,XBTUSDT,1,33257.5,-0.016689095405,1
2.19080638889,2022-01-24T15:11:26.903Z,XBTUSDT,1,33260.4425781,-0.0166006206864,2
2.19432166667,2022-01-24T15:11:39.558Z,XBTUSDT,1,33342,-0.0141515374551,1
2.1943275,2022-01-24T15:11:39.579Z,XBTUSDT,1,33342,-0.0141515374551,1
2.20420138889,2022-01-24T15:12:15.125Z,XBTUSDT,1,33475,-0.0101705094037,2
2.20439027778,2022-01-24T15:12:15.805Z,XBTUSDT,1,33492.5,-0.00964786781192,1
2.20439361111,2022-01-24T15:12:15.817Z,XBTUSDT,1,33492.5,-0.00964786781192,1
2.2056675,2022-01-24T15:12:20.403Z,XBTUSDT,1,33500,-0.0094239621499,1
2.21934555556,2022-01-24T15:13:09.644Z,XBTUSDT,1,33400,-0.0124135009983,2
2.22513611111,2022-01-24T15:13:30.490Z,XBTUSDT,1,33432.1590909,-0.0114511172049,2
2.234835,2022-01-24T15:14:05.406Z,XBTUSDT,1,33376.5,-0.0131173414502,1
2.23484583333,2022-01-24T15:14:05.445Z,XBTUSDT,1,33376.5,-0.0131173414502,1
2.23488722222,2022-01-24T15:14:05.594Z,XBTUSDT,1,33375,-0.0131622842605,1
2.23488833333,2022-01-24T15:14:05.598Z,XBTUSDT,1,33375,-0.0131622842605,1
2.2354325,2022-01-24T15:14:07.557Z,XBTUSDT,1,33342.3566667,-0.0141408402936,6
2.23778222222,2022-01-24T15:14:16.016Z,XBTUSDT,1,33418,-0.011874724009,1
2.23918805556,2022-01-24T15:14:21.077Z,XBTUSDT,1,33422.5,-0.0117400751058,1
2.23981805556,2022-01-24T15:14:23.345Z,XBTUSDT,1,33450,-0.0109176144067,1
2.2399775,2022-01-24T15:14:23.919Z,XBTUSDT,1,33475,-0.0101705094037,2
2.24041277778,2022-01-24T15:14:25.486Z,XBTUSDT,1,33500,-0.0094239621499,1
2.24048111111,2022-01-24T15:14:25.732Z,XBTUSDT,1,33501,-0.00939411184916,1
2.2409175,2022-01-24T15:14:27.303Z,XBTUSDT,1,33528.25,-0.00858103393164,2
2.24176944444,2022-01-24T15:14:30.370Z,XBTUSDT,1,33499,-0.00945381334171,1
2.24177416667,2022-01-24T15:14:30.387Z,XBTUSDT,1,33499,-0.00945381334171,1
2.24455472222,2022-01-24T15:14:40.397Z,XBTUSDT,1,33496.5,-0.00952844522001,1
2.25189722222,2022-01-24T15:15:06.830Z,XBTUSDT,1,33473.5,-0.010215319967,1
2.25190277778,2022-01-24T15:15:06.850Z,XBTUSDT,1,33473.5,-0.010215319967,1
2.25191388889,2022-01-24T15:15:06.890Z,XBTUSDT,1,33473.5,-0.010215319967,1
2.25193944444,2022-01-24T15:15:06.982Z,XBTUSDT,1,33473.5,-0.010215319967,1
2.25613583333,2022-01-24T15:15:22.089Z,XBTUSDT,1,33404,-0.0122937476899,1
2.2561375,2022-01-24T15:15:22.095Z,XBTUSDT,1,33425.833114,-0.0116403534259,6
2.25618138889,2022-01-24T15:15:22.253Z,XBTUSDT,1,33413,-0.0120243551684,1
2.26588472222,2022-01-24T15:15:57.185Z,XBTUSDT,1,33350,-0.0139116286193,1
2.27567194444,2022-01-24T15:16:32.419Z,XBTUSDT,1,33326.4,-0.0146195252959,3
2.27594861111,2022-01-24T15:16:33.415Z,XBTUSDT,1,33350,-0.0139116286193,1
2.28096055556,2022-01-24T15:16:51.458Z,XBTUSDT,1,33389.5,-0.0127279216808,1
2.281025,2022-01-24T15:16:51.690Z,XBTUSDT,1,33389.5,-0.0127279216808,1
2.2810275,2022-01-24T15:16:51.699Z,XBTUSDT,1,33389.5,-0.0127279216808,1
2.28111083333,2022-01-24T15:16:51.999Z,XBTUSDT,1,33389.5,-0.0127279216808,1
2.28111277778,2022-01-24T15:16:52.006Z,XBTUSDT,1,33389.5,-0.0127279216808,1
2.281115,2022-01-24T15:16:52.014Z,XBTUSDT,1,33389.5,-0.0127279216808,1
2.28111944444,2022-01-24T15:16:52.030Z,XBTUSDT,1,33389.5,-0.0127279216808,1
2.28113083333,2022-01-24T15:16:52.071Z,XBTUSDT,1,33389.5,-0.0127279216808,1
2.28503722222,2022-01-24T15:17:06.134Z,XBTUSDT,1,33459.5,-0.0106336487497,1
2.30098972222,2022-01-24T15:18:03.563Z,XBTUSDT,1,33375,-0.0131622842605,1
2.302305,2022-01-24T15:18:08.298Z,XBTUSDT,1,33371,-0.0132821416304,1
2.31337833333,2022-01-24T15:18:48.162Z,XBTUSDT,1,33400,-0.0124135009983,1
2.31427027778,2022-01-24T15:18:51.373Z,XBTUSDT,1,33448.0241667,-0.0109766844124,6
2.31604055556,2022-01-24T15:18:57.746Z,XBTUSDT,1,33407.5,-0.0121889753078,1
2.32290666667,2022-01-24T15:19:22.464Z,XBTUSDT,1,33393.75,-0.012600644257,2
2.32442,2022-01-24T15:19:27.912Z,XBTUSDT,1,33361,-0.0135818479205,1
2.33443972222,2022-01-24T15:20:03.983Z,XBTUSDT,1,33413.5,-0.0120093910449,1
2.33717833333,2022-01-24T15:20:13.842Z,XBTUSDT,1,33475,-0.0101705094037,1
2.35909916667,2022-01-24T15:21:32.757Z,XBTUSDT,1,33500,-0.0094239621499,1
2.37095916667,2022-01-24T15:22:15.453Z,XBTUSDT,1,33425,-0.0116652779929,1
2.37505333333,2022-01-24T15:22:30.192Z,XBTUSDT,1,33451,-0.0108877194873,1
2.37981083333,2022-01-24T15:22:47.319Z,XBTUSDT,1,33476.5,-0.0101257008482,1
2.38265944444,2022-01-24T15:22:57.574Z,XBTUSDT,1,33524.5016103,-0.00869283813379,2
2.38268527778,2022-01-24T15:22:57.667Z,XBTUSDT,1,33531.4642857,-0.00848517054329,2
2.38290527778,2022-01-24T15:22:58.459Z,XBTUSDT,1,33532,-0.00846919420531,4
2.38562361111,2022-01-24T15:23:08.245Z,XBTUSDT,1,33550,-0.00793253756323,1
2.39334333333,2022-01-24T15:23:36.036Z,XBTUSDT,1,33575,-0.00718765857162,1
2.39376805556,2022-01-24T15:23:37.565Z,XBTUSDT,1,33600,-0.00644333401176,1
2.39912666667,2022-01-24T15:23:56.856Z,XBTUSDT,1,33625,-0.00569956305892,1
2.40198555556,2022-01-24T15:24:07.148Z,XBTUSDT,1,33650,-0.00495634489018,1
2.41216805556,2022-01-24T15:24:43.805Z,XBTUSDT,1,33660,-0.00465921221826,1
2.41436944444,2022-01-24T15:24:51.730Z,XBTUSDT,1,33675,-0.00421367868449,1
2.41511916667,2022-01-24T15:24:54.429Z,XBTUSDT,1,33673,-0.00427307168802,1
2.41928166667,2022-01-24T15:25:09.414Z,XBTUSDT,1,33705.9517127,-0.00329497053197,12
2.41934861111,2022-01-24T15:25:09.655Z,XBTUSDT,1,33732.9180572,-0.00249524342843,6
2.41941055556,2022-01-24T15:25:09.878Z,XBTUSDT,1,33754.5635452,-0.00185377665065,2
2.41948388889,2022-01-24T15:25:10.142Z,XBTUSDT,1,33782.8942982,-0.00101481244734,3
2.41950388889,2022-01-24T15:25:10.214Z,XBTUSDT,1,33798.2585937,-0.000560120714164,3
2.41955111111,2022-01-24T15:25:10.384Z,XBTUSDT,1,33801.9817668,-0.000449968056285,2
2.41955333333,2022-01-24T15:25:10.392Z,XBTUSDT,1,33802,-0.000449428644885,1
2.41956111111,2022-01-24T15:25:10.420Z,XBTUSDT,1,33801.8942256,-0.000452557885325,2
2.41957944444,2022-01-24T15:25:10.486Z,XBTUSDT,1,33801.2283465,-0.000472257541142,3
2.41958166667,2022-01-24T15:25:10.494Z,XBTUSDT,1,33802,-0.000449428644885,1
2.41965888889,2022-01-24T15:25:10.772Z,XBTUSDT,1,33802,-0.000449428644885,1
2.41966444444,2022-01-24T15:25:10.792Z,XBTUSDT,1,33802,-0.000449428644885,1
2.41967805556,2022-01-24T15:25:10.841Z,XBTUSDT,1,33815.9983845,-3.53854899391e-05,2
2.41968,2022-01-24T15:25:10.848Z,XBTUSDT,1,33816,-3.53377164313e-05,1
2.41968611111,2022-01-24T15:25:10.870Z,XBTUSDT,1,33816,-3.53377164313e-05,1
2.41971666667,2022-01-24T15:25:10.980Z,XBTUSDT,1,33816,-3.53377164313e-05,1
2.41971861111,2022-01-24T15:25:10.987Z,XBTUSDT,1,33816,-3.53377164313e-05,1
2.41972694444,2022-01-24T15:25:11.017Z,XBTUSDT,1,33816,-3.53377164313e-05,1
2.41983638889,2022-01-24T15:25:11.411Z,XBTUSDT,1,33845.9405099,0.000849665333838,2
2.41990805556,2022-01-24T15:25:11.669Z,XBTUSDT,1,33846,0.000851423004974,1
2.41990861111,2022-01-24T15:25:11.671Z,XBTUSDT,1,33846,0.000851423004974,1
2.41998305556,2022-01-24T15:25:11.939Z,XBTUSDT,1,33816.86875,-9.64754488919e-06,3
2.42008388889,2022-01-24T15:25:12.302Z,XBTUSDT,1,33850,0.000969598377363,1
2.42015027778,2022-01-24T15:25:12.541Z,XBTUSDT,1,33820.0975197,8.58259782426e-05,3
2.42025805556,2022-01-24T15:25:12.929Z,XBTUSDT,1,33887.5,0.00207681384386,2
2.42046861111,2022-01-24T15:25:13.687Z,XBTUSDT,1,33849.5,0.000954827219527,2
2.42047222222,2022-01-24T15:25:13.700Z,XBTUSDT,1,33849.5,0.000954827219527,1
2.42047555556,2022-01-24T15:25:13.712Z,XBTUSDT,1,33827.043222,0.000291176927973,5
2.42047583333,2022-01-24T15:25:13.713Z,XBTUSDT,1,33849.5,0.000954827219527,1
2.42047694444,2022-01-24T15:25:13.717Z,XBTUSDT,1,33849.5,0.000954827219527,1
2.42081444444,2022-01-24T15:25:14.932Z,XBTUSDT,1,33886.5,0.00204730400233,1
2.42147972222,2022-01-24T15:25:17.327Z,XBTUSDT,1,33951.7975,0.00397239713032,3
2.42166944444,2022-01-24T15:25:18.010Z,XBTUSDT,1,33952.5,0.00399308801517,1
2.42554805556,2022-01-24T15:25:31.973Z,XBTUSDT,1,33927.5,0.00325649399247,1
2.425985,2022-01-24T15:25:33.546Z,XBTUSDT,1,33927,0.00324175657638,1
2.42823361111,2022-01-24T15:25:41.641Z,XBTUSDT,1,33933.5587687,0.00343505792244,3
2.42888277778,2022-01-24T15:25:43.978Z,XBTUSDT,1,33940,0.00362485882516,1
2.42927861111,2022-01-24T15:25:45.403Z,XBTUSDT,1,33951,0.00394890767099,1
2.4292825,2022-01-24T15:25:45.417Z,XBTUSDT,1,33951,0.00394890767099,1
2.42941444444,2022-01-24T15:25:45.892Z,XBTUSDT,1,33951,0.00394890767099,2
2.43088333333,2022-01-24T15:25:51.180Z,XBTUSDT,1,33923.5,0.00313858858195,1
2.43094472222,2022-01-24T15:25:51.401Z,XBTUSDT,1,33923.5,0.00313858858195,1
2.43381277778,2022-01-24T15:26:01.726Z,XBTUSDT,1,33945.5,0.00378689637403,1
2.43382666667,2022-01-24T15:26:01.776Z,XBTUSDT,1,33945.5,0.00378689637403,1
2.43383,2022-01-24T15:26:01.788Z,XBTUSDT,1,33945.5,0.00378689637403,1
2.43389888889,2022-01-24T15:26:02.036Z,XBTUSDT,1,33913.3019531,0.00283792443923,6
2.43401166667,2022-01-24T15:26:02.442Z,XBTUSDT,1,33901.5,0.00248986021419,1
2.43401416667,2022-01-24T15:26:02.451Z,XBTUSDT,1,33901.5,0.00248986021419,1
2.43634083333,2022-01-24T15:26:10.827Z,XBTUSDT,1,33863.5,0.00136833718658,1
2.46139083333,2022-01-24T15:27:41.007Z,XBTUSDT,1,33991,0.0051263827121,1
2.46249222222,2022-01-24T15:27:44.972Z,XBTUSDT,1,34032.81075,0.00635568035963,8
2.46313611111,2022-01-24T15:27:47.290Z,XBTUSDT,1,34028.6242938,0.00623266043748,3
2.46314222222,2022-01-24T15:27:47.312Z,XBTUSDT,1,34031,0.00630247293617,1
2.46315222222,2022-01-24T15:27:47.348Z,XBTUSDT,1,34031,0.00630247293617,1
2.46317305556,2022-01-24T15:27:47.423Z,XBTUSDT,1,34031,0.00630247293617,1
2.46752111111,2022-01-24T15:28:03.076Z,XBTUSDT,1,34036.5,0.00646407722638,1
2.46774944444,2022-01-24T15:28:03.898Z,XBTUSDT,1,34036.5,0.00646407722638,1
2.46775083333,2022-01-24T15:28:03.903Z,XBTUSDT,1,34036.5,0.00646407722638,1
2.46777833333,2022-01-24T15:28:04.002Z,XBTUSDT,1,34036.5,0.00646407722638,1
2.46778777778,2022-01-24T15:28:04.036Z,XBTUSDT,1,34036.5,0.00646407722638,1
2.46803638889,2022-01-24T15:28:04.931Z,XBTUSDT,1,34036.5,0.00646407722638,1
2.46805916667,2022-01-24T15:28:05.013Z,XBTUSDT,1,34036.5,0.00646407722638,1
2.47018694444,2022-01-24T15:28:12.673Z,XBTUSDT,1,33991,0.0051263827121,1
2.49338944444,2022-01-24T15:29:36.202Z,XBTUSDT,1,33915.5,0.00290273604765,1
2.49339,2022-01-24T15:29:36.204Z,XBTUSDT,1,33915.5,0.00290273604765,1
2.49581805556,2022-01-24T15:29:44.945Z,XBTUSDT,1,33896,0.00232761234334,1
2.51079055556,2022-01-24T15:30:38.846Z,XBTUSDT,1,33944.34475,0.00375286330165,5
2.52497055556,2022-01-24T15:31:29.894Z,XBTUSDT,1,33950,0.00391945302379,1
2.52497111111,2022-01-24T15:31:29.896Z,XBTUSDT,1,33950,0.00391945302379,1
2.54302583333,2022-01-24T15:32:34.893Z,XBTUSDT,1,33992.5,0.00517051106678,1
2.54339194444,2022-01-24T15:32:36.211Z,XBTUSDT,1,34013,0.00577340349816,1
2.55276527778,2022-01-24T15:33:09.955Z,XBTUSDT,1,34098,0.00826933056212,1
2.55276916667,2022-01-24T15:33:09.969Z,XBTUSDT,1,34098,0.00826933056212,1
2.55277333333,2022-01-24T15:33:09.984Z,XBTUSDT,1,34098,0.00826933056212,1
2.55543777778,2022-01-24T15:33:19.576Z,XBTUSDT,1,34100,0.00832798330855,1
2.5554475,2022-01-24T15:33:19.611Z,XBTUSDT,1,34099.5,0.00831332044445,1
2.55592833333,2022-01-24T15:33:21.342Z,XBTUSDT,1,34125,0.0090608525242,1
2.5560825,2022-01-24T15:33:21.897Z,XBTUSDT,1,34139,0.00947102480231,1
2.55608472222,2022-01-24T15:33:21.905Z,XBTUSDT,1,34139,0.00947102480231,1
2.5560975,2022-01-24T15:33:21.951Z,XBTUSDT,1,34139,0.00947102480231,1
2.55652277778,2022-01-24T15:33:23.482Z,XBTUSDT,1,34137.6912752,0.00943268888392,3
2.55658527778,2022-01-24T15:33:23.707Z,XBTUSDT,1,34175,0.0105249816291,1
2.55658722222,2022-01-24T15:33:23.714Z,XBTUSDT,1,34175,0.0105249816291,1
2.55659555556,2022-01-24T15:33:23.744Z,XBTUSDT,1,34175,0.0105249816291,1
2.55659638889,2022-01-24T15:33:23.747Z,XBTUSDT,1,34175.375,0.0105359545023,2
2.5566825,2022-01-24T15:33:24.057Z,XBTUSDT,1,34199.5,0.0112416230977,1
2.55676138889,2022-01-24T15:33:24.341Z,XBTUSDT,1,34200,0.0112562430876,1
2.55676861111,2022-01-24T15:33:24.367Z,XBTUSDT,1,34200,0.0112562430876,1
2.55683805556,2022-01-24T15:33:24.617Z,XBTUSDT,1,34176.5,0.0105688723996,1
2.55713166667,2022-01-24T15:33:25.674Z,XBTUSDT,1,34221,0.011870089733,1
2.55908194444,2022-01-24T15:33:32.695Z,XBTUSDT,1,34229,0.0121038369948,1
2.55908472222,2022-01-24T15:33:32.705Z,XBTUSDT,1,34229,0.0121038369948,1
2.55908583333,2022-01-24T15:33:32.709Z,XBTUSDT,1,34229,0.0121038369948,1
2.55908722222,2022-01-24T15:33:32.714Z,XBTUSDT,1,34229,0.0121038369948,1
2.55908944444,2022-01-24T15:33:32.722Z,XBTUSDT,1,34229,0.0121038369948,1
2.5590925,2022-01-24T15:33:32.733Z,XBTUSDT,1,34229,0.0121038369948,1
2.55909638889,2022-01-24T15:33:32.747Z,XBTUSDT,1,34229,0.0121038369948,1
2.55909805556,2022-01-24T15:33:32.753Z,XBTUSDT,1,34229,0.0121038369948,1
2.55909888889,2022-01-24T15:33:32.756Z,XBTUSDT,1,34229,0.0121038369948,1
2.5591,2022-01-24T15:33:32.760Z,XBTUSDT,1,34229,0.0121038369948,1
2.55910083333,2022-01-24T15:33:32.763Z,XBTUSDT,1,34229,0.0121038369948,1
2.55910222222,2022-01-24T15:33:32.768Z,XBTUSDT,1,34229,0.0121038369948,1
2.55910333333,2022-01-24T15:33:32.772Z,XBTUSDT,1,34229,0.0121038369948,1
2.55910444444,2022-01-24T15:33:32.776Z,XBTUSDT,1,34229,0.0121038369948,1
2.55910527778,2022-01-24T15:33:32.779Z,XBTUSDT,1,34229,0.0121038369948,1
2.55910694444,2022-01-24T15:33:32.785Z,XBTUSDT,1,34229,0.0121038369948,1
2.55910805556,2022-01-24T15:33:32.789Z,XBTUSDT,1,34229,0.0121038369948,1
2.55910944444,2022-01-24T15:33:32.794Z,XBTUSDT,1,34229,0.0121038369948,1
2.5591125,2022-01-24T15:33:32.805Z,XBTUSDT,1,34229,0.0121038369948,1
2.55911416667,2022-01-24T15:33:32.811Z,XBTUSDT,1,34229,0.0121038369948,1
2.55911611111,2022-01-24T15:33:32.818Z,XBTUSDT,1,34229,0.0121038369948,1
2.55911722222,2022-01-24T15:33:32.822Z,XBTUSDT,1,34229,0.0121038369948,1
2.55911805556,2022-01-24T15:33:32.825Z,XBTUSDT,1,34229,0.0121038369948,1
2.55911916667,2022-01-24T15:33:32.829Z,XBTUSDT,1,34229,0.0121038369948,1
2.55912,2022-01-24T15:33:32.832Z,XBTUSDT,1,34229,0.0121038369948,1
2.55912083333,2022-01-24T15:33:32.835Z,XBTUSDT,1,34229,0.0121038369948,1
2.55912194444,2022-01-24T15:33:32.839Z,XBTUSDT,1,34229,0.0121038369948,1
2.55912333333,2022-01-24T15:33:32.844Z,XBTUSDT,1,34229,0.0121038369948,1
2.55912416667,2022-01-24T15:33:32.847Z,XBTUSDT,1,34229,0.0121038369948,1
2.55912555556,2022-01-24T15:33:32.852Z,XBTUSDT,1,34229,0.0121038369948,1
2.55912666667,2022-01-24T15:33:32.856Z,XBTUSDT,1,34229,0.0121038369948,1
2.55912777778,2022-01-24T15:33:32.860Z,XBTUSDT,1,34229,0.0121038369948,1
2.55912888889,2022-01-24T15:33:32.864Z,XBTUSDT,1,34229,0.0121038369948,1
2.55913027778,2022-01-24T15:33:32.869Z,XBTUSDT,1,34229,0.0121038369948,1
2.55913111111,2022-01-24T15:33:32.872Z,XBTUSDT,1,34229,0.0121038369948,1
2.55913277778,2022-01-24T15:33:32.878Z,XBTUSDT,1,34229,0.0121038369948,1
2.55913388889,2022-01-24T15:33:32.882Z,XBTUSDT,1,34229,0.0121038369948,1
2.55913611111,2022-01-24T15:33:32.890Z,XBTUSDT,1,34229,0.0121038369948,1
2.55913833333,2022-01-24T15:33:32.898Z,XBTUSDT,1,34229,0.0121038369948,1
2.55913972222,2022-01-24T15:33:32.903Z,XBTUSDT,1,34229,0.0121038369948,1
2.559425,2022-01-24T15:33:33.930Z,XBTUSDT,1,34208,0.0114901338617,1
2.55942611111,2022-01-24T15:33:33.934Z,XBTUSDT,1,34208,0.0114901338617,1
2.56448944444,2022-01-24T15:33:52.162Z,XBTUSDT,1,34151,0.00982246718402,1
2.56515027778,2022-01-24T15:33:54.541Z,XBTUSDT,1,34136,0.00938314490478,1
2.5679525,2022-01-24T15:34:04.629Z,XBTUSDT,1,34083.5,0.00784399523748,1
2.56796722222,2022-01-24T15:34:04.682Z,XBTUSDT,1,34068.61275,0.00740711222282,11
2.56980472222,2022-01-24T15:34:11.297Z,XBTUSDT,1,34108.5,0.0085772191089,1
2.57366194444,2022-01-24T15:34:25.183Z,XBTUSDT,1,34127.5,0.00913410991408,1
2.57992777778,2022-01-24T15:34:47.740Z,XBTUSDT,1,34227.5,0.0120600135449,1
2.57992944444,2022-01-24T15:34:47.746Z,XBTUSDT,1,34227.5,0.0120600135449,1
2.57994111111,2022-01-24T15:34:47.788Z,XBTUSDT,1,34230.5263158,0.0121484273059,2
2.58747027778,2022-01-24T15:35:14.893Z,XBTUSDT,1,34076.5,0.00763859617572,1
2.58819111111,2022-01-24T15:35:17.488Z,XBTUSDT,1,34035.3472222,0.00643020778328,2
2.58849222222,2022-01-24T15:35:18.572Z,XBTUSDT,1,34026,0.00615553727903,1
2.58852194444,2022-01-24T15:35:18.679Z,XBTUSDT,1,34006.5,0.00558228183394,1
2.60024111111,2022-01-24T15:36:00.868Z,XBTUSDT,1,34107.5,0.00854790047397,1
2.60189416667,2022-01-24T15:36:06.819Z,XBTUSDT,1,34139.5,0.00948567070109,2
2.60241444444,2022-01-24T15:36:08.692Z,XBTUSDT,1,34226.8350877,0.0120405870971,4
2.60243833333,2022-01-24T15:36:08.778Z,XBTUSDT,1,34212,0.0116070587376,1
2.60244083333,2022-01-24T15:36:08.787Z,XBTUSDT,1,34212,0.0116070587376,1
2.60244111111,2022-01-24T15:36:08.788Z,XBTUSDT,1,34212,0.0116070587376,1
2.60252027778,2022-01-24T15:36:09.073Z,XBTUSDT,1,34219.5,0.011826256038,1
2.60252083333,2022-01-24T15:36:09.075Z,XBTUSDT,1,34219.5,0.011826256038,1
2.60252638889,2022-01-24T15:36:09.095Z,XBTUSDT,1,34231.5,0.0121768718105,1
2.60501222222,2022-01-24T15:36:18.044Z,XBTUSDT,1,34196,0.0111392771831,1
2.60548222222,2022-01-24T15:36:19.736Z,XBTUSDT,1,34193.5,0.0110661665447,1
2.62183666667,2022-01-24T15:37:18.612Z,XBTUSDT,1,34197.5,0.0111831410005,1
2.6301525,2022-01-24T15:37:48.549Z,XBTUSDT,1,34244,0.0125419658993,1
2.63115111111,2022-01-24T15:37:52.144Z,XBTUSDT,1,34292,0.0139426898356,1
2.63115222222,2022-01-24T15:37:52.148Z,XBTUSDT,1,34292,0.0139426898356,1
2.63116,2022-01-24T15:37:52.176Z,XBTUSDT,1,34292,0.0139426898356,1
2.64683805556,2022-01-24T15:38:48.617Z,XBTUSDT,1,34196.7027027,0.011159826238,3
2.64686111111,2022-01-24T15:38:48.700Z,XBTUSDT,1,34197,0.0111685199418,1
2.6468625,2022-01-24T15:38:48.705Z,XBTUSDT,1,34197,0.0111685199418,1
2.64694888889,2022-01-24T15:38:49.016Z,XBTUSDT,1,34198.5,0.0112123824767,1
2.66983194444,2022-01-24T15:40:11.395Z,XBTUSDT,1,34127.065,0.00912136351389,4
2.67012,2022-01-24T15:40:12.432Z,XBTUSDT,1,34119.5,0.0088996673734,1
2.67068305556,2022-01-24T15:40:14.459Z,XBTUSDT,1,34119,0.0088850128895,1
2.67477694444,2022-01-24T15:40:29.197Z,XBTUSDT,1,34112.225,0.00868642346003,4
2.68653722222,2022-01-24T15:41:11.534Z,XBTUSDT,1,34102,0.00838663261504,1
2.68909694444,2022-01-24T15:41:20.749Z,XBTUSDT,1,34176.9132,0.0105809625054,21
2.69051277778,2022-01-24T15:41:25.846Z,XBTUSDT,1,34094,0.00815201474781,1
2.69440527778,2022-01-24T15:41:39.859Z,XBTUSDT,1,34072,0.00750653163999,1
2.69628694444,2022-01-24T15:41:46.633Z,XBTUSDT,1,34058.2329,0.00710239093472,23
2.69931694444,2022-01-24T15:41:57.541Z,XBTUSDT,1,34083.2351562,0.00783622476851,4
2.69931916667,2022-01-24T15:41:57.549Z,XBTUSDT,1,34094.2328947,0.00815884568409,7
2.69932138889,2022-01-24T15:41:57.557Z,XBTUSDT,1,34059.5,0.00713959416936,1
2.69933,2022-01-24T15:41:57.588Z,XBTUSDT,1,34109.378626,0.00860297851309,6
2.69934111111,2022-01-24T15:41:57.628Z,XBTUSDT,1,34138.4138889,0.00945385628119,2
2.69952972222,2022-01-24T15:41:58.307Z,XBTUSDT,1,34138.5,0.00945637868902,1
2.69960194444,2022-01-24T15:41:58.567Z,XBTUSDT,1,34133.9476562,0.00932302053612,4
2.69964888889,2022-01-24T15:41:58.736Z,XBTUSDT,1,34165.4634503,0.0102458922203,2
2.69968527778,2022-01-24T15:41:58.867Z,XBTUSDT,1,34151.9064748,0.0098490099731,4
2.69970111111,2022-01-24T15:41:58.924Z,XBTUSDT,1,34164.5,0.0102176922845,1
2.6997425,2022-01-24T15:41:59.073Z,XBTUSDT,1,34121.0929688,0.00894635421128,6
2.69979972222,2022-01-24T15:41:59.279Z,XBTUSDT,1,34140,0.00950031638537,1
2.7004125,2022-01-24T15:42:01.485Z,XBTUSDT,1,34171.7292818,0.0104292720533,3
2.71365055556,2022-01-24T15:42:49.142Z,XBTUSDT,1,34180,0.0106712767065,1
2.71748055556,2022-01-24T15:43:02.930Z,XBTUSDT,1,34172.5,0.0104518260638,1
2.71748222222,2022-01-24T15:43:02.936Z,XBTUSDT,1,34172.5,0.0104518260638,1
2.71748888889,2022-01-24T15:43:02.960Z,XBTUSDT,1,34172.5,0.0104518260638,1
2.73460361111,2022-01-24T15:44:04.573Z,XBTUSDT,1,34178,0.0106127612438,1
2.73498666667,2022-01-24T15:44:05.952Z,XBTUSDT,1,34178,0.0106127612438,1
2.73499111111,2022-01-24T15:44:05.968Z,XBTUSDT,1,34178,0.0106127612438,1
2.73499388889,2022-01-24T15:44:05.978Z,XBTUSDT,1,34178,0.0106127612438,1
2.73500777778,2022-01-24T15:44:06.028Z,XBTUSDT,1,34178,0.0106127612438,1
2.73501222222,2022-01-24T15:44:06.044Z,XBTUSDT,1,34178,0.0106127612438,1
2.73501416667,2022-01-24T15:44:06.051Z,XBTUSDT,1,34178,0.0106127612438,1
2.73501472222,2022-01-24T15:44:06.053Z,XBTUSDT,1,34178,0.0106127612438,1
2.73502305556,2022-01-24T15:44:06.083Z,XBTUSDT,1,34178,0.0106127612438,1
2.73503722222,2022-01-24T15:44:06.134Z,XBTUSDT,1,34178,0.0106127612438,1
2.73915861111,2022-01-24T15:44:20.971Z,XBTUSDT,1,34205.5,0.0114170488711,1
2.74037861111,2022-01-24T15:44:25.363Z,XBTUSDT,1,34238.5,0.0123813409218,1
2.74137861111,2022-01-24T15:44:28.963Z,XBTUSDT,1,34245.5,0.012585768234,1
2.74779722222,2022-01-24T15:44:52.070Z,XBTUSDT,1,34251,0.0127463603814,1
2.7497325,2022-01-24T15:44:59.037Z,XBTUSDT,1,34249,0.0126879662208,1
2.75584305556,2022-01-24T15:45:21.035Z,XBTUSDT,1,34194.5,0.0110954114415,1
2.76670972222,2022-01-24T15:46:00.155Z,XBTUSDT,1,34147.5,0.00971997591399,1
2.77031777778,2022-01-24T15:46:13.144Z,XBTUSDT,1,34099.92,0.00832563726474,5
2.77036416667,2022-01-24T15:46:13.311Z,XBTUSDT,1,34129.5,0.00919271196223,1
2.79617527778,2022-01-24T15:47:46.231Z,XBTUSDT,1,34078.37965,0.00769375436865,19
2.79628861111,2022-01-24T15:47:46.639Z,XBTUSDT,1,34107.5,0.00854790047397,1
2.79706277778,2022-01-24T15:47:49.426Z,XBTUSDT,1,34077.64,0.00767204975609,4
2.79781333333,2022-01-24T15:47:52.128Z,XBTUSDT,1,34066,0.00733041845747,1
2.79783833333,2022-01-24T15:47:52.218Z,XBTUSDT,1,34066,0.00733041845747,1
2.79785555556,2022-01-24T15:47:52.280Z,XBTUSDT,1,34066,0.00733041845747,1
2.79785861111,2022-01-24T15:47:52.291Z,XBTUSDT,1,34066,0.00733041845747,1
2.79845666667,2022-01-24T15:47:54.444Z,XBTUSDT,1,34109.74185,0.00861362725917,24
2.80136888889,2022-01-24T15:48:04.928Z,XBTUSDT,1,34048.23495,0.00680879326661,23
2.80314833333,2022-01-24T15:48:11.334Z,XBTUSDT,1,34086,0.00791734182213,1
2.80634805556,2022-01-24T15:48:22.853Z,XBTUSDT,1,34090.5,0.00804935211912,1
2.80707583333,2022-01-24T15:48:25.473Z,XBTUSDT,1,34114.9321,0.00876577895765,22
2.82601944444,2022-01-24T15:49:33.670Z,XBTUSDT,1,34014.207,0.00580888930019,16
2.82732722222,2022-01-24T15:49:38.378Z,XBTUSDT,1,34071.4569167,0.00749059222753,9
2.84250777778,2022-01-24T15:50:33.028Z,XBTUSDT,1,34048.7328333,0.00682341604203,17
2.84403305556,2022-01-24T15:50:38.519Z,XBTUSDT,1,34094.0178333,0.00815253781136,10
2.84723833333,2022-01-24T15:50:50.058Z,XBTUSDT,1,34046.3215833,0.0067525959209,11
2.84839361111,2022-01-24T15:50:54.217Z,XBTUSDT,1,34098.07025,0.00827139079813,15
2.84953055556,2022-01-24T15:50:58.310Z,XBTUSDT,1,34039.595,0.00655500488614,17
2.85114138889,2022-01-24T15:51:04.109Z,XBTUSDT,1,34080.698,0.00776178199111,12
2.8559925,2022-01-24T15:51:21.573Z,XBTUSDT,1,34084.0708333,0.00786074318159,8
2.85769166667,2022-01-24T15:51:27.690Z,XBTUSDT,1,34047.6728333,0.0067922837087,3
2.85908,2022-01-24T15:51:32.688Z,XBTUSDT,1,34047.4028333,0.00678435361985,8
2.86046305556,2022-01-24T15:51:37.667Z,XBTUSDT,1,34018.2826667,0.00592870460289,8
2.86247944444,2022-01-24T15:51:44.926Z,XBTUSDT,1,34061.2603333,0.00719127689648,9
2.86388111111,2022-01-24T15:51:49.972Z,XBTUSDT,1,34015.8098333,0.00585601065656,9
2.86614,2022-01-24T15:51:58.104Z,XBTUSDT,1,34004.5758333,0.00552569791305,9
2.86731055556,2022-01-24T15:52:02.318Z,XBTUSDT,1,34064.1746667,0.00727683476,7
2.87188638889,2022-01-24T15:52:18.791Z,XBTUSDT,1,34000.1695,0.00539610891693,8
2.87275305556,2022-01-24T15:52:21.911Z,XBTUSDT,1,34038,0.00650814659157,2
2.87307111111,2022-01-24T15:52:23.056Z,XBTUSDT,1,34082.5,0.00781465509723,1
2.87432166667,2022-01-24T15:52:27.558Z,XBTUSDT,1,34026.684,0.00617563935171,6
2.87547805556,2022-01-24T15:52:31.721Z,XBTUSDT,1,34090.671,0.00805436816673,7
2.87731527778,2022-01-24T15:52:38.335Z,XBTUSDT,1,34049.71125,0.00685215140243,10
2.87841638889,2022-01-24T15:52:42.299Z,XBTUSDT,1,34098.80875,0.00829304868075,7
2.87969027778,2022-01-24T15:52:46.885Z,XBTUSDT,1,34147.9415,0.0097329050346,7
2.88117944444,2022-01-24T15:52:52.246Z,XBTUSDT,1,34117.0245,0.00882711092305,3
2.88153222222,2022-01-24T15:52:53.516Z,XBTUSDT,1,34117,0.00882639280624,1
2.883205,2022-01-24T15:52:59.538Z,XBTUSDT,1,34124.7505,0.00905354114216,6
2.88439222222,2022-01-24T15:53:03.812Z,XBTUSDT,1,34064.829,0.00729604341705,11
2.89075861111,2022-01-24T15:53:26.731Z,XBTUSDT,1,34138.84,0.00946633806939,2
2.890775,2022-01-24T15:53:26.790Z,XBTUSDT,1,34139,0.00947102480231,1
2.89077666667,2022-01-24T15:53:26.796Z,XBTUSDT,1,34139,0.00947102480231,1
2.895625,2022-01-24T15:53:44.250Z,XBTUSDT,1,34149,0.00976390203027,1
2.89741388889,2022-01-24T15:53:50.690Z,XBTUSDT,1,34155.5,0.00995422624081,1
2.89942361111,2022-01-24T15:53:57.925Z,XBTUSDT,1,34249.8775,0.0127135870786,5
2.89955138889,2022-01-24T15:53:58.385Z,XBTUSDT,1,34202.5,0.0113293398312,1
2.9009875,2022-01-24T15:54:03.555Z,XBTUSDT,1,34205.7515,0.0114244014628,7
2.906155,2022-01-24T15:54:22.158Z,XBTUSDT,1,34194.0135,0.011081183906,9
2.90827861111,2022-01-24T15:54:29.803Z,XBTUSDT,1,34225.75975,0.0120091686324,6
2.9114275,2022-01-24T15:54:41.139Z,XBTUSDT,1,34274.64225,0.0134363867762,9
2.91247027778,2022-01-24T15:54:44.893Z,XBTUSDT,1,34241.22,0.012460780499,8
2.91322916667,2022-01-24T15:54:47.625Z,XBTUSDT,1,34275.5,0.0134614122531,1
2.91343166667,2022-01-24T15:54:48.354Z,XBTUSDT,1,34252.3465,0.0127856723295,6
2.91367888889,2022-01-24T15:54:49.244Z,XBTUSDT,1,34295,0.0140301699704,1
2.91368,2022-01-24T15:54:49.248Z,XBTUSDT,1,34295,0.0140301699704,1
2.91378222222,2022-01-24T15:54:49.616Z,XBTUSDT,1,34295,0.0140301699704,1
2.91378416667,2022-01-24T15:54:49.623Z,XBTUSDT,1,34295,0.0140301699704,1
2.91378527778,2022-01-24T15:54:49.627Z,XBTUSDT,1,34295,0.0140301699704,1
2.91379777778,2022-01-24T15:54:49.672Z,XBTUSDT,1,34295,0.0140301699704,1
2.91379888889,2022-01-24T15:54:49.676Z,XBTUSDT,1,34295,0.0140301699704,1
2.91380027778,2022-01-24T15:54:49.681Z,XBTUSDT,1,34295,0.0140301699704,1
2.91385861111,2022-01-24T15:54:49.891Z,XBTUSDT,1,34295,0.0140301699704,1
2.91385944444,2022-01-24T15:54:49.894Z,XBTUSDT,1,34295,0.0140301699704,1
2.91386111111,2022-01-24T15:54:49.900Z,XBTUSDT,1,34295,0.0140301699704,1
2.91386555556,2022-01-24T15:54:49.916Z,XBTUSDT,1,34295,0.0140301699704,1
2.91388055556,2022-01-24T15:54:49.970Z,XBTUSDT,1,34295,0.0140301699704,1
2.91388666667,2022-01-24T15:54:49.992Z,XBTUSDT,1,34295,0.0140301699704,1
2.91389055556,2022-01-24T15:54:50.006Z,XBTUSDT,1,34295,0.0140301699704,1
2.91389305556,2022-01-24T15:54:50.015Z,XBTUSDT,1,34295,0.0140301699704,1
2.91393027778,2022-01-24T15:54:50.149Z,XBTUSDT,1,34295,0.0140301699704,1
2.91393583333,2022-01-24T15:54:50.169Z,XBTUSDT,1,34295,0.0140301699704,1
2.9142525,2022-01-24T15:54:51.309Z,XBTUSDT,1,34295.5,0.0140447492488,2
2.91472888889,2022-01-24T15:54:53.024Z,XBTUSDT,1,34317.19525,0.0146771468144,7
2.916615,2022-01-24T15:54:59.814Z,XBTUSDT,1,34352.59875,0.0157082698476,10
2.91875583333,2022-01-24T15:55:07.521Z,XBTUSDT,1,34279.515,0.0135785444572,6
2.91961805556,2022-01-24T15:55:10.625Z,XBTUSDT,1,34277.5,0.0135197612678,2
2.91990027778,2022-01-24T15:55:11.641Z,XBTUSDT,1,34267.5,0.0132279821425,1
2.94395166667,2022-01-24T15:56:38.226Z,XBTUSDT,1,34238.67125,0.0123863425887,7
2.94504861111,2022-01-24T15:56:42.175Z,XBTUSDT,1,34199.6525,0.0112460822173,9
2.94637194444,2022-01-24T15:56:46.939Z,XBTUSDT,1,34238.8840206,0.0123925569057,3
2.95017083333,2022-01-24T15:57:00.615Z,XBTUSDT,1,34234.764,0.0122722180383,3
2.95147444444,2022-01-24T15:57:05.308Z,XBTUSDT,1,34254.8065,0.0128574896476,3
2.95290027778,2022-01-24T15:57:10.441Z,XBTUSDT,1,34251.897,0.0127725490548,4
2.95407111111,2022-01-24T15:57:14.656Z,XBTUSDT,1,34235.7725,0.0123016759644,3
2.95551416667,2022-01-24T15:57:19.851Z,XBTUSDT,1,34252.4285,0.0127880663232,2
2.95663388889,2022-01-24T15:57:23.882Z,XBTUSDT,1,34290.6235,0.0139025484724,9
2.9578125,2022-01-24T15:57:28.125Z,XBTUSDT,1,34336.363,0.0152355374059,8
2.95901194444,2022-01-24T15:57:32.443Z,XBTUSDT,1,34288.2755,0.013834072599,5
2.96174888889,2022-01-24T15:57:42.296Z,XBTUSDT,1,34283.402,0.0136919293648,5
2.963365,2022-01-24T15:57:48.114Z,XBTUSDT,1,34356.0285,0.0158081044721,5
2.96568444444,2022-01-24T15:57:56.464Z,XBTUSDT,1,34320.5305,0.0147743309786,4
2.9670075,2022-01-24T15:58:01.227Z,XBTUSDT,1,34269.762,0.0132939900318,5
2.9683325,2022-01-24T15:58:05.997Z,XBTUSDT,1,34270.6115,0.0133187783414,8
2.96912166667,2022-01-24T15:58:08.838Z,XBTUSDT,1,34296,0.0140593283148,1
2.96912722222,2022-01-24T15:58:08.858Z,XBTUSDT,1,34296,0.0140593283148,1
2.96913,2022-01-24T15:58:08.868Z,XBTUSDT,1,34296.2083333,0.0140654028628,2
2.96913444444,2022-01-24T15:58:08.884Z,XBTUSDT,1,34296.5,0.0140739071681,1
2.969135,2022-01-24T15:58:08.886Z,XBTUSDT,1,34296.5,0.0140739071681,1
2.96913666667,2022-01-24T15:58:08.892Z,XBTUSDT,1,34296.5,0.0140739071681,1
2.96935972222,2022-01-24T15:58:09.695Z,XBTUSDT,1,34334.141,0.0151708225758,4
2.97077055556,2022-01-24T15:58:14.774Z,XBTUSDT,1,34322.046,0.0148184872465,4
2.9716825,2022-01-24T15:58:18.057Z,XBTUSDT,1,34280.76,0.0136148628646,6
2.97266666667,2022-01-24T15:58:21.600Z,XBTUSDT,1,34276.3925,0.0134874509216,6
2.97363138889,2022-01-24T15:58:25.073Z,XBTUSDT,1,34304.4925,0.0143069212907,4
2.97723527778,2022-01-24T15:58:38.047Z,XBTUSDT,1,34244.803,0.0125654149878,6
2.9781925,2022-01-24T15:58:41.493Z,XBTUSDT,1,34257.953,0.0129493411516,2
2.97898333333,2022-01-24T15:58:44.340Z,XBTUSDT,1,34257.069,0.0129235365916,5
2.979865,2022-01-24T15:58:47.514Z,XBTUSDT,1,34228.003,0.0120747092224,5
2.98082972222,2022-01-24T15:58:50.987Z,XBTUSDT,1,34223,0.0119285316709,1
2.98171361111,2022-01-24T15:58:54.169Z,XBTUSDT,1,34232.806,0.0122150230773,4
2.98325361111,2022-01-24T15:58:59.713Z,XBTUSDT,1,34231.5,0.0121768718105,1
2.98427722222,2022-01-24T15:59:03.398Z,XBTUSDT,1,34188.294,0.0109139037945,4
2.98545472222,2022-01-24T15:59:07.637Z,XBTUSDT,1,34183.489,0.0107733487351,3
2.98644972222,2022-01-24T15:59:11.219Z,XBTUSDT,1,34205.788,0.0114254685343,3
2.9876875,2022-01-24T15:59:15.675Z,XBTUSDT,1,34230.195,0.0121387483022,2
2.98871388889,2022-01-24T15:59:19.370Z,XBTUSDT,1,34201.567,0.0113020607514,3
2.99016027778,2022-01-24T15:59:24.577Z,XBTUSDT,1,34194.313,0.0110899427108,5
2.99148083333,2022-01-24T15:59:29.331Z,XBTUSDT,1,34222.44,0.0119121682726,2
2.99605388889,2022-01-24T15:59:45.794Z,XBTUSDT,1,34211,0.0115778288003,1
2.99731083333,2022-01-24T15:59:50.319Z,XBTUSDT,1,34192.5,0.0110369207926,1
2.99848,2022-01-24T15:59:54.528Z,XBTUSDT,1,34166.499,0.0102762016003,2
2.99961527778,2022-01-24T15:59:58.615Z,XBTUSDT,1,34212,0.0116070587376,1
3.00148,2022-01-24T16:00:05.328Z,XBTUSDT,1,34229.912,0.0121304807136,2
3.0028225,2022-01-24T16:00:10.161Z,XBTUSDT,1,34192.47,0.0110360434069,5
3.00401416667,2022-01-24T16:00:14.451Z,XBTUSDT,1,34186.7,0.0108672785619,4
3.005095,2022-01-24T16:00:18.342Z,XBTUSDT,1,34215.537,0.011710438171,4
3.00660111111,2022-01-24T16:00:23.764Z,XBTUSDT,1,34187,0.0108760538658,1
3.00660583333,2022-01-24T16:00:23.781Z,XBTUSDT,1,34187,0.0108760538658,2
3.01456333333,2022-01-24T16:00:52.428Z,XBTUSDT,1,34116,0.00879708147594,1
3.01624166667,2022-01-24T16:00:58.470Z,XBTUSDT,1,34140.5,0.00951496185516,2
3.01690166667,2022-01-24T16:01:00.846Z,XBTUSDT,1,34116,0.00879708147594,1
3.01698888889,2022-01-24T16:01:01.160Z,XBTUSDT,1,34116,0.00879708147594,1
3.01741027778,2022-01-24T16:01:02.677Z,XBTUSDT,1,34104,0.00844527848199,1
3.01880944444,2022-01-24T16:01:07.714Z,XBTUSDT,1,34081.5,0.00778531409611,1
3.02027944444,2022-01-24T16:01:13.006Z,XBTUSDT,1,34088,0.00797601521669,1
3.02278166667,2022-01-24T16:01:22.014Z,XBTUSDT,1,34117.5,0.00884104814921,1
3.02418277778,2022-01-24T16:01:27.058Z,XBTUSDT,1,34100.5,0.00834264595765,1
3.02579361111,2022-01-24T16:01:32.857Z,XBTUSDT,1,34063,0.00724235023389,1
3.03024527778,2022-01-24T16:01:48.883Z,XBTUSDT,1,34069.5,0.00743315491652,2
3.03143777778,2022-01-24T16:01:53.176Z,XBTUSDT,1,34095.2575,0.00818889739022,2
3.03390861111,2022-01-24T16:02:02.071Z,XBTUSDT,1,34073.5,0.00755055508982,1
3.03413305556,2022-01-24T16:02:02.879Z,XBTUSDT,1,34115,0.00876776928647,1
3.03548305556,2022-01-24T16:02:07.739Z,XBTUSDT,1,34079.5,0.00772662951107,1
3.03607611111,2022-01-24T16:02:09.874Z,XBTUSDT,1,34169.5,0.0103640323205,1
3.03674777778,2022-01-24T16:02:12.292Z,XBTUSDT,1,34159.01,0.0100569862548,2
3.03776333333,2022-01-24T16:02:15.948Z,XBTUSDT,1,34166,0.0102615965439,1
3.03973972222,2022-01-24T16:02:23.063Z,XBTUSDT,1,34119.28,0.00889321942694,2
3.04118305556,2022-01-24T16:02:28.259Z,XBTUSDT,1,34086.5,0.00793201049351,1
3.06044805556,2022-01-24T16:03:37.613Z,XBTUSDT,1,34067.5,0.00737444966092,1
3.06141333333,2022-01-24T16:03:41.088Z,XBTUSDT,1,34098.5,0.00828399407124,1
3.06247805556,2022-01-24T16:03:44.921Z,XBTUSDT,1,34067.5,0.00737444966092,1
3.06248027778,2022-01-24T16:03:44.929Z,XBTUSDT,1,34067.5,0.00737444966092,1
3.062495,2022-01-24T16:03:44.982Z,XBTUSDT,1,34067.5,0.00737444966092,1
3.06620277778,2022-01-24T16:03:58.330Z,XBTUSDT,1,34087,0.00794667894973,1
3.0674825,2022-01-24T16:04:02.937Z,XBTUSDT,1,34057,0.00706619051529,1
3.068395,2022-01-24T16:04:06.222Z,XBTUSDT,1,34063.15,0.00724675382928,3
3.06957527778,2022-01-24T16:04:10.471Z,XBTUSDT,1,34111.5,0.00866516985654,1
3.07100611111,2022-01-24T16:04:15.622Z,XBTUSDT,1,34095,0.0081813449917,1
3.07213472222,2022-01-24T16:04:19.685Z,XBTUSDT,1,34056.7933333,0.00706012223876,2
3.10077138889,2022-01-24T16:06:02.777Z,XBTUSDT,1,34009.1,0.00565873488298,2
3.10097027778,2022-01-24T16:06:03.493Z,XBTUSDT,1,34003.5,0.00549405951363,1
3.11093666667,2022-01-24T16:06:39.372Z,XBTUSDT,1,34042,0.00662565540486,1
3.11192055556,2022-01-24T16:06:42.914Z,XBTUSDT,1,34068.5,0.00740380271951,1
3.11201722222,2022-01-24T16:06:43.262Z,XBTUSDT,1,34068.5,0.00740380271951,1
3.11202138889,2022-01-24T16:06:43.277Z,XBTUSDT,1,34068.5,0.00740380271951,1
3.11202388889,2022-01-24T16:06:43.286Z,XBTUSDT,1,34068.5,0.00740380271951,1
3.11205638889,2022-01-24T16:06:43.403Z,XBTUSDT,1,34068.5,0.00740380271951,1
3.11574833333,2022-01-24T16:06:56.694Z,XBTUSDT,1,34083.5,0.00784399523748,1
3.11708944444,2022-01-24T16:07:01.522Z,XBTUSDT,1,34033,0.00636124115433,1
3.11809,2022-01-24T16:07:05.124Z,XBTUSDT,1,34035,0.00642000591899,1
3.11959166667,2022-01-24T16:07:10.530Z,XBTUSDT,1,34062,0.00721299243572,1
3.12363194444,2022-01-24T16:07:25.075Z,XBTUSDT,1,34033.5,0.00637593266925,1
3.12478666667,2022-01-24T16:07:29.232Z,XBTUSDT,1,33977.5,0.00472913986644,1
3.12680277778,2022-01-24T16:07:36.490Z,XBTUSDT,1,33993.5,0.0051999288881,1
3.12794083333,2022-01-24T16:07:40.587Z,XBTUSDT,1,34000.5,0.00540582940946,1
3.12895916667,2022-01-24T16:07:44.253Z,XBTUSDT,1,33998.68,0.00535229935218,2
3.12986472222,2022-01-24T16:07:47.513Z,XBTUSDT,1,33970.88,0.00453428606652,2
3.13124138889,2022-01-24T16:07:52.469Z,XBTUSDT,1,33981.5,0.00484685790246,1
3.13222805556,2022-01-24T16:07:56.021Z,XBTUSDT,1,34000.5,0.00540582940946,1
3.13309055556,2022-01-24T16:07:59.126Z,XBTUSDT,1,34036.5,0.00646407722638,1
3.13404333333,2022-01-24T16:08:02.556Z,XBTUSDT,1,34000.5,0.00540582940946,1
3.13488555556,2022-01-24T16:08:05.588Z,XBTUSDT,1,33989,0.00506754187655,1
3.13584722222,2022-01-24T16:08:09.050Z,XBTUSDT,1,34023.5,0.00608206135338,1
3.13741305556,2022-01-24T16:08:14.687Z,XBTUSDT,1,34030,0.00627308753189,1
3.13825111111,2022-01-24T16:08:17.704Z,XBTUSDT,1,34007.5,0.00561168754453,1
3.14211277778,2022-01-24T16:08:31.606Z,XBTUSDT,1,34007.5,0.00561168754453,1
3.14323361111,2022-01-24T16:08:35.641Z,XBTUSDT,1,34029.5,0.00625839450594,2
3.14459777778,2022-01-24T16:08:40.552Z,XBTUSDT,1,34026.32,0.00616494180778,2
3.14715194444,2022-01-24T16:08:49.747Z,XBTUSDT,1,34009.945,0.00568358086546,3
3.14765027778,2022-01-24T16:08:51.541Z,XBTUSDT,1,34030,0.00627308753189,1
3.14768611111,2022-01-24T16:08:51.670Z,XBTUSDT,1,34030,0.00627308753189,1
3.14768722222,2022-01-24T16:08:51.674Z,XBTUSDT,1,34030,0.00627308753189,1
3.14768972222,2022-01-24T16:08:51.683Z,XBTUSDT,1,34030,0.00627308753189,1
3.14769305556,2022-01-24T16:08:51.695Z,XBTUSDT,1,34030,0.00627308753189,1
3.14769611111,2022-01-24T16:08:51.706Z,XBTUSDT,1,34030,0.00627308753189,1
3.14941611111,2022-01-24T16:08:57.898Z,XBTUSDT,1,34099.5923077,0.00831602745093,2
3.15093194444,2022-01-24T16:09:03.355Z,XBTUSDT,1,34084.8384615,0.00788326453958,2
3.15186666667,2022-01-24T16:09:06.720Z,XBTUSDT,1,34117,0.00882639280624,1
3.15319138889,2022-01-24T16:09:11.489Z,XBTUSDT,1,34099.4,0.00831038784583,2
3.15369666667,2022-01-24T16:09:13.308Z,XBTUSDT,1,34069,0.00741847892571,1
3.15505833333,2022-01-24T16:09:18.210Z,XBTUSDT,1,34088.0076923,0.00797624087695,3
3.15675277778,2022-01-24T16:09:24.310Z,XBTUSDT,1,34069,0.00741847892571,1
3.15683638889,2022-01-24T16:09:24.611Z,XBTUSDT,1,34051,0.00688999975898,1
3.15736111111,2022-01-24T16:09:26.500Z,XBTUSDT,1,34072,0.00750653163999,1
3.15845527778,2022-01-24T16:09:30.439Z,XBTUSDT,1,34056.5,0.00705150913788,1
3.16202055556,2022-01-24T16:09:43.274Z,XBTUSDT,1,34076.5,0.00763859617572,1
3.16310222222,2022-01-24T16:09:47.168Z,XBTUSDT,1,34035,0.00642000591899,1
3.16396444444,2022-01-24T16:09:50.272Z,XBTUSDT,1,34053.8863636,0.00697476206583,4
3.16541055556,2022-01-24T16:09:55.478Z,XBTUSDT,1,34085,0.00788800383383,2
3.1665375,2022-01-24T16:09:59.535Z,XBTUSDT,1,34086.5,0.00793201049351,1
3.16765888889,2022-01-24T16:10:03.572Z,XBTUSDT,1,34055.5,0.00702214573642,1
3.16902222222,2022-01-24T16:10:08.480Z,XBTUSDT,1,34048.7409091,0.00682365322433,3
3.17036694444,2022-01-24T16:10:13.321Z,XBTUSDT,1,34090.5,0.00804935211912,1
3.17728888889,2022-01-24T16:10:38.240Z,XBTUSDT,1,34115,0.00876776928647,1
3.17855361111,2022-01-24T16:10:42.793Z,XBTUSDT,1,34044.725,0.00670570037696,3
3.17953722222,2022-01-24T16:10:46.334Z,XBTUSDT,1,34030.5,0.00628778034197,1
3.18060416667,2022-01-24T16:10:50.175Z,XBTUSDT,1,34035,0.00642000591899,1
3.18078388889,2022-01-24T16:10:50.822Z,XBTUSDT,1,34021.5,0.00602327672554,1
3.18150805556,2022-01-24T16:10:53.429Z,XBTUSDT,1,34002.7923077,0.00547324695986,2
3.18177833333,2022-01-24T16:10:54.402Z,XBTUSDT,1,34002.5,0.00546465034385,1
3.18217611111,2022-01-24T16:10:55.834Z,XBTUSDT,1,34002.5,0.00546465034385,1
3.18262416667,2022-01-24T16:10:57.447Z,XBTUSDT,1,34002.5,0.00546465034385,1
3.18269027778,2022-01-24T16:10:57.685Z,XBTUSDT,1,33975.0630631,0.00465741521536,2
3.18271222222,2022-01-24T16:10:57.764Z,XBTUSDT,1,33974.1582278,0.00463078252707,2
3.18273111111,2022-01-24T16:10:57.832Z,XBTUSDT,1,33963.7,0.00432290623531,2
3.18329583333,2022-01-24T16:10:59.865Z,XBTUSDT,1,33983.9,0.00491748207302,2
3.18354277778,2022-01-24T16:11:00.754Z,XBTUSDT,1,33984,0.00492042463855,1
3.18354388889,2022-01-24T16:11:00.758Z,XBTUSDT,1,33984,0.00492042463855,1
3.18441944444,2022-01-24T16:11:03.910Z,XBTUSDT,1,34021.5,0.00602327672554,1
3.18549861111,2022-01-24T16:11:07.795Z,XBTUSDT,1,33990.44375,0.00511001795227,3
3.18700694444,2022-01-24T16:11:13.225Z,XBTUSDT,1,33990.5625,0.00511351157517,2
3.18823,2022-01-24T16:11:17.628Z,XBTUSDT,1,34024.6875,0.00611696309121,2
3.18957166667,2022-01-24T16:11:22.458Z,XBTUSDT,1,34022.5,0.00605266947142,1
3.19086555556,2022-01-24T16:11:27.116Z,XBTUSDT,1,34018.5,0.00593509330397,1
3.19469944444,2022-01-24T16:11:40.918Z,XBTUSDT,1,34074.5,0.00757990297971,1
3.19577444444,2022-01-24T16:11:44.788Z,XBTUSDT,1,34100,0.00832798330855,1
3.19723888889,2022-01-24T16:11:50.060Z,XBTUSDT,1,34099.5,0.00831332044445,1
3.1986975,2022-01-24T16:11:55.311Z,XBTUSDT,1,34067,0.00735977280852,2
3.20213361111,2022-01-24T16:12:07.681Z,XBTUSDT,1,34060.875,0.00717996388254,2
3.20346666667,2022-01-24T16:12:12.480Z,XBTUSDT,1,34090.3833333,0.00804592984997,2
3.20448222222,2022-01-24T16:12:16.136Z,XBTUSDT,1,34077.5,0.00766794148194,1
3.20553916667,2022-01-24T16:12:19.941Z,XBTUSDT,1,34054.4583333,0.00699155794303,3
3.20672527778,2022-01-24T16:12:24.211Z,XBTUSDT,1,34054.5,0.00699278147273,1
3.20772305556,2022-01-24T16:12:27.803Z,XBTUSDT,1,34077,0.00765326893647,1
3.20894388889,2022-01-24T16:12:32.198Z,XBTUSDT,1,34075.5,0.00760925000833,1
3.21012722222,2022-01-24T16:12:36.458Z,XBTUSDT,1,34027.5,0.00619962024317,1
3.21241638889,2022-01-24T16:12:44.699Z,XBTUSDT,1,34083.7166667,0.0078503521544,2
3.21290833333,2022-01-24T16:12:46.470Z,XBTUSDT,1,34107,0.00853324083416,2
3.21367638889,2022-01-24T16:12:49.235Z,XBTUSDT,1,34161,0.0101152415157,1
3.214755,2022-01-24T16:12:53.118Z,XBTUSDT,1,34161,0.0101152415157,1
3.21503083333,2022-01-24T16:12:54.111Z,XBTUSDT,1,34184.5,0.0108029239798,1
3.21642666667,2022-01-24T16:12:59.136Z,XBTUSDT,1,34139,0.00947102480231,1
3.2174325,2022-01-24T16:13:02.757Z,XBTUSDT,1,34110,0.00862119544963,1
3.22745583333,2022-01-24T16:13:38.841Z,XBTUSDT,1,34137.5,0.0094270858189,1
3.22880916667,2022-01-24T16:13:43.713Z,XBTUSDT,1,34110.5,0.00863585380013,1
3.23045444444,2022-01-24T16:13:49.636Z,XBTUSDT,1,34160.5,0.0101006048347,1
3.23047027778,2022-01-24T16:13:49.693Z,XBTUSDT,1,34160.5,0.0101006048347,1
3.23145305556,2022-01-24T16:13:53.231Z,XBTUSDT,1,34132.85,0.00929086269987,2
3.23256416667,2022-01-24T16:13:57.231Z,XBTUSDT,1,34161,0.0101152415157,1
3.23260166667,2022-01-24T16:13:57.366Z,XBTUSDT,1,34164.7125,0.0102239121718,3
3.23306055556,2022-01-24T16:13:59.018Z,XBTUSDT,1,34166.5,0.0102762308688,1
3.23307916667,2022-01-24T16:13:59.085Z,XBTUSDT,1,34166.5,0.0102762308688,1
3.23320861111,2022-01-24T16:13:59.551Z,XBTUSDT,1,34166.5,0.0102762308688,1
3.234765,2022-01-24T16:14:05.154Z,XBTUSDT,1,34155.5,0.00995422624081,1
3.23588194444,2022-01-24T16:14:09.175Z,XBTUSDT,1,34184,0.0107882973608,1
3.23736222222,2022-01-24T16:14:14.504Z,XBTUSDT,1,34183,0.010759043481,1
3.23856638889,2022-01-24T16:14:18.839Z,XBTUSDT,1,34148.9,0.00976097368255,2
3.24020472222,2022-01-24T16:14:24.737Z,XBTUSDT,1,34154.5,0.00992494795067,1
3.24142138889,2022-01-24T16:14:29.117Z,XBTUSDT,1,34170.25,0.0103859814789,2
3.24281694444,2022-01-24T16:14:34.141Z,XBTUSDT,1,34177,0.0105835022284,1
3.2434175,2022-01-24T16:14:36.303Z,XBTUSDT,1,34159.5,0.01007133083,1
3.24360444444,2022-01-24T16:14:36.976Z,XBTUSDT,1,34145.5,0.00966140475734,1
3.24360833333,2022-01-24T16:14:36.990Z,XBTUSDT,1,34145.5,0.00966140475734,1
3.24544861111,2022-01-24T16:14:43.615Z,XBTUSDT,1,34102,0.00838663261504,2
3.24686333333,2022-01-24T16:14:48.708Z,XBTUSDT,1,34148.5,0.0097492602059,1
3.24707138889,2022-01-24T16:14:49.457Z,XBTUSDT,1,34126.5,0.00910480760212,1
3.24846,2022-01-24T16:14:54.456Z,XBTUSDT,1,34170,0.0103786651463,2
3.24977638889,2022-01-24T16:14:59.195Z,XBTUSDT,1,34161.5,0.0101298779824,1
3.25056527778,2022-01-24T16:15:02.035Z,XBTUSDT,1,34161.5,0.0101298779824,1
3.25057277778,2022-01-24T16:15:02.062Z,XBTUSDT,1,34161.5,0.0101298779824,1
3.25070305556,2022-01-24T16:15:02.531Z,XBTUSDT,1,34161.5,0.0101298779824,1
3.25078333333,2022-01-24T16:15:02.820Z,XBTUSDT,1,34161.5,0.0101298779824,1
3.251685,2022-01-24T16:15:06.066Z,XBTUSDT,1,34157,0.00999814206882,1
3.25283833333,2022-01-24T16:15:10.218Z,XBTUSDT,1,34142,0.00955889697764,3
3.25427083333,2022-01-24T16:15:15.375Z,XBTUSDT,1,34146.5,0.00969069076449,1
3.25549527778,2022-01-24T16:15:19.783Z,XBTUSDT,1,34168,0.0103201325582,1
3.25687333333,2022-01-24T16:15:24.744Z,XBTUSDT,1,34139.5,0.00948567070109,1
3.25847527778,2022-01-24T16:15:30.511Z,XBTUSDT,1,34184.5,0.0108029239798,1
3.26015222222,2022-01-24T16:15:36.548Z,XBTUSDT,1,34157.3875,0.0100094866776,2
3.26559888889,2022-01-24T16:15:56.156Z,XBTUSDT,1,34157.5,0.0100127802496,1
3.26654166667,2022-01-24T16:15:59.550Z,XBTUSDT,1,34193.7272727,0.0110728131873,2
3.26658361111,2022-01-24T16:15:59.701Z,XBTUSDT,1,34194,0.0110807891,1
3.26660083333,2022-01-24T16:15:59.763Z,XBTUSDT,1,34194,0.0110807891,1
3.2669625,2022-01-24T16:16:01.065Z,XBTUSDT,1,34194,0.0110807891,1
3.267635,2022-01-24T16:16:03.486Z,XBTUSDT,1,34194,0.0110807891,1
3.26794111111,2022-01-24T16:16:04.588Z,XBTUSDT,1,34200.5,0.0112708628638,1
3.26801833333,2022-01-24T16:16:04.866Z,XBTUSDT,1,34225.9923414,0.0120159644075,2
3.26803916667,2022-01-24T16:16:04.941Z,XBTUSDT,1,34227.5,0.0120600135449,1
3.26814444444,2022-01-24T16:16:05.320Z,XBTUSDT,1,34250.0654045,0.0127190733452,5
3.26834027778,2022-01-24T16:16:06.025Z,XBTUSDT,1,34256.5,0.0129069267431,1
3.26834083333,2022-01-24T16:16:06.027Z,XBTUSDT,1,34256.5,0.0129069267431,1
3.26962583333,2022-01-24T16:16:10.653Z,XBTUSDT,1,34248.5,0.0126733671478,1
3.27133222222,2022-01-24T16:16:16.796Z,XBTUSDT,1,34239,0.0123959442587,1
3.272625,2022-01-24T16:16:21.450Z,XBTUSDT,1,34319,0.0147297356852,1
3.27331861111,2022-01-24T16:16:23.947Z,XBTUSDT,1,34319,0.0147297356852,1
3.27363638889,2022-01-24T16:16:25.091Z,XBTUSDT,1,34319,0.0147297356852,1
3.27369972222,2022-01-24T16:16:25.319Z,XBTUSDT,1,34319,0.0147297356852,1
3.27432222222,2022-01-24T16:16:27.560Z,XBTUSDT,1,34300.5,0.0141905303442,2
3.2754575,2022-01-24T16:16:31.647Z,XBTUSDT,1,34270.875,0.0133264671154,2
3.27642444444,2022-01-24T16:16:35.128Z,XBTUSDT,1,34269,0.013271754439,1
3.27713722222,2022-01-24T16:16:37.694Z,XBTUSDT,1,34269,0.013271754439,2
3.27754694444,2022-01-24T16:16:39.169Z,XBTUSDT,1,34258.5,0.0129653081194,1
3.27765,2022-01-24T16:16:39.540Z,XBTUSDT,1,34258.3636364,0.0129613276793,2
3.27765111111,2022-01-24T16:16:39.544Z,XBTUSDT,1,34258.5,0.0129653081194,1
3.27765194444,2022-01-24T16:16:39.547Z,XBTUSDT,1,34258.5,0.0129653081194,1
3.27780361111,2022-01-24T16:16:40.093Z,XBTUSDT,1,34258.65,0.0129696865853,2
3.277805,2022-01-24T16:16:40.098Z,XBTUSDT,1,34260,0.0130090919151,1
3.27780583333,2022-01-24T16:16:40.101Z,XBTUSDT,1,34260,0.0130090919151,1
3.27780833333,2022-01-24T16:16:40.110Z,XBTUSDT,1,34260,0.0130090919151,1
3.27780916667,2022-01-24T16:16:40.113Z,XBTUSDT,1,34260,0.0130090919151,1
3.27781,2022-01-24T16:16:40.116Z,XBTUSDT,1,34260,0.0130090919151,1
3.27781083333,2022-01-24T16:16:40.119Z,XBTUSDT,1,34260,0.0130090919151,1
3.27781222222,2022-01-24T16:16:40.124Z,XBTUSDT,1,34260,0.0130090919151,1
3.27782694444,2022-01-24T16:16:40.177Z,XBTUSDT,1,34260,0.0130090919151,1
3.27782861111,2022-01-24T16:16:40.183Z,XBTUSDT,1,34268.4642857,0.0132561216959,2
3.27903111111,2022-01-24T16:16:44.512Z,XBTUSDT,1,34289.5,0.013869783877,1
3.27904083333,2022-01-24T16:16:44.547Z,XBTUSDT,1,34289.5,0.013869783877,1
3.27906861111,2022-01-24T16:16:44.647Z,XBTUSDT,1,34289.5,0.013869783877,1
3.27907472222,2022-01-24T16:16:44.669Z,XBTUSDT,1,34289.5,0.013869783877,1
3.27915194444,2022-01-24T16:16:44.947Z,XBTUSDT,1,34289.5,0.013869783877,1
3.27941472222,2022-01-24T16:16:45.893Z,XBTUSDT,1,34304,0.0142925644674,1
3.28018638889,2022-01-24T16:16:48.671Z,XBTUSDT,1,34304,0.0142925644674,1
3.28019416667,2022-01-24T16:16:48.699Z,XBTUSDT,1,34304,0.0142925644674,1
3.28045777778,2022-01-24T16:16:49.648Z,XBTUSDT,1,34304,0.0142925644674,1
3.28059722222,2022-01-24T16:16:50.150Z,XBTUSDT,1,34285.6428571,0.0137572899703,2
3.2817175,2022-01-24T16:16:54.183Z,XBTUSDT,1,34267.4285714,0.0132258976996,2
3.28241,2022-01-24T16:16:56.676Z,XBTUSDT,1,34313.5,0.0145694617622,1
3.2841325,2022-01-24T16:17:02.877Z,XBTUSDT,1,34350,0.0156326176874,1
3.28413555556,2022-01-24T16:17:02.888Z,XBTUSDT,1,34350,0.0156326176874,1
3.28425361111,2022-01-24T16:17:03.313Z,XBTUSDT,1,34353,0.0157199501184,1
3.28580694444,2022-01-24T16:17:08.905Z,XBTUSDT,1,34437,0.0181621667705,1
3.28580972222,2022-01-24T16:17:08.915Z,XBTUSDT,1,34449,0.0185105684812,1
3.28582888889,2022-01-24T16:17:08.984Z,XBTUSDT,1,34449,0.0185105684812,1
3.28583027778,2022-01-24T16:17:08.989Z,XBTUSDT,1,34448.9878049,0.0185102144761,2
3.28583722222,2022-01-24T16:17:09.014Z,XBTUSDT,1,34449,0.0185105684812,2
3.28583861111,2022-01-24T16:17:09.019Z,XBTUSDT,1,34449,0.0185105684812,1
3.28657583333,2022-01-24T16:17:11.673Z,XBTUSDT,1,34477,0.0193230340687,1
3.28911916667,2022-01-24T16:17:20.829Z,XBTUSDT,1,34364.5,0.0160546537996,2
3.28918388889,2022-01-24T16:17:21.062Z,XBTUSDT,1,34411.5,0.0174214098574,1
3.28970944444,2022-01-24T16:17:22.954Z,XBTUSDT,1,34411.5,0.0174214098574,1
3.28971777778,2022-01-24T16:17:22.984Z,XBTUSDT,1,34411.5,0.0174214098574,1
3.29367305556,2022-01-24T16:17:37.223Z,XBTUSDT,1,34409.5,0.0173632880632,1
3.29520194444,2022-01-24T16:17:42.727Z,XBTUSDT,1,34348.5,0.0155889486117,1
3.29693722222,2022-01-24T16:17:48.974Z,XBTUSDT,1,34370,0.0162146898808,1
3.2978475,2022-01-24T16:17:52.251Z,XBTUSDT,1,34394.5,0.0169272668947,1
3.29939527778,2022-01-24T16:17:57.823Z,XBTUSDT,1,34355,0.0157781675021,1
3.30097583333,2022-01-24T16:18:03.513Z,XBTUSDT,1,34367.9666667,0.0161555280105,2
3.30165027778,2022-01-24T16:18:05.941Z,XBTUSDT,1,34368,0.0161564979055,1
3.30166083333,2022-01-24T16:18:05.979Z,XBTUSDT,1,34368,0.0161564979055,1
3.30170055556,2022-01-24T16:18:06.122Z,XBTUSDT,1,34388,0.0167382653313,1
3.30170666667,2022-01-24T16:18:06.144Z,XBTUSDT,1,34388,0.0167382653313,1
3.30171527778,2022-01-24T16:18:06.175Z,XBTUSDT,1,34388,0.0167382653313,1
3.30338277778,2022-01-24T16:18:12.178Z,XBTUSDT,1,34432,0.0180169635584,1
3.30445666667,2022-01-24T16:18:16.044Z,XBTUSDT,1,34378.5,0.0164619680045,2
3.30524888889,2022-01-24T16:18:18.896Z,XBTUSDT,1,34368,0.0161564979055,1
3.30592361111,2022-01-24T16:18:21.325Z,XBTUSDT,1,34363,0.0160110031503,1
3.30712777778,2022-01-24T16:18:25.660Z,XBTUSDT,1,34423.5,0.0177700696997,1
3.30891138889,2022-01-24T16:18:32.081Z,XBTUSDT,1,34400.5,0.0171016981765,1
3.3100675,2022-01-24T16:18:36.243Z,XBTUSDT,1,34350,0.0156326176874,1
3.31119722222,2022-01-24T16:18:40.310Z,XBTUSDT,1,34341,0.0153705746235,1
3.31286555556,2022-01-24T16:18:46.316Z,XBTUSDT,1,34333.5,0.0151521529378,1
3.31427361111,2022-01-24T16:18:51.385Z,XBTUSDT,1,34322,0.0148171469992,1
3.31569444444,2022-01-24T16:18:56.500Z,XBTUSDT,1,34313.5,0.0145694617622,1
3.31950027778,2022-01-24T16:19:10.201Z,XBTUSDT,1,34286.5,0.0137822897098,1
3.31950638889,2022-01-24T16:19:10.223Z,XBTUSDT,1,34283.5,0.0136947878868,1
3.31951166667,2022-01-24T16:19:10.242Z,XBTUSDT,1,34283.0435,0.0136814723549,3
3.31953722222,2022-01-24T16:19:10.334Z,XBTUSDT,1,34281.1052632,0.0136249344447,2
3.31957,2022-01-24T16:19:10.452Z,XBTUSDT,1,34284,0.0137093720557,1
3.31957555556,2022-01-24T16:19:10.472Z,XBTUSDT,1,34284,0.0137093720557,1
3.31958222222,2022-01-24T16:19:10.496Z,XBTUSDT,1,34284,0.0137093720557,1
3.31961,2022-01-24T16:19:10.596Z,XBTUSDT,1,34284,0.0137093720557,1
3.31962722222,2022-01-24T16:19:10.658Z,XBTUSDT,1,34284,0.0137093720557,1
3.31985666667,2022-01-24T16:19:11.484Z,XBTUSDT,1,34266,0.0131842079299,1
3.31985833333,2022-01-24T16:19:11.490Z,XBTUSDT,1,34266,0.0131842079299,1
3.31985916667,2022-01-24T16:19:11.493Z,XBTUSDT,1,34266,0.0131842079299,1
3.31986083333,2022-01-24T16:19:11.499Z,XBTUSDT,1,34266,0.0131842079299,1
3.31986138889,2022-01-24T16:19:11.501Z,XBTUSDT,1,34266,0.0131842079299,1
3.31986222222,2022-01-24T16:19:11.504Z,XBTUSDT,1,34266,0.0131842079299,1
3.31986277778,2022-01-24T16:19:11.506Z,XBTUSDT,1,34266,0.0131842079299,1
3.31986638889,2022-01-24T16:19:11.519Z,XBTUSDT,1,34266,0.0131842079299,1
3.31987,2022-01-24T16:19:11.532Z,XBTUSDT,1,34266,0.0131842079299,1
3.31987055556,2022-01-24T16:19:11.534Z,XBTUSDT,1,34266,0.0131842079299,1
3.31998027778,2022-01-24T16:19:11.929Z,XBTUSDT,1,34266,0.0131842079299,1
3.31998138889,2022-01-24T16:19:11.933Z,XBTUSDT,1,34266,0.0131842079299,1
3.31998277778,2022-01-24T16:19:11.938Z,XBTUSDT,1,34266,0.0131842079299,1
3.31998416667,2022-01-24T16:19:11.943Z,XBTUSDT,1,34266,0.0131842079299,1
3.31998527778,2022-01-24T16:19:11.947Z,XBTUSDT,1,34266,0.0131842079299,1
3.31998583333,2022-01-24T16:19:11.949Z,XBTUSDT,1,34266,0.0131842079299,1
3.31998722222,2022-01-24T16:19:11.954Z,XBTUSDT,1,34266,0.0131842079299,1
3.31999583333,2022-01-24T16:19:11.985Z,XBTUSDT,1,34266,0.0131842079299,1
3.32000916667,2022-01-24T16:19:12.033Z,XBTUSDT,1,34266,0.0131842079299,1
3.32001416667,2022-01-24T16:19:12.051Z,XBTUSDT,1,34266,0.0131842079299,1
3.32002888889,2022-01-24T16:19:12.104Z,XBTUSDT,1,34273.5,0.0134030598337,1
3.32003083333,2022-01-24T16:19:12.111Z,XBTUSDT,1,34273.5,0.0134030598337,1
3.32003277778,2022-01-24T16:19:12.118Z,XBTUSDT,1,34273.5,0.0134030598337,1
3.32003888889,2022-01-24T16:19:12.140Z,XBTUSDT,1,34273.5,0.0134030598337,1
3.32004,2022-01-24T16:19:12.144Z,XBTUSDT,1,34273.5,0.0134030598337,1
3.32004027778,2022-01-24T16:19:12.145Z,XBTUSDT,1,34273.5,0.0134030598337,1
3.32004722222,2022-01-24T16:19:12.170Z,XBTUSDT,1,34273.5,0.0134030598337,1
3.320065,2022-01-24T16:19:12.234Z,XBTUSDT,1,34273.5,0.0134030598337,1
3.32007972222,2022-01-24T16:19:12.287Z,XBTUSDT,1,34273.5,0.0134030598337,1
3.32009361111,2022-01-24T16:19:12.337Z,XBTUSDT,1,34273.5,0.0134030598337,1
3.32009777778,2022-01-24T16:19:12.352Z,XBTUSDT,1,34273.5,0.0134030598337,1
3.32010388889,2022-01-24T16:19:12.374Z,XBTUSDT,1,34273.5,0.0134030598337,1
3.32010444444,2022-01-24T16:19:12.376Z,XBTUSDT,1,34273.5,0.0134030598337,1
3.32010916667,2022-01-24T16:19:12.393Z,XBTUSDT,1,34273.5,0.0134030598337,1
3.32012138889,2022-01-24T16:19:12.437Z,XBTUSDT,1,34273.5,0.0134030598337,1
3.32012194444,2022-01-24T16:19:12.439Z,XBTUSDT,1,34273.5,0.0134030598337,1
3.32012305556,2022-01-24T16:19:12.443Z,XBTUSDT,1,34273.5,0.0134030598337,1
3.32012361111,2022-01-24T16:19:12.445Z,XBTUSDT,1,34273.5,0.0134030598337,1
3.32012416667,2022-01-24T16:19:12.447Z,XBTUSDT,1,34273.5,0.0134030598337,1
3.32012472222,2022-01-24T16:19:12.449Z,XBTUSDT,1,34273.5,0.0134030598337,1
3.32012583333,2022-01-24T16:19:12.453Z,XBTUSDT,1,34273.5,0.0134030598337,1
3.3201275,2022-01-24T16:19:12.459Z,XBTUSDT,1,34273.5,0.0134030598337,1
3.32012944444,2022-01-24T16:19:12.466Z,XBTUSDT,1,34273.5,0.0134030598337,1
3.32013638889,2022-01-24T16:19:12.491Z,XBTUSDT,1,34273.5,0.0134030598337,1
3.32013694444,2022-01-24T16:19:12.493Z,XBTUSDT,1,34273.5,0.0134030598337,1
3.32013777778,2022-01-24T16:19:12.496Z,XBTUSDT,1,34273.5,0.0134030598337,1
3.32014472222,2022-01-24T16:19:12.521Z,XBTUSDT,1,34273.5,0.0134030598337,1
3.32014638889,2022-01-24T16:19:12.527Z,XBTUSDT,1,34273.5,0.0134030598337,1
3.32014805556,2022-01-24T16:19:12.533Z,XBTUSDT,1,34273.5,0.0134030598337,1
3.32014888889,2022-01-24T16:19:12.536Z,XBTUSDT,1,34273.5,0.0134030598337,1
3.32014972222,2022-01-24T16:19:12.539Z,XBTUSDT,1,34273.5,0.0134030598337,1
3.32015083333,2022-01-24T16:19:12.543Z,XBTUSDT,1,34273.5,0.0134030598337,1
3.32015166667,2022-01-24T16:19:12.546Z,XBTUSDT,1,34273.5,0.0134030598337,1
3.32015333333,2022-01-24T16:19:12.552Z,XBTUSDT,1,34273.5,0.0134030598337,2
3.32015388889,2022-01-24T16:19:12.554Z,XBTUSDT,1,34273.5,0.0134030598337,1
3.32015444444,2022-01-24T16:19:12.556Z,XBTUSDT,1,34273.5,0.0134030598337,1
3.32015472222,2022-01-24T16:19:12.557Z,XBTUSDT,1,34273.5,0.0134030598337,1
3.32015555556,2022-01-24T16:19:12.560Z,XBTUSDT,1,34273.5,0.0134030598337,1
3.32015611111,2022-01-24T16:19:12.562Z,XBTUSDT,1,34273.5,0.0134030598337,1
3.32015694444,2022-01-24T16:19:12.565Z,XBTUSDT,1,34273.5,0.0134030598337,1
3.3201575,2022-01-24T16:19:12.567Z,XBTUSDT,1,34273.5,0.0134030598337,1
3.32015833333,2022-01-24T16:19:12.570Z,XBTUSDT,1,34273.5,0.0134030598337,1
3.32016111111,2022-01-24T16:19:12.580Z,XBTUSDT,1,34273.5,0.0134030598337,1
3.32016166667,2022-01-24T16:19:12.582Z,XBTUSDT,1,34273.5,0.0134030598337,1
3.32016277778,2022-01-24T16:19:12.586Z,XBTUSDT,1,34273.5,0.0134030598337,1
3.32016361111,2022-01-24T16:19:12.589Z,XBTUSDT,1,34273.5,0.0134030598337,1
3.32016444444,2022-01-24T16:19:12.592Z,XBTUSDT,1,34273.5,0.0134030598337,1
3.32016472222,2022-01-24T16:19:12.593Z,XBTUSDT,1,34273.5,0.0134030598337,1
3.32016555556,2022-01-24T16:19:12.596Z,XBTUSDT,1,34273.5,0.0134030598337,1
3.32016583333,2022-01-24T16:19:12.597Z,XBTUSDT,1,34273.5,0.0134030598337,1
3.32016666667,2022-01-24T16:19:12.600Z,XBTUSDT,1,34273.5,0.0134030598337,1
3.32016694444,2022-01-24T16:19:12.601Z,XBTUSDT,1,34273.5,0.0134030598337,1
3.3201675,2022-01-24T16:19:12.603Z,XBTUSDT,1,34273.5,0.0134030598337,1
3.32016777778,2022-01-24T16:19:12.604Z,XBTUSDT,1,34273.5,0.0134030598337,1
3.32017805556,2022-01-24T16:19:12.641Z,XBTUSDT,1,34273.5,0.0134030598337,1
3.32018416667,2022-01-24T16:19:12.663Z,XBTUSDT,1,34273.5,0.0134030598337,1
3.320185,2022-01-24T16:19:12.666Z,XBTUSDT,1,34273.5,0.0134030598337,1
3.32019027778,2022-01-24T16:19:12.685Z,XBTUSDT,1,34273.5,0.0134030598337,1
3.320215,2022-01-24T16:19:12.774Z,XBTUSDT,1,34273.5,0.0134030598337,1
3.32021916667,2022-01-24T16:19:12.789Z,XBTUSDT,1,34273.5,0.0134030598337,1
3.32025888889,2022-01-24T16:19:12.932Z,XBTUSDT,1,34273.5,0.0134030598337,1
3.320265,2022-01-24T16:19:12.954Z,XBTUSDT,1,34273.5,0.0134030598337,1
3.32027333333,2022-01-24T16:19:12.984Z,XBTUSDT,1,34273.5,0.0134030598337,1
3.32027583333,2022-01-24T16:19:12.993Z,XBTUSDT,1,34273.5,0.0134030598337,1
3.32027694444,2022-01-24T16:19:12.997Z,XBTUSDT,1,34273.5,0.0134030598337,1
3.32035944444,2022-01-24T16:19:13.294Z,XBTUSDT,1,34273.5,0.0134030598337,1
3.32036027778,2022-01-24T16:19:13.297Z,XBTUSDT,1,34273.5,0.0134030598337,1
3.32036111111,2022-01-24T16:19:13.300Z,XBTUSDT,1,34273.5,0.0134030598337,1
3.32036305556,2022-01-24T16:19:13.307Z,XBTUSDT,1,34273.5,0.0134030598337,1
3.32036388889,2022-01-24T16:19:13.310Z,XBTUSDT,1,34273.5,0.0134030598337,1
3.32036472222,2022-01-24T16:19:13.313Z,XBTUSDT,1,34273.5,0.0134030598337,1
3.32036555556,2022-01-24T16:19:13.316Z,XBTUSDT,1,34273.5,0.0134030598337,1
3.32036638889,2022-01-24T16:19:13.319Z,XBTUSDT,1,34273.5,0.0134030598337,1
3.32036722222,2022-01-24T16:19:13.322Z,XBTUSDT,1,34273.5,0.0134030598337,1
3.32036805556,2022-01-24T16:19:13.325Z,XBTUSDT,1,34273.5,0.0134030598337,1
3.32036888889,2022-01-24T16:19:13.328Z,XBTUSDT,1,34273.5,0.0134030598337,1
3.32036916667,2022-01-24T16:19:13.329Z,XBTUSDT,1,34273.5,0.0134030598337,1
3.32036972222,2022-01-24T16:19:13.331Z,XBTUSDT,1,34273.5,0.0134030598337,1
3.32037083333,2022-01-24T16:19:13.335Z,XBTUSDT,1,34273.5,0.0134030598337,1
3.32037166667,2022-01-24T16:19:13.338Z,XBTUSDT,1,34273.5,0.0134030598337,1
3.3203725,2022-01-24T16:19:13.341Z,XBTUSDT,1,34273.5,0.0134030598337,1
3.32037333333,2022-01-24T16:19:13.344Z,XBTUSDT,1,34273.5,0.0134030598337,1
3.32037444444,2022-01-24T16:19:13.348Z,XBTUSDT,1,34273.5,0.0134030598337,1
3.32037638889,2022-01-24T16:19:13.355Z,XBTUSDT,1,34273.5,0.0134030598337,1
3.32037944444,2022-01-24T16:19:13.366Z,XBTUSDT,1,34273.5,0.0134030598337,1
3.32038333333,2022-01-24T16:19:13.380Z,XBTUSDT,1,34273.5,0.0134030598337,1
3.32038416667,2022-01-24T16:19:13.383Z,XBTUSDT,1,34273.5,0.0134030598337,1
3.32038611111,2022-01-24T16:19:13.390Z,XBTUSDT,1,34273.5,0.0134030598337,1
3.32038694444,2022-01-24T16:19:13.393Z,XBTUSDT,1,34273.5,0.0134030598337,1
3.32038777778,2022-01-24T16:19:13.396Z,XBTUSDT,1,34273.5,0.0134030598337,1
3.32038861111,2022-01-24T16:19:13.399Z,XBTUSDT,1,34273.5,0.0134030598337,1
3.32039055556,2022-01-24T16:19:13.406Z,XBTUSDT,1,34273.5,0.0134030598337,1
3.32039166667,2022-01-24T16:19:13.410Z,XBTUSDT,1,34273.5,0.0134030598337,1
3.32039583333,2022-01-24T16:19:13.425Z,XBTUSDT,1,34273.5,0.0134030598337,1
3.32040388889,2022-01-24T16:19:13.454Z,XBTUSDT,1,34273.5,0.0134030598337,1
3.32040611111,2022-01-24T16:19:13.462Z,XBTUSDT,1,34273.5,0.0134030598337,1
3.32041527778,2022-01-24T16:19:13.495Z,XBTUSDT,1,34273.5,0.0134030598337,1
3.32050944444,2022-01-24T16:19:13.834Z,XBTUSDT,1,34273.5,0.0134030598337,1
3.32051777778,2022-01-24T16:19:13.864Z,XBTUSDT,1,34273.5,0.0134030598337,1
3.32052888889,2022-01-24T16:19:13.904Z,XBTUSDT,1,34273.5,0.0134030598337,1
3.32053555556,2022-01-24T16:19:13.928Z,XBTUSDT,1,34273.5,0.0134030598337,1
3.32055055556,2022-01-24T16:19:13.982Z,XBTUSDT,1,34273.5,0.0134030598337,1
3.32055138889,2022-01-24T16:19:13.985Z,XBTUSDT,1,34273.5,0.0134030598337,1
3.320555,2022-01-24T16:19:13.998Z,XBTUSDT,1,34273.5,0.0134030598337,1
3.32055555556,2022-01-24T16:19:14.000Z,XBTUSDT,1,34273.5,0.0134030598337,1
3.32056194444,2022-01-24T16:19:14.023Z,XBTUSDT,1,34273.5,0.0134030598337,1
3.3205625,2022-01-24T16:19:14.025Z,XBTUSDT,1,34273.5,0.0134030598337,1
3.32056527778,2022-01-24T16:19:14.035Z,XBTUSDT,1,34273.5,0.0134030598337,1
3.32056611111,2022-01-24T16:19:14.038Z,XBTUSDT,1,34273.5,0.0134030598337,1
3.32058138889,2022-01-24T16:19:14.093Z,XBTUSDT,1,34273.5,0.0134030598337,1
3.32058555556,2022-01-24T16:19:14.108Z,XBTUSDT,1,34273.5,0.0134030598337,1
3.32058611111,2022-01-24T16:19:14.110Z,XBTUSDT,1,34273.5,0.0134030598337,1
3.3205875,2022-01-24T16:19:14.115Z,XBTUSDT,1,34273.5,0.0134030598337,1
3.32058805556,2022-01-24T16:19:14.117Z,XBTUSDT,1,34273.5,0.0134030598337,1
3.32059277778,2022-01-24T16:19:14.134Z,XBTUSDT,1,34273.5,0.0134030598337,1
3.32059555556,2022-01-24T16:19:14.144Z,XBTUSDT,1,34273.5,0.0134030598337,1
3.32059888889,2022-01-24T16:19:14.156Z,XBTUSDT,1,34273.5,0.0134030598337,1
3.32060416667,2022-01-24T16:19:14.175Z,XBTUSDT,1,34273.5,0.0134030598337,1
3.32060555556,2022-01-24T16:19:14.180Z,XBTUSDT,1,34273.5,0.0134030598337,1
3.32060861111,2022-01-24T16:19:14.191Z,XBTUSDT,1,34273.5,0.0134030598337,1
3.320625,2022-01-24T16:19:14.250Z,XBTUSDT,1,34273.5,0.0134030598337,1
3.32065138889,2022-01-24T16:19:14.345Z,XBTUSDT,1,34273.5,0.0134030598337,1
3.32066222222,2022-01-24T16:19:14.384Z,XBTUSDT,1,34273.5,0.0134030598337,1
3.32067388889,2022-01-24T16:19:14.426Z,XBTUSDT,1,34273.5,0.0134030598337,1
3.32068111111,2022-01-24T16:19:14.452Z,XBTUSDT,1,34273.5,0.0134030598337,1
3.32068194444,2022-01-24T16:19:14.455Z,XBTUSDT,1,34273.5,0.0134030598337,1
3.32069138889,2022-01-24T16:19:14.489Z,XBTUSDT,1,34273.5,0.0134030598337,1
3.32073361111,2022-01-24T16:19:14.641Z,XBTUSDT,1,34273.5,0.0134030598337,1
3.320755,2022-01-24T16:19:14.718Z,XBTUSDT,1,34273.5,0.0134030598337,1
3.32076361111,2022-01-24T16:19:14.749Z,XBTUSDT,1,34273.5,0.0134030598337,1
3.32080694444,2022-01-24T16:19:14.905Z,XBTUSDT,1,34273.5,0.0134030598337,1
3.32082,2022-01-24T16:19:14.952Z,XBTUSDT,1,34273.5,0.0134030598337,1
3.32083694444,2022-01-24T16:19:15.013Z,XBTUSDT,1,34273.5,0.0134030598337,1
3.32094861111,2022-01-24T16:19:15.415Z,XBTUSDT,1,34273.5,0.0134030598337,1
3.32101055556,2022-01-24T16:19:15.638Z,XBTUSDT,1,34273.5,0.0134030598337,1
3.32112944444,2022-01-24T16:19:16.066Z,XBTUSDT,1,34251,0.0127463603814,1
3.32147194444,2022-01-24T16:19:17.299Z,XBTUSDT,1,34258.5,0.0129653081194,1
3.32236416667,2022-01-24T16:19:20.511Z,XBTUSDT,1,34268.5,0.0132571638864,1
3.32236611111,2022-01-24T16:19:20.518Z,XBTUSDT,1,34268.5,0.0132571638864,1
3.32274944444,2022-01-24T16:19:21.898Z,XBTUSDT,1,34269,0.013271754439,2
3.32291472222,2022-01-24T16:19:22.493Z,XBTUSDT,1,34269,0.013271754439,1
3.32291694444,2022-01-24T16:19:22.501Z,XBTUSDT,1,34269,0.013271754439,2
3.32294555556,2022-01-24T16:19:22.604Z,XBTUSDT,1,34276,0.013475999826,1
3.32295222222,2022-01-24T16:19:22.628Z,XBTUSDT,1,34276,0.013475999826,1
3.32301444444,2022-01-24T16:19:22.852Z,XBTUSDT,1,34276,0.013475999826,1
3.32333083333,2022-01-24T16:19:23.991Z,XBTUSDT,1,34269.0625,0.0132735782431,4
3.32353444444,2022-01-24T16:19:24.724Z,XBTUSDT,1,34269,0.013271754439,3
3.32366666667,2022-01-24T16:19:25.200Z,XBTUSDT,1,34269,0.013271754439,1
3.32366888889,2022-01-24T16:19:25.208Z,XBTUSDT,1,34269,0.013271754439,1
3.32366944444,2022-01-24T16:19:25.210Z,XBTUSDT,1,34269,0.013271754439,1
3.32368805556,2022-01-24T16:19:25.277Z,XBTUSDT,1,34269,0.013271754439,1
3.32368861111,2022-01-24T16:19:25.279Z,XBTUSDT,1,34269,0.013271754439,1
3.32368944444,2022-01-24T16:19:25.282Z,XBTUSDT,1,34269,0.013271754439,1
3.32369055556,2022-01-24T16:19:25.286Z,XBTUSDT,1,34269,0.013271754439,1
3.32369222222,2022-01-24T16:19:25.292Z,XBTUSDT,1,34269,0.013271754439,1
3.32369666667,2022-01-24T16:19:25.308Z,XBTUSDT,1,34269,0.013271754439,1
3.3237,2022-01-24T16:19:25.320Z,XBTUSDT,1,34269,0.013271754439,1
3.32370583333,2022-01-24T16:19:25.341Z,XBTUSDT,1,34269,0.013271754439,1
3.32374,2022-01-24T16:19:25.464Z,XBTUSDT,1,34269,0.013271754439,1
3.32374083333,2022-01-24T16:19:25.467Z,XBTUSDT,1,34269,0.013271754439,1
3.32375388889,2022-01-24T16:19:25.514Z,XBTUSDT,1,34269,0.013271754439,1
3.323755,2022-01-24T16:19:25.518Z,XBTUSDT,1,34269,0.013271754439,1
3.32375583333,2022-01-24T16:19:25.521Z,XBTUSDT,1,34269,0.013271754439,1
3.32376861111,2022-01-24T16:19:25.567Z,XBTUSDT,1,34268.6105469,0.0132603897847,8
3.32377666667,2022-01-24T16:19:25.596Z,XBTUSDT,1,34268.5,0.0132571638864,1
3.32378138889,2022-01-24T16:19:25.613Z,XBTUSDT,1,34268.5,0.0132571638864,1
3.32379333333,2022-01-24T16:19:25.656Z,XBTUSDT,1,34268.5,0.0132571638864,1
3.32379444444,2022-01-24T16:19:25.660Z,XBTUSDT,1,34268.5,0.0132571638864,1
3.32379611111,2022-01-24T16:19:25.666Z,XBTUSDT,1,34268.5,0.0132571638864,1
3.32379694444,2022-01-24T16:19:25.669Z,XBTUSDT,1,34268.5,0.0132571638864,1
3.32379972222,2022-01-24T16:19:25.679Z,XBTUSDT,1,34268.5,0.0132571638864,1
3.32380138889,2022-01-24T16:19:25.685Z,XBTUSDT,1,34268.5,0.0132571638864,1
3.32380472222,2022-01-24T16:19:25.697Z,XBTUSDT,1,34268.5,0.0132571638864,1
3.3238225,2022-01-24T16:19:25.761Z,XBTUSDT,1,34268.5,0.0132571638864,1
3.3238325,2022-01-24T16:19:25.797Z,XBTUSDT,1,34268.5,0.0132571638864,1
3.32385555556,2022-01-24T16:19:25.880Z,XBTUSDT,1,34268.5,0.0132571638864,1
3.32385694444,2022-01-24T16:19:25.885Z,XBTUSDT,1,34268.5,0.0132571638864,1
3.32385777778,2022-01-24T16:19:25.888Z,XBTUSDT,1,34268.5,0.0132571638864,1
3.32385972222,2022-01-24T16:19:25.895Z,XBTUSDT,1,34268.5,0.0132571638864,1
3.32386055556,2022-01-24T16:19:25.898Z,XBTUSDT,1,34268.5,0.0132571638864,1
3.32387027778,2022-01-24T16:19:25.933Z,XBTUSDT,1,34268.5,0.0132571638864,1
3.32387277778,2022-01-24T16:19:25.942Z,XBTUSDT,1,34268.5,0.0132571638864,1
3.32387333333,2022-01-24T16:19:25.944Z,XBTUSDT,1,34268.5,0.0132571638864,1
3.32387777778,2022-01-24T16:19:25.960Z,XBTUSDT,1,34268.5,0.0132571638864,1
3.32387861111,2022-01-24T16:19:25.963Z,XBTUSDT,1,34268.5,0.0132571638864,1
3.32388638889,2022-01-24T16:19:25.991Z,XBTUSDT,1,34268.5,0.0132571638864,1
3.32388694444,2022-01-24T16:19:25.993Z,XBTUSDT,1,34268.5,0.0132571638864,1
3.32389194444,2022-01-24T16:19:26.011Z,XBTUSDT,1,34268.5,0.0132571638864,1
3.32389361111,2022-01-24T16:19:26.017Z,XBTUSDT,1,34268.5,0.0132571638864,1
3.32389666667,2022-01-24T16:19:26.028Z,XBTUSDT,1,34268.5,0.0132571638864,1
3.32389722222,2022-01-24T16:19:26.030Z,XBTUSDT,1,34268.5,0.0132571638864,1
3.32389833333,2022-01-24T16:19:26.034Z,XBTUSDT,1,34268.5,0.0132571638864,1
3.32390305556,2022-01-24T16:19:26.051Z,XBTUSDT,1,34268.5,0.0132571638864,1
3.32390388889,2022-01-24T16:19:26.054Z,XBTUSDT,1,34268.5,0.0132571638864,1
3.32390527778,2022-01-24T16:19:26.059Z,XBTUSDT,1,34268.5,0.0132571638864,1
3.32390888889,2022-01-24T16:19:26.072Z,XBTUSDT,1,34268.5,0.0132571638864,1
3.32390972222,2022-01-24T16:19:26.075Z,XBTUSDT,1,34268.5,0.0132571638864,1
3.32391055556,2022-01-24T16:19:26.078Z,XBTUSDT,1,34268.5,0.0132571638864,1
3.32391166667,2022-01-24T16:19:26.082Z,XBTUSDT,1,34268.5,0.0132571638864,1
3.32392,2022-01-24T16:19:26.112Z,XBTUSDT,1,34268.5,0.0132571638864,1
3.32392555556,2022-01-24T16:19:26.132Z,XBTUSDT,1,34268.5,0.0132571638864,1
3.32392638889,2022-01-24T16:19:26.135Z,XBTUSDT,1,34268.5,0.0132571638864,1
3.3239275,2022-01-24T16:19:26.139Z,XBTUSDT,1,34268.5,0.0132571638864,1
3.32394083333,2022-01-24T16:19:26.187Z,XBTUSDT,1,34268.5,0.0132571638864,1
3.32394833333,2022-01-24T16:19:26.214Z,XBTUSDT,1,34268.5,0.0132571638864,1
3.32397638889,2022-01-24T16:19:26.315Z,XBTUSDT,1,34268.5,0.0132571638864,1
3.32399138889,2022-01-24T16:19:26.369Z,XBTUSDT,1,34268.5,0.0132571638864,1
3.32399666667,2022-01-24T16:19:26.388Z,XBTUSDT,1,34268.5,0.0132571638864,1
3.32399805556,2022-01-24T16:19:26.393Z,XBTUSDT,1,34268.5,0.0132571638864,1
3.32400166667,2022-01-24T16:19:26.406Z,XBTUSDT,1,34268.5,0.0132571638864,1
3.32400722222,2022-01-24T16:19:26.426Z,XBTUSDT,1,34242.5,0.0124981616459,1
3.32421055556,2022-01-24T16:19:27.158Z,XBTUSDT,1,34234.6525,0.0122689611097,2
3.3243125,2022-01-24T16:19:27.525Z,XBTUSDT,1,34220.5,0.0118554787148,1
3.3243275,2022-01-24T16:19:27.579Z,XBTUSDT,1,34220.5,0.0118554787148,1
3.32543138889,2022-01-24T16:19:31.553Z,XBTUSDT,1,34240,0.0124251502926,1
3.32627638889,2022-01-24T16:19:34.595Z,XBTUSDT,1,34223,0.0119285316709,1
3.32643972222,2022-01-24T16:19:35.183Z,XBTUSDT,1,34221.3140625,0.0118792671696,5
3.32647416667,2022-01-24T16:19:35.307Z,XBTUSDT,1,34206,0.0114316662966,1
3.32651972222,2022-01-24T16:19:35.471Z,XBTUSDT,1,34206,0.0114316662966,1
3.32652027778,2022-01-24T16:19:35.473Z,XBTUSDT,1,34191.7325,0.0110144740978,3
3.32682388889,2022-01-24T16:19:36.566Z,XBTUSDT,1,34165.5,0.010246962005,1
3.33027055556,2022-01-24T16:19:48.974Z,XBTUSDT,1,34203,0.0113439585388,1
3.33144055556,2022-01-24T16:19:53.186Z,XBTUSDT,1,34235.5,0.0122937164219,1
3.33345,2022-01-24T16:20:00.420Z,XBTUSDT,1,34240,0.0124251502926,1
3.33446805556,2022-01-24T16:20:04.085Z,XBTUSDT,1,34211,0.0115778288003,1
3.33569111111,2022-01-24T16:20:08.488Z,XBTUSDT,1,34226,0.0120161881743,1
3.33636805556,2022-01-24T16:20:10.925Z,XBTUSDT,1,34211.5,0.0115924438758,1
3.33676888889,2022-01-24T16:20:12.368Z,XBTUSDT,1,34212,0.0116070587376,1
3.33681361111,2022-01-24T16:20:12.529Z,XBTUSDT,1,34199.5,0.0112416230977,1
3.33746416667,2022-01-24T16:20:14.871Z,XBTUSDT,1,34217,0.0117531956097,1
3.33867055556,2022-01-24T16:20:19.214Z,XBTUSDT,1,34183,0.010759043481,1
3.34024833333,2022-01-24T16:20:24.894Z,XBTUSDT,1,34260,0.0130090919151,1
3.34187166667,2022-01-24T16:20:30.738Z,XBTUSDT,1,34285.4333333,0.0137511788277,2
3.34291527778,2022-01-24T16:20:34.495Z,XBTUSDT,1,34253,0.0128047511323,1
3.34716,2022-01-24T16:20:49.776Z,XBTUSDT,1,34315,0.0146131753797,1
3.34994611111,2022-01-24T16:20:59.806Z,XBTUSDT,1,34281,0.0136218638518,1
3.35108916667,2022-01-24T16:21:03.921Z,XBTUSDT,1,34304,0.0142925644674,1
3.35272388889,2022-01-24T16:21:09.806Z,XBTUSDT,1,34284.5,0.0137239560119,1
3.35412416667,2022-01-24T16:21:14.847Z,XBTUSDT,1,34252,0.012775556183,2
3.35648805556,2022-01-24T16:21:23.357Z,XBTUSDT,1,34251.5,0.0127609583888,1
3.35788972222,2022-01-24T16:21:28.403Z,XBTUSDT,1,34270.5,0.0133155248196,1
3.36416527778,2022-01-24T16:21:50.995Z,XBTUSDT,1,34335.5,0.0152104033856,1
3.37520944444,2022-01-24T16:22:30.754Z,XBTUSDT,1,34347.5,0.015559834835,1
3.37852555556,2022-01-24T16:22:42.692Z,XBTUSDT,1,34388.9,0.0167644369092,2
3.37961,2022-01-24T16:22:46.596Z,XBTUSDT,1,34386.1408451,0.0166841998088,2
3.38020555556,2022-01-24T16:22:48.740Z,XBTUSDT,1,34385.5,0.0166655629095,1
3.38022916667,2022-01-24T16:22:48.825Z,XBTUSDT,1,34385.5,0.0166655629095,1
3.38033388889,2022-01-24T16:22:49.202Z,XBTUSDT,1,34385.5,0.0166655629095,1
3.38033416667,2022-01-24T16:22:49.203Z,XBTUSDT,1,34385.5,0.0166655629095,1
3.390495,2022-01-24T16:23:25.782Z,XBTUSDT,1,34286.5,0.0137822897098,1
3.39195027778,2022-01-24T16:23:31.021Z,XBTUSDT,1,34262,0.0130674673273,1
3.39307333333,2022-01-24T16:23:35.064Z,XBTUSDT,1,34264,0.0131258393321,1
3.39327055556,2022-01-24T16:23:35.774Z,XBTUSDT,1,34300,0.014175953191,1
3.39330666667,2022-01-24T16:23:35.904Z,XBTUSDT,1,34312.5,0.0145403182888,1
3.39332888889,2022-01-24T16:23:35.984Z,XBTUSDT,1,34312.5,0.0145403182888,1
3.39334,2022-01-24T16:23:36.024Z,XBTUSDT,1,34313.5,0.0145694617622,1
3.3933425,2022-01-24T16:23:36.033Z,XBTUSDT,1,34313.5,0.0145694617622,1
3.39335333333,2022-01-24T16:23:36.072Z,XBTUSDT,1,34330.125,0.0150538476123,4
3.39469055556,2022-01-24T16:23:40.886Z,XBTUSDT,1,34313,0.0145548901317,1
3.39484694444,2022-01-24T16:23:41.449Z,XBTUSDT,1,34312.6375,0.0145443255668,4
3.39504611111,2022-01-24T16:23:42.166Z,XBTUSDT,1,34312.5,0.0145403182888,2
3.39529,2022-01-24T16:23:43.044Z,XBTUSDT,1,34292.5,0.0139572703895,1
3.39533388889,2022-01-24T16:23:43.202Z,XBTUSDT,1,34268.4275,0.0132550482386,3
3.39569027778,2022-01-24T16:23:44.485Z,XBTUSDT,1,34288.5,0.0138406200052,1
3.40227111111,2022-01-24T16:24:08.176Z,XBTUSDT,1,34332.5,0.0151230264414,1
3.40227361111,2022-01-24T16:24:08.185Z,XBTUSDT,1,34332.5,0.0151230264414,1
3.42612555556,2022-01-24T16:25:34.052Z,XBTUSDT,1,34325.5,0.0149191172094,1
3.45538166667,2022-01-24T16:27:19.374Z,XBTUSDT,1,34341,0.0153705746235,1
3.45538361111,2022-01-24T16:27:19.381Z,XBTUSDT,1,34341,0.0153705746235,1
3.45703222222,2022-01-24T16:27:25.316Z,XBTUSDT,1,34361.5,0.0159673505955,1
3.45837777778,2022-01-24T16:27:30.160Z,XBTUSDT,1,34351.3146067,0.0156708878937,2
3.49646583333,2022-01-24T16:29:47.277Z,XBTUSDT,1,34410.38,0.0173888620689,3
3.49718916667,2022-01-24T16:29:49.881Z,XBTUSDT,1,34409.5,0.0173632880632,1
3.50336472222,2022-01-24T16:30:12.113Z,XBTUSDT,1,34417,0.0175812273752,1
3.50337305556,2022-01-24T16:30:12.143Z,XBTUSDT,1,34417,0.0175812273752,1
3.50757111111,2022-01-24T16:30:27.256Z,XBTUSDT,1,34496.5416667,0.019889676486,2
3.50777361111,2022-01-24T16:30:27.985Z,XBTUSDT,1,34500,0.0199899230564,1
3.5077825,2022-01-24T16:30:28.017Z,XBTUSDT,1,34500,0.0199899230564,1
3.5078075,2022-01-24T16:30:28.107Z,XBTUSDT,1,34500,0.0199899230564,1
3.50798916667,2022-01-24T16:30:28.761Z,XBTUSDT,1,34507.5,0.0202072907347,1
3.50817944444,2022-01-24T16:30:29.446Z,XBTUSDT,1,34518,0.0205115261283,1
3.50821361111,2022-01-24T16:30:29.569Z,XBTUSDT,1,34535.5,0.0210183795209,1
3.50901388889,2022-01-24T16:30:32.450Z,XBTUSDT,1,34513.451049,0.0203797325476,2
3.50925527778,2022-01-24T16:30:33.319Z,XBTUSDT,1,34537,0.0210618121461,1
3.50925638889,2022-01-24T16:30:33.323Z,XBTUSDT,1,34537,0.0210618121461,1
3.50929611111,2022-01-24T16:30:33.466Z,XBTUSDT,1,34508,0.0202217802334,1
3.50931027778,2022-01-24T16:30:33.517Z,XBTUSDT,1,34508,0.0202217802334,1
3.50932388889,2022-01-24T16:30:33.566Z,XBTUSDT,1,34501.1573034,0.020023467519,2
3.50934111111,2022-01-24T16:30:33.628Z,XBTUSDT,1,34501,0.0200189081436,1
3.50937944444,2022-01-24T16:30:33.766Z,XBTUSDT,1,34564.3154944,0.0218524047888,8
3.50938722222,2022-01-24T16:30:33.794Z,XBTUSDT,1,34574,0.0221325535197,1
3.50939166667,2022-01-24T16:30:33.810Z,XBTUSDT,1,34501.44,0.0200316613158,2
3.50943916667,2022-01-24T16:30:33.981Z,XBTUSDT,1,34586.99625,0.0225083795158,5
3.51018916667,2022-01-24T16:30:36.681Z,XBTUSDT,1,34502.5,0.0200623841991,1
3.51444638889,2022-01-24T16:30:52.007Z,XBTUSDT,1,34446,0.0184234794326,1
3.51531666667,2022-01-24T16:30:55.140Z,XBTUSDT,1,34462.5,0.018902375369,1
3.51557361111,2022-01-24T16:30:56.065Z,XBTUSDT,1,34440,0.0182492785786,1
3.51689972222,2022-01-24T16:31:00.839Z,XBTUSDT,1,34445.5,0.0184089638538,1
3.51797361111,2022-01-24T16:31:04.705Z,XBTUSDT,1,34395.5,0.0169563408881,1
3.51884055556,2022-01-24T16:31:07.826Z,XBTUSDT,1,34352.5,0.0157053952429,1
3.51989583333,2022-01-24T16:31:11.625Z,XBTUSDT,1,34344.5,0.0154724884191,1
3.52098,2022-01-24T16:31:15.528Z,XBTUSDT,1,34366.5,0.0161128517016,1
3.52552777778,2022-01-24T16:31:31.900Z,XBTUSDT,1,34341,0.0153705746235,1
3.53506861111,2022-01-24T16:32:06.247Z,XBTUSDT,1,34307.5,0.0143945881807,1
3.53528055556,2022-01-24T16:32:07.010Z,XBTUSDT,1,34319,0.0147297356852,1
3.5419725,2022-01-24T16:32:31.101Z,XBTUSDT,1,34330,0.0150502064887,1
3.54243916667,2022-01-24T16:32:32.781Z,XBTUSDT,1,34330,0.0150502064887,1
3.54310944444,2022-01-24T16:32:35.194Z,XBTUSDT,1,34351.1,0.0156646404644,2
3.54365194444,2022-01-24T16:32:37.147Z,XBTUSDT,1,34330.5,0.0150647709034,1
3.54440166667,2022-01-24T16:32:39.846Z,XBTUSDT,1,34357,0.0158363814968,1
3.54559333333,2022-01-24T16:32:44.136Z,XBTUSDT,1,34332,0.0151084628751,1
3.54662444444,2022-01-24T16:32:47.848Z,XBTUSDT,1,34382.5,0.0165783130258,1
3.54761194444,2022-01-24T16:32:51.403Z,XBTUSDT,1,34349,0.0156035051822,1
3.54821333333,2022-01-24T16:32:53.568Z,XBTUSDT,1,34349,0.0156035051822,1
3.54822333333,2022-01-24T16:32:53.604Z,XBTUSDT,1,34349,0.0156035051822,1
3.54825,2022-01-24T16:32:53.700Z,XBTUSDT,1,34349,0.0156035051822,1
3.54889972222,2022-01-24T16:32:56.039Z,XBTUSDT,1,34353,0.0157199501184,1
3.54997555556,2022-01-24T16:32:59.912Z,XBTUSDT,1,34332.5,0.0151230264414,1
3.55108138889,2022-01-24T16:33:03.893Z,XBTUSDT,1,34336.5,0.0152395273371,1
3.55255305556,2022-01-24T16:33:09.191Z,XBTUSDT,1,34311.5,0.0145111739661,1
3.55728138889,2022-01-24T16:33:26.213Z,XBTUSDT,1,34317,0.0146714572307,1
3.55860888889,2022-01-24T16:33:30.992Z,XBTUSDT,1,34325,0.0149045506731,1
3.56006166667,2022-01-24T16:33:36.222Z,XBTUSDT,1,34333.5,0.0151521529378,1
3.56138805556,2022-01-24T16:33:40.997Z,XBTUSDT,1,34302.5,0.0142488368323,1
3.56287555556,2022-01-24T16:33:46.352Z,XBTUSDT,1,34288,0.0138260377503,1
3.56409833333,2022-01-24T16:33:50.754Z,XBTUSDT,1,34311.5,0.0145111739661,1
3.5655825,2022-01-24T16:33:56.097Z,XBTUSDT,1,34291.5,0.0139281090691,1
3.56570055556,2022-01-24T16:33:56.522Z,XBTUSDT,1,34266.5,0.013198799547,1
3.56570583333,2022-01-24T16:33:56.541Z,XBTUSDT,1,34266.5,0.013198799547,1
3.56653805556,2022-01-24T16:33:59.537Z,XBTUSDT,1,34274.5,0.013432236469,1
3.56658666667,2022-01-24T16:33:59.712Z,XBTUSDT,1,34276.5,0.013490587186,1
3.56658722222,2022-01-24T16:33:59.714Z,XBTUSDT,1,34276.5,0.013490587186,1
3.566615,2022-01-24T16:33:59.814Z,XBTUSDT,1,34282.5,0.013665618911,1
3.56676305556,2022-01-24T16:34:00.347Z,XBTUSDT,1,34281,0.0136218638518,2
3.56692944444,2022-01-24T16:34:00.946Z,XBTUSDT,1,34253.5,0.0128193482873,1
3.5669775,2022-01-24T16:34:01.119Z,XBTUSDT,1,34252.5,0.0127901537642,1
3.56704722222,2022-01-24T16:34:01.370Z,XBTUSDT,1,34252.5,0.0127901537642,1
3.56704777778,2022-01-24T16:34:01.372Z,XBTUSDT,1,34252.5,0.0127901537642,1
3.56710833333,2022-01-24T16:34:01.590Z,XBTUSDT,1,34252.0714286,0.0127776415648,2
3.56711333333,2022-01-24T16:34:01.608Z,XBTUSDT,1,34252,0.012775556183,1
3.56712,2022-01-24T16:34:01.632Z,XBTUSDT,1,34252,0.012775556183,1
3.56712361111,2022-01-24T16:34:01.645Z,XBTUSDT,1,34252,0.012775556183,1
3.56713527778,2022-01-24T16:34:01.687Z,XBTUSDT,1,34252,0.012775556183,1
3.56714527778,2022-01-24T16:34:01.723Z,XBTUSDT,1,34252,0.012775556183,1
3.56714666667,2022-01-24T16:34:01.728Z,XBTUSDT,1,34252,0.012775556183,1
3.56722083333,2022-01-24T16:34:01.995Z,XBTUSDT,1,34252,0.012775556183,1
3.56806833333,2022-01-24T16:34:05.046Z,XBTUSDT,1,34254.5,0.0128485419581,2
3.56910527778,2022-01-24T16:34:08.779Z,XBTUSDT,1,34292.5,0.0139572703895,1
3.57172805556,2022-01-24T16:34:18.221Z,XBTUSDT,1,34276.5,0.013490587186,1
3.57173222222,2022-01-24T16:34:18.236Z,XBTUSDT,1,34276.5,0.013490587186,1
3.57230527778,2022-01-24T16:34:20.299Z,XBTUSDT,1,34276.5,0.013490587186,1
3.57558083333,2022-01-24T16:34:32.091Z,XBTUSDT,1,34295.5,0.0140447492488,1
3.57697777778,2022-01-24T16:34:37.120Z,XBTUSDT,1,34276.5,0.013490587186,1
3.57814444444,2022-01-24T16:34:41.320Z,XBTUSDT,1,34276.5,0.013490587186,1
3.57864055556,2022-01-24T16:34:43.106Z,XBTUSDT,1,34267.7,0.0132338185594,2
3.57974472222,2022-01-24T16:34:47.081Z,XBTUSDT,1,34295,0.0140301699704,1
3.5814225,2022-01-24T16:34:53.121Z,XBTUSDT,1,34290.5,0.0138989468982,1
3.58241388889,2022-01-24T16:34:56.690Z,XBTUSDT,1,34267.5,0.0132279821425,1
3.58350416667,2022-01-24T16:35:00.615Z,XBTUSDT,1,34255.2,0.0128689770206,2
3.58462138889,2022-01-24T16:35:04.637Z,XBTUSDT,1,34313,0.0145548901317,1
3.58621138889,2022-01-24T16:35:10.361Z,XBTUSDT,1,34304.5,0.0143071399209,1
3.58740444444,2022-01-24T16:35:14.656Z,XBTUSDT,1,34266,0.0131842079299,1
3.58841833333,2022-01-24T16:35:18.306Z,XBTUSDT,1,34269.5,0.0132863447787,1
3.58961777778,2022-01-24T16:35:22.624Z,XBTUSDT,1,34301.5,0.0142196840132,1
3.59089083333,2022-01-24T16:35:27.207Z,XBTUSDT,1,34311.5,0.0145111739661,1
3.59196111111,2022-01-24T16:35:31.060Z,XBTUSDT,1,34278.5,0.0135489344984,1
3.59303416667,2022-01-24T16:35:34.923Z,XBTUSDT,1,34285,0.0137385397554,1
3.59396611111,2022-01-24T16:35:38.278Z,XBTUSDT,1,34346,0.0155161625808,1
3.59544083333,2022-01-24T16:35:43.587Z,XBTUSDT,1,34351.5,0.0156762848563,1
3.59637444444,2022-01-24T16:35:46.948Z,XBTUSDT,1,34311.5,0.0145111739661,1
3.59704777778,2022-01-24T16:35:49.372Z,XBTUSDT,1,34310,0.0144674558894,1
3.59704916667,2022-01-24T16:35:49.377Z,XBTUSDT,1,34310,0.0144674558894,1
3.59704972222,2022-01-24T16:35:49.379Z,XBTUSDT,1,34310,0.0144674558894,1
3.59705138889,2022-01-24T16:35:49.385Z,XBTUSDT,1,34310,0.0144674558894,1
3.59705194444,2022-01-24T16:35:49.387Z,XBTUSDT,1,34310,0.0144674558894,1
3.59705305556,2022-01-24T16:35:49.391Z,XBTUSDT,1,34310,0.0144674558894,1
3.59749027778,2022-01-24T16:35:50.965Z,XBTUSDT,1,34310,0.0144674558894,1
3.59826888889,2022-01-24T16:35:53.768Z,XBTUSDT,1,34310,0.0144674558894,1
3.59860666667,2022-01-24T16:35:54.984Z,XBTUSDT,1,34313.5,0.0145694617622,1
3.59966333333,2022-01-24T16:35:58.788Z,XBTUSDT,1,34305.5,0.0143362901905,1
3.60128972222,2022-01-24T16:36:04.643Z,XBTUSDT,1,34260,0.0130090919151,1
3.60247916667,2022-01-24T16:36:08.925Z,XBTUSDT,1,34261.5,0.0130528737937,1
3.60330416667,2022-01-24T16:36:11.895Z,XBTUSDT,1,34260.5,0.0130236860876,1
3.60330666667,2022-01-24T16:36:11.904Z,XBTUSDT,1,34260.5,0.0130236860876,1
3.60365916667,2022-01-24T16:36:13.173Z,XBTUSDT,1,34271.5,0.013344704009,1
3.60415472222,2022-01-24T16:36:14.957Z,XBTUSDT,1,34257.5,0.0129361178573,2
3.60416,2022-01-24T16:36:14.976Z,XBTUSDT,1,34252.1486486,0.0127798960267,2
3.60417694444,2022-01-24T16:36:15.037Z,XBTUSDT,1,34252,0.012775556183,1
3.60421666667,2022-01-24T16:36:15.180Z,XBTUSDT,1,34252,0.012775556183,1
3.60422138889,2022-01-24T16:36:15.197Z,XBTUSDT,1,34252,0.012775556183,1
3.60423805556,2022-01-24T16:36:15.257Z,XBTUSDT,1,34252,0.012775556183,1
3.60424111111,2022-01-24T16:36:15.268Z,XBTUSDT,1,34252,0.012775556183,1
3.60427777778,2022-01-24T16:36:15.400Z,XBTUSDT,1,34252,0.012775556183,1
3.60428583333,2022-01-24T16:36:15.429Z,XBTUSDT,1,34252,0.012775556183,1
3.60431055556,2022-01-24T16:36:15.518Z,XBTUSDT,1,34252,0.012775556183,1
3.60431111111,2022-01-24T16:36:15.520Z,XBTUSDT,1,34252,0.012775556183,1
3.60432583333,2022-01-24T16:36:15.573Z,XBTUSDT,1,34252,0.012775556183,1
3.60434416667,2022-01-24T16:36:15.639Z,XBTUSDT,1,34252,0.012775556183,1
3.60441416667,2022-01-24T16:36:15.891Z,XBTUSDT,1,34252,0.012775556183,1
3.604415,2022-01-24T16:36:15.894Z,XBTUSDT,1,34252,0.012775556183,1
3.60458722222,2022-01-24T16:36:16.514Z,XBTUSDT,1,34252,0.012775556183,1
3.60461861111,2022-01-24T16:36:16.627Z,XBTUSDT,1,34252,0.012775556183,1
3.60486194444,2022-01-24T16:36:17.503Z,XBTUSDT,1,34252,0.012775556183,1
3.60561861111,2022-01-24T16:36:20.227Z,XBTUSDT,1,34252,0.012775556183,1
3.60562083333,2022-01-24T16:36:20.235Z,XBTUSDT,1,34252,0.012775556183,1
3.60562194444,2022-01-24T16:36:20.239Z,XBTUSDT,1,34252,0.012775556183,1
3.60566444444,2022-01-24T16:36:20.392Z,XBTUSDT,1,34252,0.012775556183,1
3.60577888889,2022-01-24T16:36:20.804Z,XBTUSDT,1,34252,0.012775556183,1
3.60606527778,2022-01-24T16:36:21.835Z,XBTUSDT,1,34252,0.012775556183,1
3.6060675,2022-01-24T16:36:21.843Z,XBTUSDT,1,34252,0.012775556183,1
3.60607277778,2022-01-24T16:36:21.862Z,XBTUSDT,1,34252,0.012775556183,1
3.60609666667,2022-01-24T16:36:21.948Z,XBTUSDT,1,34252,0.012775556183,1
3.60609777778,2022-01-24T16:36:21.952Z,XBTUSDT,1,34252,0.012775556183,1
3.60609833333,2022-01-24T16:36:21.954Z,XBTUSDT,1,34252,0.012775556183,1
3.6061,2022-01-24T16:36:21.960Z,XBTUSDT,1,34252,0.012775556183,1
3.60610666667,2022-01-24T16:36:21.984Z,XBTUSDT,1,34252,0.012775556183,1
3.60610805556,2022-01-24T16:36:21.989Z,XBTUSDT,1,34252,0.012775556183,1
3.60610861111,2022-01-24T16:36:21.991Z,XBTUSDT,1,34252,0.012775556183,1
3.60611,2022-01-24T16:36:21.996Z,XBTUSDT,1,34252,0.012775556183,1
3.60612166667,2022-01-24T16:36:22.038Z,XBTUSDT,1,34252,0.012775556183,1
3.60615083333,2022-01-24T16:36:22.143Z,XBTUSDT,1,34252,0.012775556183,1
3.60615138889,2022-01-24T16:36:22.145Z,XBTUSDT,1,34252,0.012775556183,1
3.60615222222,2022-01-24T16:36:22.148Z,XBTUSDT,1,34252,0.012775556183,1
3.60615388889,2022-01-24T16:36:22.154Z,XBTUSDT,1,34252,0.012775556183,1
3.60615916667,2022-01-24T16:36:22.173Z,XBTUSDT,1,34252,0.012775556183,1
3.60616111111,2022-01-24T16:36:22.180Z,XBTUSDT,1,34252,0.012775556183,1
3.60616222222,2022-01-24T16:36:22.184Z,XBTUSDT,1,34252,0.012775556183,1
3.60616388889,2022-01-24T16:36:22.190Z,XBTUSDT,1,34252,0.012775556183,1
3.60623,2022-01-24T16:36:22.428Z,XBTUSDT,1,34252,0.012775556183,1
3.60691,2022-01-24T16:36:24.876Z,XBTUSDT,1,34255,0.0128631384739,1
3.60746083333,2022-01-24T16:36:26.859Z,XBTUSDT,1,34255,0.0128631384739,1
3.60755638889,2022-01-24T16:36:27.203Z,XBTUSDT,1,34254.5,0.0128485419581,1
3.60826555556,2022-01-24T16:36:29.756Z,XBTUSDT,1,34255,0.0128631384739,1
3.60854388889,2022-01-24T16:36:30.758Z,XBTUSDT,1,34255,0.0128631384739,1
3.60965777778,2022-01-24T16:36:34.768Z,XBTUSDT,1,34256,0.0128923308664,1
3.61019388889,2022-01-24T16:36:36.698Z,XBTUSDT,1,34271,0.0133301145207,1
3.61019472222,2022-01-24T16:36:36.701Z,XBTUSDT,1,34271,0.0133301145207,1
3.61020055556,2022-01-24T16:36:36.722Z,XBTUSDT,1,34271,0.0133301145207,1
3.61024222222,2022-01-24T16:36:36.872Z,XBTUSDT,1,34281.5,0.0136364490842,1
3.61209416667,2022-01-24T16:36:43.539Z,XBTUSDT,1,34297,0.014088485809,1
3.61365555556,2022-01-24T16:36:49.160Z,XBTUSDT,1,34279.5,0.013578106878,1
3.6140775,2022-01-24T16:36:50.679Z,XBTUSDT,1,34279.5,0.013578106878,1
3.6152225,2022-01-24T16:36:54.801Z,XBTUSDT,1,34275.5,0.0134614122531,1
3.61640527778,2022-01-24T16:36:59.059Z,XBTUSDT,1,34276.5,0.013490587186,1
3.6174075,2022-01-24T16:37:02.667Z,XBTUSDT,1,34298.5,0.0141322204563,1
3.61745666667,2022-01-24T16:37:02.844Z,XBTUSDT,1,34314,0.0145840331803,1
3.61762583333,2022-01-24T16:37:03.453Z,XBTUSDT,1,34311.5,0.0145111739661,1
3.61771527778,2022-01-24T16:37:03.775Z,XBTUSDT,1,34311.5,0.0145111739661,1
3.61773638889,2022-01-24T16:37:03.851Z,XBTUSDT,1,34311.5,0.0145111739661,1
3.61773666667,2022-01-24T16:37:03.852Z,XBTUSDT,1,34311.5,0.0145111739661,1
3.61773805556,2022-01-24T16:37:03.857Z,XBTUSDT,1,34311.5,0.0145111739661,1
3.61774555556,2022-01-24T16:37:03.884Z,XBTUSDT,1,34311.5,0.0145111739661,1
3.61775,2022-01-24T16:37:03.900Z,XBTUSDT,1,34311.5,0.0145111739661,1
3.61775277778,2022-01-24T16:37:03.910Z,XBTUSDT,1,34311.5,0.0145111739661,1
3.61776111111,2022-01-24T16:37:03.940Z,XBTUSDT,1,34311.5,0.0145111739661,1
3.61817833333,2022-01-24T16:37:05.442Z,XBTUSDT,1,34310,0.0144674558894,1
3.61817888889,2022-01-24T16:37:05.444Z,XBTUSDT,1,34310,0.0144674558894,1
3.61818083333,2022-01-24T16:37:05.451Z,XBTUSDT,1,34310,0.0144674558894,1
3.61818138889,2022-01-24T16:37:05.453Z,XBTUSDT,1,34310,0.0144674558894,1
3.61818277778,2022-01-24T16:37:05.458Z,XBTUSDT,1,34310,0.0144674558894,1
3.61904638889,2022-01-24T16:37:08.567Z,XBTUSDT,1,34332,0.0151084628751,1
3.62094416667,2022-01-24T16:37:15.399Z,XBTUSDT,1,34308.5,0.0144237359014,1
3.62125611111,2022-01-24T16:37:16.522Z,XBTUSDT,1,34308.5,0.0144237359014,1
3.62128888889,2022-01-24T16:37:16.640Z,XBTUSDT,1,34308.5,0.0144237359014,1
3.6224625,2022-01-24T16:37:20.865Z,XBTUSDT,1,34281.5,0.0136364490842,1
3.62385611111,2022-01-24T16:37:25.882Z,XBTUSDT,1,34314,0.0145840331803,1
3.6246975,2022-01-24T16:37:28.911Z,XBTUSDT,1,34281.5,0.0136364490842,1
3.62472805556,2022-01-24T16:37:29.021Z,XBTUSDT,1,34281.5,0.0136364490842,1
3.62473,2022-01-24T16:37:29.028Z,XBTUSDT,1,34281.5,0.0136364490842,1
3.62473138889,2022-01-24T16:37:29.033Z,XBTUSDT,1,34281.5,0.0136364490842,1
3.62473388889,2022-01-24T16:37:29.042Z,XBTUSDT,1,34281.5,0.0136364490842,1
3.62474083333,2022-01-24T16:37:29.067Z,XBTUSDT,1,34281.5,0.0136364490842,1
3.62474361111,2022-01-24T16:37:29.077Z,XBTUSDT,1,34281.5,0.0136364490842,1
3.62474694444,2022-01-24T16:37:29.089Z,XBTUSDT,1,34281.5,0.0136364490842,1
3.62474833333,2022-01-24T16:37:29.094Z,XBTUSDT,1,34281.5,0.0136364490842,1
3.62476027778,2022-01-24T16:37:29.137Z,XBTUSDT,1,34281.5,0.0136364490842,1
3.62476888889,2022-01-24T16:37:29.168Z,XBTUSDT,1,34281.5,0.0136364490842,1
3.62481305556,2022-01-24T16:37:29.327Z,XBTUSDT,1,34281.5,0.0136364490842,1
3.62481388889,2022-01-24T16:37:29.330Z,XBTUSDT,1,34281.5,0.0136364490842,1
3.62482,2022-01-24T16:37:29.352Z,XBTUSDT,1,34281.5,0.0136364490842,1
3.62483305556,2022-01-24T16:37:29.399Z,XBTUSDT,1,34281.5,0.0136364490842,1
3.62483416667,2022-01-24T16:37:29.403Z,XBTUSDT,1,34281.5,0.0136364490842,1
3.62483722222,2022-01-24T16:37:29.414Z,XBTUSDT,1,34281.5,0.0136364490842,1
3.62484333333,2022-01-24T16:37:29.436Z,XBTUSDT,1,34281.5,0.0136364490842,1
3.62484444444,2022-01-24T16:37:29.440Z,XBTUSDT,1,34281.5,0.0136364490842,1
3.62484805556,2022-01-24T16:37:29.453Z,XBTUSDT,1,34281.5,0.0136364490842,1
3.62509583333,2022-01-24T16:37:30.345Z,XBTUSDT,1,34275.5,0.0134614122531,1
3.62608972222,2022-01-24T16:37:33.923Z,XBTUSDT,1,34221.6666667,0.0118895707584,2
3.62719,2022-01-24T16:37:37.884Z,XBTUSDT,1,34185.5,0.010832176576,1
3.62836444444,2022-01-24T16:37:42.112Z,XBTUSDT,1,34227,0.0120454053014,1
3.62935611111,2022-01-24T16:37:45.682Z,XBTUSDT,1,34226,0.0120161881743,1
3.63026888889,2022-01-24T16:37:48.968Z,XBTUSDT,1,34189.5,0.0109491784042,1
3.63038555556,2022-01-24T16:37:49.388Z,XBTUSDT,1,34190.5,0.0109784267225,1
3.63149416667,2022-01-24T16:37:53.379Z,XBTUSDT,1,34179.5,0.0106566481618,1
3.63231055556,2022-01-24T16:37:56.318Z,XBTUSDT,1,34135.5,0.00936849750433,1
3.63247361111,2022-01-24T16:37:56.905Z,XBTUSDT,1,34176.5,0.0105688723996,1
3.63335805556,2022-01-24T16:38:00.089Z,XBTUSDT,1,34195.5,0.011124655483,1
3.634355,2022-01-24T16:38:03.678Z,XBTUSDT,1,34166.5,0.0102762308688,1
3.63539277778,2022-01-24T16:38:07.414Z,XBTUSDT,1,34159,0.0100566935063,1
3.63636333333,2022-01-24T16:38:10.908Z,XBTUSDT,1,34190.5,0.0109784267225,1
3.63754638889,2022-01-24T16:38:15.167Z,XBTUSDT,1,34170.5,0.010393297758,1
3.63772944444,2022-01-24T16:38:15.826Z,XBTUSDT,1,34162.5,0.0101591502733,1
3.63929083333,2022-01-24T16:38:21.447Z,XBTUSDT,1,34195.5,0.011124655483,1
3.63929861111,2022-01-24T16:38:21.475Z,XBTUSDT,1,34195.5,0.011124655483,1
3.63935416667,2022-01-24T16:38:21.675Z,XBTUSDT,1,34195.5,0.011124655483,1
3.64030888889,2022-01-24T16:38:25.112Z,XBTUSDT,1,34232.5,0.0122060842433,1
3.64221444444,2022-01-24T16:38:31.972Z,XBTUSDT,1,34204,0.0113731953128,1
3.64361694444,2022-01-24T16:38:37.021Z,XBTUSDT,1,34212.5,0.0116216733859,1
3.64501194444,2022-01-24T16:38:42.043Z,XBTUSDT,1,34231,0.0121622652741,1
3.64658916667,2022-01-24T16:38:47.721Z,XBTUSDT,1,34202.5,0.0113293398312,1
3.64817305556,2022-01-24T16:38:53.423Z,XBTUSDT,1,34220.5,0.0118554787148,1
3.65790388889,2022-01-24T16:39:28.454Z,XBTUSDT,1,34219.5,0.011826256038,1
3.65821611111,2022-01-24T16:39:29.578Z,XBTUSDT,1,34180.5,0.0106859050372,1
3.66474833333,2022-01-24T16:39:53.094Z,XBTUSDT,1,34207.7191406,0.0114819234861,5
3.66612638889,2022-01-24T16:39:58.055Z,XBTUSDT,1,34209.3358663,0.0115291843814,2
3.68404138889,2022-01-24T16:41:02.549Z,XBTUSDT,1,34185.5,0.010832176576,1
3.68536944444,2022-01-24T16:41:07.330Z,XBTUSDT,1,34151.5,0.00983710793655,1
3.68693694444,2022-01-24T16:41:12.973Z,XBTUSDT,1,34131,0.00923666124477,1
3.68804694444,2022-01-24T16:41:16.969Z,XBTUSDT,1,34160.5,0.0101006048347,1
3.69013416667,2022-01-24T16:41:24.483Z,XBTUSDT,1,34106.2775,0.00851205727499,3
3.69090277778,2022-01-24T16:41:27.250Z,XBTUSDT,1,34102,0.00838663261504,1
3.69197055556,2022-01-24T16:41:31.094Z,XBTUSDT,1,34157.5,0.0100127802496,1
3.69347333333,2022-01-24T16:41:36.504Z,XBTUSDT,1,34156.5,0.00998350367377,1
3.69488638889,2022-01-24T16:41:41.591Z,XBTUSDT,1,34131.5,0.00925131057639,1
3.69636972222,2022-01-24T16:41:46.931Z,XBTUSDT,1,34132,0.00926595969342,1
3.69748722222,2022-01-24T16:41:50.954Z,XBTUSDT,1,34159.5,0.01007133083,1
3.69855111111,2022-01-24T16:41:54.784Z,XBTUSDT,1,34169.5,0.0103640323205,1
3.701025,2022-01-24T16:42:03.690Z,XBTUSDT,1,34148.5,0.0097492602059,1
3.72303138889,2022-01-24T16:43:22.913Z,XBTUSDT,1,34119.6968954,0.00890543811614,5
3.72304416667,2022-01-24T16:43:22.959Z,XBTUSDT,1,34111.3394737,0.00866046391591,2
3.72310888889,2022-01-24T16:43:23.192Z,XBTUSDT,1,34112,0.00867982756246,1
3.72311666667,2022-01-24T16:43:23.220Z,XBTUSDT,1,34088.2077805,0.0079821106117,6
3.72316777778,2022-01-24T16:43:23.404Z,XBTUSDT,1,34086.5588235,0.00793373620541,2
3.72318444444,2022-01-24T16:43:23.464Z,XBTUSDT,1,34086.5,0.00793201049351,1
3.72318638889,2022-01-24T16:43:23.471Z,XBTUSDT,1,34086.5,0.00793201049351,1
3.72326083333,2022-01-24T16:43:23.739Z,XBTUSDT,1,34076.5879945,0.00764117843709,5
3.72326638889,2022-01-24T16:43:23.759Z,XBTUSDT,1,34075,0.00759457660168,1
3.72326722222,2022-01-24T16:43:23.762Z,XBTUSDT,1,34075,0.00759457660168,1
3.7233775,2022-01-24T16:43:24.159Z,XBTUSDT,1,34074,0.00756522914243,1
3.72355305556,2022-01-24T16:43:24.791Z,XBTUSDT,1,34074,0.00756522914243,1
3.72357944444,2022-01-24T16:43:24.886Z,XBTUSDT,1,34074,0.00756522914243,1
3.72358277778,2022-01-24T16:43:24.898Z,XBTUSDT,1,34074,0.00756522914243,1
3.72358444444,2022-01-24T16:43:24.904Z,XBTUSDT,1,34074,0.00756522914243,1
3.72359,2022-01-24T16:43:24.924Z,XBTUSDT,1,34074,0.00756522914243,1
3.72359222222,2022-01-24T16:43:24.932Z,XBTUSDT,1,34074,0.00756522914243,1
3.72402083333,2022-01-24T16:43:26.475Z,XBTUSDT,1,34073.0274725,0.00753668710593,3
3.72440027778,2022-01-24T16:43:27.841Z,XBTUSDT,1,34051,0.00688999975898,1
3.72503333333,2022-01-24T16:43:30.120Z,XBTUSDT,1,34050.76,0.00688295148299,2
3.72797555556,2022-01-24T16:43:40.712Z,XBTUSDT,1,34050.4183673,0.00687291839218,2
3.72798916667,2022-01-24T16:43:40.761Z,XBTUSDT,1,34050,0.0068606316146,1
3.72836083333,2022-01-24T16:43:42.099Z,XBTUSDT,1,34050,0.0068606316146,1
3.75526777778,2022-01-24T16:45:18.964Z,XBTUSDT,1,34153,0.00988102890809,1
3.75526944444,2022-01-24T16:45:18.970Z,XBTUSDT,1,34153,0.00988102890809,1
3.75527111111,2022-01-24T16:45:18.976Z,XBTUSDT,1,34153,0.00988102890809,1
3.75527333333,2022-01-24T16:45:18.984Z,XBTUSDT,1,34153,0.00988102890809,1
3.76772361111,2022-01-24T16:46:03.805Z,XBTUSDT,1,34090.5,0.00804935211912,1
3.76776361111,2022-01-24T16:46:03.949Z,XBTUSDT,1,34090.5,0.00804935211912,1
3.77633805556,2022-01-24T16:46:34.817Z,XBTUSDT,1,34041,0.00659627949604,1
3.77778083333,2022-01-24T16:46:40.011Z,XBTUSDT,1,34011.7575,0.00573687268068,5
3.77792555556,2022-01-24T16:46:40.532Z,XBTUSDT,1,33991.5,0.00514109238003,1
3.77912444444,2022-01-24T16:46:44.848Z,XBTUSDT,1,33981.4840741,0.00484638923775,5
3.79033083333,2022-01-24T16:47:25.191Z,XBTUSDT,1,34007,0.00559698479732,1
3.79874416667,2022-01-24T16:47:55.479Z,XBTUSDT,1,33975.5,0.00467027565146,1
3.79874555556,2022-01-24T16:47:55.484Z,XBTUSDT,1,33975.5,0.00467027565146,1
3.79875944444,2022-01-24T16:47:55.534Z,XBTUSDT,1,33953.775,0.00403063977309,3
3.80241027778,2022-01-24T16:48:08.677Z,XBTUSDT,1,33956.85,0.00412119997636,2
3.80264222222,2022-01-24T16:48:09.512Z,XBTUSDT,1,33956,0.0040961678948,1
3.802805,2022-01-24T16:48:10.098Z,XBTUSDT,1,33962,0.00427285154319,1
3.80281944444,2022-01-24T16:48:10.150Z,XBTUSDT,1,33945.5904523,0.00378956100236,4
3.80322138889,2022-01-24T16:48:11.597Z,XBTUSDT,1,33953,0.00400781436281,1
3.80380666667,2022-01-24T16:48:13.704Z,XBTUSDT,1,33937.5775,0.0035534803202,2
3.80401833333,2022-01-24T16:48:14.466Z,XBTUSDT,1,33931.5,0.00337438550294,1
3.80739388889,2022-01-24T16:48:26.618Z,XBTUSDT,1,33915,0.00288799341712,1
3.80749111111,2022-01-24T16:48:26.968Z,XBTUSDT,1,33883.65,0.00196319617605,2
3.80751444444,2022-01-24T16:48:27.052Z,XBTUSDT,1,33879,0.00182595242872,1
3.80751777778,2022-01-24T16:48:27.064Z,XBTUSDT,1,33875.4979167,0.00172257675791,5
3.81242305556,2022-01-24T16:48:44.723Z,XBTUSDT,1,33829.9725,0.000377768923398,4
3.81262305556,2022-01-24T16:48:45.443Z,XBTUSDT,1,33829.5,0.000363801921216,1
3.81374277778,2022-01-24T16:48:49.474Z,XBTUSDT,1,33827.6025,0.000307710249229,4
3.81401083333,2022-01-24T16:48:50.439Z,XBTUSDT,1,33821,0.00011251035516,1
3.81715388889,2022-01-24T16:49:01.754Z,XBTUSDT,1,33839.5,0.000659358234234,1
3.81716,2022-01-24T16:49:01.776Z,XBTUSDT,1,33839.5,0.000659358234234,1
3.81953638889,2022-01-24T16:49:10.331Z,XBTUSDT,1,33843.5,0.000777556304786,1
3.82507277778,2022-01-24T16:49:30.262Z,XBTUSDT,1,33843,0.000762782309973,1
3.82509138889,2022-01-24T16:49:30.329Z,XBTUSDT,1,33843,0.000762782309973,1
3.82509444444,2022-01-24T16:49:30.340Z,XBTUSDT,1,33843,0.000762782309973,1
3.82509611111,2022-01-24T16:49:30.346Z,XBTUSDT,1,33843,0.000762782309973,1
3.82509694444,2022-01-24T16:49:30.349Z,XBTUSDT,1,33843,0.000762782309973,1
3.82509805556,2022-01-24T16:49:30.353Z,XBTUSDT,1,33843,0.000762782309973,1
3.8251,2022-01-24T16:49:30.360Z,XBTUSDT,1,33843,0.000762782309973,1
3.82510111111,2022-01-24T16:49:30.364Z,XBTUSDT,1,33843,0.000762782309973,1
3.8251025,2022-01-24T16:49:30.369Z,XBTUSDT,1,33843,0.000762782309973,1
3.82510361111,2022-01-24T16:49:30.373Z,XBTUSDT,1,33843,0.000762782309973,1
3.82512944444,2022-01-24T16:49:30.466Z,XBTUSDT,1,33843,0.000762782309973,1
3.82513277778,2022-01-24T16:49:30.478Z,XBTUSDT,1,33843,0.000762782309973,1
3.82754083333,2022-01-24T16:49:39.147Z,XBTUSDT,1,33801.5,-0.000464220778428,1
3.83354944444,2022-01-24T16:50:00.778Z,XBTUSDT,1,33795.5,-0.000641743450018,1
3.83363694444,2022-01-24T16:50:01.093Z,XBTUSDT,1,33763.15,-0.00159942991866,4
3.83365805556,2022-01-24T16:50:01.169Z,XBTUSDT,1,33760.5,-0.0016779209363,1
3.83367583333,2022-01-24T16:50:01.233Z,XBTUSDT,1,33760.5,-0.0016779209363,1
3.83369333333,2022-01-24T16:50:01.296Z,XBTUSDT,1,33760.5,-0.0016779209363,1
3.83371333333,2022-01-24T16:50:01.368Z,XBTUSDT,1,33759.6636364,-0.00170269468065,2
3.83373277778,2022-01-24T16:50:01.438Z,XBTUSDT,1,33758.5,-0.00173716351988,1
3.83381361111,2022-01-24T16:50:01.729Z,XBTUSDT,1,33759,-0.00172235254495,1
3.83390472222,2022-01-24T16:50:02.057Z,XBTUSDT,1,33759.5,-0.00170754178938,1
3.83447194444,2022-01-24T16:50:04.099Z,XBTUSDT,1,33793.5,-0.00070092467775,1
3.83529944444,2022-01-24T16:50:07.078Z,XBTUSDT,1,33838,0.000615030355684,1
3.83531666667,2022-01-24T16:50:07.140Z,XBTUSDT,1,33838.5,0.000629806533532,1
3.8353175,2022-01-24T16:50:07.143Z,XBTUSDT,1,33838.5,0.000629806533532,1
3.83531833333,2022-01-24T16:50:07.146Z,XBTUSDT,1,33838.5,0.000629806533532,1
3.83531972222,2022-01-24T16:50:07.151Z,XBTUSDT,1,33838.5,0.000629806533532,1
3.83532083333,2022-01-24T16:50:07.155Z,XBTUSDT,1,33838.5,0.000629806533532,1
3.8353225,2022-01-24T16:50:07.161Z,XBTUSDT,1,33838.5,0.000629806533532,1
3.83534555556,2022-01-24T16:50:07.244Z,XBTUSDT,1,33839.5,0.000659358234234,1
3.83762027778,2022-01-24T16:50:15.433Z,XBTUSDT,1,33868,0.00150121479911,1
3.8376725,2022-01-24T16:50:15.621Z,XBTUSDT,1,33875.5,0.00172263825762,1
3.83843638889,2022-01-24T16:50:18.371Z,XBTUSDT,1,33881.5,0.00189974173078,2
3.83853388889,2022-01-24T16:50:18.722Z,XBTUSDT,1,33881.5,0.00189974173078,1
3.83854166667,2022-01-24T16:50:18.750Z,XBTUSDT,1,33881.5,0.00189974173078,1
3.83854388889,2022-01-24T16:50:18.758Z,XBTUSDT,1,33881.5,0.00189974173078,1
3.83858694444,2022-01-24T16:50:18.913Z,XBTUSDT,1,33881.5,0.00189974173078,1
3.83860416667,2022-01-24T16:50:18.975Z,XBTUSDT,1,33880.5,0.00187022666334,1
3.83863,2022-01-24T16:50:19.068Z,XBTUSDT,1,33880.5,0.00187022666334,1
3.83863861111,2022-01-24T16:50:19.099Z,XBTUSDT,1,33880.5,0.00187022666334,1
3.85456555556,2022-01-24T16:51:16.436Z,XBTUSDT,1,33959,0.00418451362113,1
3.85494388889,2022-01-24T16:51:17.798Z,XBTUSDT,1,33959,0.00418451362113,1
3.85502555556,2022-01-24T16:51:18.092Z,XBTUSDT,1,33959,0.00418451362113,1
3.85543555556,2022-01-24T16:51:19.568Z,XBTUSDT,1,33959,0.00418451362113,1
3.85547861111,2022-01-24T16:51:19.723Z,XBTUSDT,1,33965.3555556,0.00437164990008,2
3.85551388889,2022-01-24T16:51:19.850Z,XBTUSDT,1,33965.5,0.00437590259035,1
3.8563,2022-01-24T16:51:22.680Z,XBTUSDT,1,33945,0.00377216677269,1
3.85989916667,2022-01-24T16:51:35.637Z,XBTUSDT,1,33954.5,0.0040519921046,1
3.85993138889,2022-01-24T16:51:35.753Z,XBTUSDT,1,33954.5,0.0040519921046,1
3.85995166667,2022-01-24T16:51:35.826Z,XBTUSDT,1,33954.5,0.0040519921046,1
3.85998416667,2022-01-24T16:51:35.943Z,XBTUSDT,1,33954.5,0.0040519921046,1
3.86000888889,2022-01-24T16:51:36.032Z,XBTUSDT,1,33954.5,0.0040519921046,1
3.86246833333,2022-01-24T16:51:44.886Z,XBTUSDT,1,33920,0.00303540994278,1
3.86246972222,2022-01-24T16:51:44.891Z,XBTUSDT,1,33920,0.00303540994278,1
3.86382888889,2022-01-24T16:51:49.784Z,XBTUSDT,1,33865.7692308,0.00143534605279,2
3.86401916667,2022-01-24T16:51:50.469Z,XBTUSDT,1,33864.5,0.00139786707082,1
3.86428305556,2022-01-24T16:51:51.419Z,XBTUSDT,1,33890,0.00215058463804,1
3.86431472222,2022-01-24T16:51:51.533Z,XBTUSDT,1,33890,0.00215058463804,1
3.86485638889,2022-01-24T16:51:53.483Z,XBTUSDT,1,33868.5,0.00151597788843,2
3.86509611111,2022-01-24T16:51:54.346Z,XBTUSDT,1,33868.5,0.00151597788843,1
3.86515194444,2022-01-24T16:51:54.547Z,XBTUSDT,1,33868.5,0.00151597788843,1
3.8653475,2022-01-24T16:51:55.251Z,XBTUSDT,1,33868.5,0.00151597788843,1
3.86545277778,2022-01-24T16:51:55.630Z,XBTUSDT,1,33868.5,0.00151597788843,1
3.86649388889,2022-01-24T16:51:59.378Z,XBTUSDT,1,33899.5,0.00243086403418,1
3.86994888889,2022-01-24T16:52:11.816Z,XBTUSDT,1,33874,0.00167835748801,1
3.87013583333,2022-01-24T16:52:12.489Z,XBTUSDT,1,33890.5,0.00216533814384,1
3.8703525,2022-01-24T16:52:13.269Z,XBTUSDT,1,33890.5,0.00216533814384,1
3.87035555556,2022-01-24T16:52:13.280Z,XBTUSDT,1,33890.5,0.00216533814384,1
3.87036555556,2022-01-24T16:52:13.316Z,XBTUSDT,1,33890.5,0.00216533814384,1
3.871045,2022-01-24T16:52:15.762Z,XBTUSDT,1,33911.5,0.00278478891732,1
3.87119361111,2022-01-24T16:52:16.297Z,XBTUSDT,1,33911.5,0.00278478891732,1
3.87285416667,2022-01-24T16:52:22.275Z,XBTUSDT,1,33911.5,0.00278478891732,1
3.87293,2022-01-24T16:52:22.548Z,XBTUSDT,1,33911.5,0.00278478891732,1
3.87293333333,2022-01-24T16:52:22.560Z,XBTUSDT,1,33911.5,0.00278478891732,1
3.87294277778,2022-01-24T16:52:22.594Z,XBTUSDT,1,33915,0.00288799341712,1
3.87372527778,2022-01-24T16:52:25.411Z,XBTUSDT,1,33925.5,0.00319754302492,1
3.87506861111,2022-01-24T16:52:30.247Z,XBTUSDT,1,33943,0.00371324619761,1
3.87766555556,2022-01-24T16:52:39.596Z,XBTUSDT,1,33950,0.00391945302379,1
3.88035222222,2022-01-24T16:52:49.268Z,XBTUSDT,1,33950,0.00391945302379,1
3.88037722222,2022-01-24T16:52:49.358Z,XBTUSDT,1,33950,0.00391945302379,1
3.88162388889,2022-01-24T16:52:53.846Z,XBTUSDT,1,33967,0.00442006407419,1
3.881625,2022-01-24T16:52:53.850Z,XBTUSDT,1,33967,0.00442006407419,1
3.88299694444,2022-01-24T16:52:58.789Z,XBTUSDT,1,33971.5,0.00455253682547,1
3.88299888889,2022-01-24T16:52:58.796Z,XBTUSDT,1,33971.5,0.00455253682547,1
3.88300861111,2022-01-24T16:52:58.831Z,XBTUSDT,1,33971.5,0.00455253682547,1
3.88315611111,2022-01-24T16:52:59.362Z,XBTUSDT,1,33981,0.00483214390577,1
3.88453166667,2022-01-24T16:53:04.314Z,XBTUSDT,1,33971.5,0.00455253682547,1
3.88453333333,2022-01-24T16:53:04.320Z,XBTUSDT,1,33971.5,0.00455253682547,1
3.88453472222,2022-01-24T16:53:04.325Z,XBTUSDT,1,33971.5,0.00455253682547,1
3.88453555556,2022-01-24T16:53:04.328Z,XBTUSDT,1,33971.5,0.00455253682547,1
3.88454305556,2022-01-24T16:53:04.355Z,XBTUSDT,1,33971.5,0.00455253682547,1
3.88610305556,2022-01-24T16:53:09.971Z,XBTUSDT,1,33974.5,0.00464084224454,1
3.88612944444,2022-01-24T16:53:10.066Z,XBTUSDT,1,33980,0.00480271526287,1
3.8861525,2022-01-24T16:53:10.149Z,XBTUSDT,1,33980,0.00480271526287,1
3.88807916667,2022-01-24T16:53:17.085Z,XBTUSDT,1,33992,0.00515580183159,1
3.88808138889,2022-01-24T16:53:17.093Z,XBTUSDT,1,33992,0.00515580183159,1
3.88835611111,2022-01-24T16:53:18.082Z,XBTUSDT,1,33992.5,0.00517051106678,1
3.8884325,2022-01-24T16:53:18.357Z,XBTUSDT,1,33998,0.00533229837566,1
3.88848833333,2022-01-24T16:53:18.558Z,XBTUSDT,1,33998,0.00533229837566,1
3.88922888889,2022-01-24T16:53:21.224Z,XBTUSDT,1,33998,0.00533229837566,1
3.89070972222,2022-01-24T16:53:26.555Z,XBTUSDT,1,34035,0.00642000591899,2
3.89074555556,2022-01-24T16:53:26.684Z,XBTUSDT,1,34042.5,0.00664034303567,1
3.89080416667,2022-01-24T16:53:26.895Z,XBTUSDT,1,34042,0.00662565540486,2
3.89083972222,2022-01-24T16:53:27.023Z,XBTUSDT,1,34042.5,0.00664034303567,1
3.89084055556,2022-01-24T16:53:27.026Z,XBTUSDT,1,34042.5,0.00664034303567,1
3.89084972222,2022-01-24T16:53:27.059Z,XBTUSDT,1,34042.5,0.00664034303567,1
3.89085111111,2022-01-24T16:53:27.064Z,XBTUSDT,1,34042.5,0.00664034303567,1
3.89085166667,2022-01-24T16:53:27.066Z,XBTUSDT,1,34042.5,0.00664034303567,1
3.89146222222,2022-01-24T16:53:29.264Z,XBTUSDT,1,34072.6,0.00752414125249,2
3.89147611111,2022-01-24T16:53:29.314Z,XBTUSDT,1,34074,0.00756522914243,1
3.89199444444,2022-01-24T16:53:31.180Z,XBTUSDT,1,34043,0.00665503045076,1
3.89513027778,2022-01-24T16:53:42.469Z,XBTUSDT,1,34023,0.00606736552038,1
3.89513361111,2022-01-24T16:53:42.481Z,XBTUSDT,1,34023,0.00606736552038,1
3.895135,2022-01-24T16:53:42.486Z,XBTUSDT,1,34023,0.00606736552038,1
3.8952425,2022-01-24T16:53:42.873Z,XBTUSDT,1,34028.5,0.00622900780636,1
3.89526222222,2022-01-24T16:53:42.944Z,XBTUSDT,1,34028.5,0.00622900780636,1
3.89530416667,2022-01-24T16:53:43.095Z,XBTUSDT,1,34028.5,0.00622900780636,1
3.89532888889,2022-01-24T16:53:43.184Z,XBTUSDT,1,34028.5,0.00622900780636,1
3.89535694444,2022-01-24T16:53:43.285Z,XBTUSDT,1,34028.5,0.00622900780636,1
3.89738555556,2022-01-24T16:53:50.588Z,XBTUSDT,1,34039.5,0.00655221401473,1
3.89805666667,2022-01-24T16:53:53.004Z,XBTUSDT,1,34039.5,0.00655221401473,1
3.89812083333,2022-01-24T16:53:53.235Z,XBTUSDT,1,34040.3333333,0.0065766950774,2
3.90275861111,2022-01-24T16:54:09.931Z,XBTUSDT,1,34044.5,0.00669909140175,1
3.90279611111,2022-01-24T16:54:10.066Z,XBTUSDT,1,34044.5,0.00669909140175,1
3.9039375,2022-01-24T16:54:14.175Z,XBTUSDT,1,34044.5,0.00669909140175,1
3.90486305556,2022-01-24T16:54:17.507Z,XBTUSDT,1,34074.5,0.00757990297971,1
3.90550666667,2022-01-24T16:54:19.824Z,XBTUSDT,1,34086,0.00791734182213,1
3.90551916667,2022-01-24T16:54:19.869Z,XBTUSDT,1,34083.5,0.00784399523748,1
3.90553888889,2022-01-24T16:54:19.940Z,XBTUSDT,1,34083.5,0.00784399523748,1
3.90554638889,2022-01-24T16:54:19.967Z,XBTUSDT,1,34085.5,0.00790267293557,1
3.90564333333,2022-01-24T16:54:20.316Z,XBTUSDT,1,34085.5,0.00790267293557,1
3.90653611111,2022-01-24T16:54:23.530Z,XBTUSDT,1,34063.5,0.00725702880978,1
3.90843555556,2022-01-24T16:54:30.368Z,XBTUSDT,1,34104,0.00844527848199,1
3.90849777778,2022-01-24T16:54:30.592Z,XBTUSDT,1,34104,0.00844527848199,1
3.9133375,2022-01-24T16:54:48.015Z,XBTUSDT,1,34134.215,0.00933085270091,7
3.91784111111,2022-01-24T16:55:04.228Z,XBTUSDT,1,34200.5,0.0112708628638,1
3.91784194444,2022-01-24T16:55:04.231Z,XBTUSDT,1,34200.5,0.0112708628638,1
3.91789805556,2022-01-24T16:55:04.433Z,XBTUSDT,1,34219,0.0118116443793,1
3.91789972222,2022-01-24T16:55:04.439Z,XBTUSDT,1,34219,0.0118116443793,1
3.91792055556,2022-01-24T16:55:04.514Z,XBTUSDT,1,34219,0.0118116443793,1
3.91793722222,2022-01-24T16:55:04.574Z,XBTUSDT,1,34219,0.0118116443793,1
3.91848611111,2022-01-24T16:55:06.550Z,XBTUSDT,1,34241.2389758,0.0124613346794,2
3.92000916667,2022-01-24T16:55:12.033Z,XBTUSDT,1,34227.4166667,0.0120575788524,2
3.92009972222,2022-01-24T16:55:12.359Z,XBTUSDT,1,34237,0.0123375296316,1
3.92011555556,2022-01-24T16:55:12.416Z,XBTUSDT,1,34240,0.0124251502926,1
3.92057666667,2022-01-24T16:55:14.076Z,XBTUSDT,1,34237,0.0123375296316,1
3.92057888889,2022-01-24T16:55:14.084Z,XBTUSDT,1,34237,0.0123375296316,1
3.92268388889,2022-01-24T16:55:21.662Z,XBTUSDT,1,34220.5,0.0118554787148,1
3.92325194444,2022-01-24T16:55:23.707Z,XBTUSDT,1,34220.5,0.0118554787148,1
3.93506611111,2022-01-24T16:56:06.238Z,XBTUSDT,1,34318,0.0147005968825,1
3.945985,2022-01-24T16:56:45.546Z,XBTUSDT,1,34398.6965,0.0170492702386,4
3.95254305556,2022-01-24T16:57:09.155Z,XBTUSDT,1,34360,0.0159236961351,1
3.95374444444,2022-01-24T16:57:13.480Z,XBTUSDT,1,34359.2019531,0.0159004698213,8
3.95551916667,2022-01-24T16:57:19.869Z,XBTUSDT,1,34333.245,0.0151447257618,2
3.97194916667,2022-01-24T16:58:19.017Z,XBTUSDT,1,34274,0.0134176482577,1
3.97197555556,2022-01-24T16:58:19.112Z,XBTUSDT,1,34274,0.0134176482577,1
3.97199638889,2022-01-24T16:58:19.187Z,XBTUSDT,1,34274,0.0134176482577,1
3.98713166667,2022-01-24T16:59:13.674Z,XBTUSDT,1,34293.5,0.0139864308596,1
3.99799111111,2022-01-24T16:59:52.768Z,XBTUSDT,1,34383,0.0165928552018,1
0.000665833333333,2022-01-24T13:00:02.397Z,ETHUSDT,2,2192.3,-0.0125831256187,1
0.00232027777778,2022-01-24T13:00:08.353Z,ETHUSDT,2,2192.55,-0.0124690966324,1
0.00263472222222,2022-01-24T13:00:09.485Z,ETHUSDT,2,2192.55,-0.0124690966324,1
0.00272472222222,2022-01-24T13:00:09.809Z,ETHUSDT,2,2189.45,-0.0138839759191,2
0.00329805555556,2022-01-24T13:00:11.873Z,ETHUSDT,2,2189.45,-0.0138839759191,1
0.00656194444444,2022-01-24T13:00:23.623Z,ETHUSDT,2,2178.85,-0.0187371319776,1
0.00657194444444,2022-01-24T13:00:23.659Z,ETHUSDT,2,2178.85,-0.0187371319776,1
0.00660611111111,2022-01-24T13:00:23.782Z,ETHUSDT,2,2178.65,-0.0188289277321,1
0.00669055555556,2022-01-24T13:00:24.086Z,ETHUSDT,2,2178,-0.0191273221429,1
0.00669166666667,2022-01-24T13:00:24.090Z,ETHUSDT,2,2178,-0.0191273221429,1
0.00683083333333,2022-01-24T13:00:24.591Z,ETHUSDT,2,2173.95,-0.0209885572992,1
0.00723638888889,2022-01-24T13:00:26.051Z,ETHUSDT,2,2178.05,-0.0191043655653,1
0.00934972222222,2022-01-24T13:00:33.659Z,ETHUSDT,2,2182.05,-0.0172695447482,1
0.00965166666667,2022-01-24T13:00:34.746Z,ETHUSDT,2,2182.05,-0.0172695447482,1
0.0107002777778,2022-01-24T13:00:38.521Z,ETHUSDT,2,2180.35,-0.0180489322808,1
0.0108991666667,2022-01-24T13:00:39.237Z,ETHUSDT,2,2178.6745,-0.0188176822993,3
0.0111452777778,2022-01-24T13:00:40.123Z,ETHUSDT,2,2182.36914894,-0.0171232943878,2
0.0111530555556,2022-01-24T13:00:40.151Z,ETHUSDT,2,2182.69255319,-0.0169751158382,2
0.0146977777778,2022-01-24T13:00:52.912Z,ETHUSDT,2,2189.55,-0.0138383033911,1
0.01502,2022-01-24T13:00:54.072Z,ETHUSDT,2,2193.5,-0.0120359050295,1
0.0155811111111,2022-01-24T13:00:56.092Z,ETHUSDT,2,2195.45,-0.011147309749,1
0.0189347222222,2022-01-24T13:01:08.165Z,ETHUSDT,2,2205.2,-0.00671613892027,1
0.0211458333333,2022-01-24T13:01:16.125Z,ETHUSDT,2,2212.45,-0.00343384787913,1
0.0242447222222,2022-01-24T13:01:27.281Z,ETHUSDT,2,2215.15,-0.00221422535917,1
0.0243008333333,2022-01-24T13:01:27.483Z,ETHUSDT,2,2215.15,-0.00221422535917,1
0.0243258333333,2022-01-24T13:01:27.573Z,ETHUSDT,2,2214.3,-0.00259802019168,1
0.0258705555556,2022-01-24T13:01:33.134Z,ETHUSDT,2,2214.6,-0.00246254637179,1
0.0273683333333,2022-01-24T13:01:38.526Z,ETHUSDT,2,2217.25,-0.00126665737924,1
0.0278863888889,2022-01-24T13:01:40.391Z,ETHUSDT,2,2221,0.000423198258627,1
0.0278938888889,2022-01-24T13:01:40.418Z,ETHUSDT,2,2221.6,0.000693310356789,1
0.0279047222222,2022-01-24T13:01:40.457Z,ETHUSDT,2,2222.55,0.00112083868705,1
0.0279227777778,2022-01-24T13:01:40.522Z,ETHUSDT,2,2223.75,0.00166061334424,1
0.0279394444444,2022-01-24T13:01:40.582Z,ETHUSDT,2,2223.85,0.00170558141692,1
0.0283275,2022-01-24T13:01:41.979Z,ETHUSDT,2,2222.6,0.00114333511575,1
0.0288755555556,2022-01-24T13:01:43.952Z,ETHUSDT,2,2218.8,-0.000567837454721,1
0.0289819444444,2022-01-24T13:01:44.335Z,ETHUSDT,2,2215,-0.00228194315656,1
0.0289883333333,2022-01-24T13:01:44.358Z,ETHUSDT,2,2215,-0.00228194315656,1
0.0290008333333,2022-01-24T13:01:44.403Z,ETHUSDT,2,2215,-0.00228194315656,1
0.0290241666667,2022-01-24T13:01:44.487Z,ETHUSDT,2,2211.3,-0.00395376877245,1
0.0290366666667,2022-01-24T13:01:44.532Z,ETHUSDT,2,2211.3,-0.00395376877245,1
0.0291380555556,2022-01-24T13:01:44.897Z,ETHUSDT,2,2213.9,-0.00277868050562,1
0.0293675,2022-01-24T13:01:45.723Z,ETHUSDT,2,2204.10769231,-0.00721159434814,2
0.0294313888889,2022-01-24T13:01:45.953Z,ETHUSDT,2,2203.7,-0.00739658078009,1
0.0294644444444,2022-01-24T13:01:46.072Z,ETHUSDT,2,2203.7,-0.00739658078009,1
0.0294863888889,2022-01-24T13:01:46.151Z,ETHUSDT,2,2203.7,-0.00739658078009,1
0.0295033333333,2022-01-24T13:01:46.212Z,ETHUSDT,2,2202.81304348,-0.00779914694747,2
0.0295075,2022-01-24T13:01:46.227Z,ETHUSDT,2,2201.9,-0.00821372264506,1
0.0295180555556,2022-01-24T13:01:46.265Z,ETHUSDT,2,2201.9,-0.00821372264506,1
0.0295502777778,2022-01-24T13:01:46.381Z,ETHUSDT,2,2201.9,-0.00821372264506,1
0.0295566666667,2022-01-24T13:01:46.404Z,ETHUSDT,2,2202.58571429,-0.0079023517674,2
0.0296272222222,2022-01-24T13:01:46.658Z,ETHUSDT,2,2201.95,-0.00819101524131,1
0.0296463888889,2022-01-24T13:01:46.727Z,ETHUSDT,2,2201.95,-0.00819101524131,1
0.0296625,2022-01-24T13:01:46.785Z,ETHUSDT,2,2201.95,-0.00819101524131,1
0.0296638888889,2022-01-24T13:01:46.790Z,ETHUSDT,2,2201.95,-0.00819101524131,1
0.0296716666667,2022-01-24T13:01:46.818Z,ETHUSDT,2,2201.95,-0.00819101524131,1
0.0296725,2022-01-24T13:01:46.821Z,ETHUSDT,2,2201.95,-0.00819101524131,1
0.0296736111111,2022-01-24T13:01:46.825Z,ETHUSDT,2,2201.95,-0.00819101524131,1
0.0296747222222,2022-01-24T13:01:46.829Z,ETHUSDT,2,2201.93970588,-0.00819569025287,2
0.0296755555556,2022-01-24T13:01:46.832Z,ETHUSDT,2,2201.9,-0.00821372264506,1
0.0296772222222,2022-01-24T13:01:46.838Z,ETHUSDT,2,2201.9,-0.00821372264506,1
0.0296788888889,2022-01-24T13:01:46.844Z,ETHUSDT,2,2201.9,-0.00821372264506,1
0.0296794444444,2022-01-24T13:01:46.846Z,ETHUSDT,2,2201.9,-0.00821372264506,1
0.0296838888889,2022-01-24T13:01:46.862Z,ETHUSDT,2,2201.9,-0.00821372264506,1
0.029685,2022-01-24T13:01:46.866Z,ETHUSDT,2,2201.9,-0.00821372264506,1
0.0296922222222,2022-01-24T13:01:46.892Z,ETHUSDT,2,2201.9,-0.00821372264506,1
0.0296927777778,2022-01-24T13:01:46.894Z,ETHUSDT,2,2201.9,-0.00821372264506,1
0.0296938888889,2022-01-24T13:01:46.898Z,ETHUSDT,2,2201.9,-0.00821372264506,1
0.0297138888889,2022-01-24T13:01:46.970Z,ETHUSDT,2,2201.9,-0.00821372264506,1
0.0297230555556,2022-01-24T13:01:47.003Z,ETHUSDT,2,2201.9,-0.00821372264506,1
0.0297258333333,2022-01-24T13:01:47.013Z,ETHUSDT,2,2201.9,-0.00821372264506,1
0.0297280555556,2022-01-24T13:01:47.021Z,ETHUSDT,2,2201.9,-0.00821372264506,1
0.0297297222222,2022-01-24T13:01:47.027Z,ETHUSDT,2,2201.9,-0.00821372264506,1
0.0297344444444,2022-01-24T13:01:47.044Z,ETHUSDT,2,2201.9,-0.00821372264506,1
0.0297427777778,2022-01-24T13:01:47.074Z,ETHUSDT,2,2201.9,-0.00821372264506,1
0.0297438888889,2022-01-24T13:01:47.078Z,ETHUSDT,2,2201.9,-0.00821372264506,1
0.0297458333333,2022-01-24T13:01:47.085Z,ETHUSDT,2,2201.9,-0.00821372264506,1
0.0297477777778,2022-01-24T13:01:47.092Z,ETHUSDT,2,2201.9,-0.00821372264506,1
0.0297533333333,2022-01-24T13:01:47.112Z,ETHUSDT,2,2201.9,-0.00821372264506,1
0.0297555555556,2022-01-24T13:01:47.120Z,ETHUSDT,2,2201.9,-0.00821372264506,1
0.0297638888889,2022-01-24T13:01:47.150Z,ETHUSDT,2,2201.9,-0.00821372264506,1
0.0297686111111,2022-01-24T13:01:47.167Z,ETHUSDT,2,2201.9,-0.00821372264506,1
0.0297691666667,2022-01-24T13:01:47.169Z,ETHUSDT,2,2201.9,-0.00821372264506,1
0.0297702777778,2022-01-24T13:01:47.173Z,ETHUSDT,2,2201.9,-0.00821372264506,1
0.0297708333333,2022-01-24T13:01:47.175Z,ETHUSDT,2,2201.9,-0.00821372264506,1
0.0297719444444,2022-01-24T13:01:47.179Z,ETHUSDT,2,2201.9,-0.00821372264506,1
0.0297725,2022-01-24T13:01:47.181Z,ETHUSDT,2,2201.9,-0.00821372264506,1
0.0297733333333,2022-01-24T13:01:47.184Z,ETHUSDT,2,2201.9,-0.00821372264506,1
0.0297747222222,2022-01-24T13:01:47.189Z,ETHUSDT,2,2201.9,-0.00821372264506,1
0.0297752777778,2022-01-24T13:01:47.191Z,ETHUSDT,2,2201.9,-0.00821372264506,1
0.0297788888889,2022-01-24T13:01:47.204Z,ETHUSDT,2,2201.9,-0.00821372264506,1
0.0297886111111,2022-01-24T13:01:47.239Z,ETHUSDT,2,2201.9,-0.00821372264506,1
0.0297938888889,2022-01-24T13:01:47.258Z,ETHUSDT,2,2201.9,-0.00821372264506,1
0.0298088888889,2022-01-24T13:01:47.312Z,ETHUSDT,2,2201.9,-0.00821372264506,1
0.0298694444444,2022-01-24T13:01:47.530Z,ETHUSDT,2,2201.9,-0.00821372264506,1
0.0298830555556,2022-01-24T13:01:47.579Z,ETHUSDT,2,2201.9,-0.00821372264506,1
0.0299163888889,2022-01-24T13:01:47.699Z,ETHUSDT,2,2201.9,-0.00821372264506,1
0.0299222222222,2022-01-24T13:01:47.720Z,ETHUSDT,2,2201.9,-0.00821372264506,1
0.0299263888889,2022-01-24T13:01:47.735Z,ETHUSDT,2,2201.9,-0.00821372264506,1
0.0299286111111,2022-01-24T13:01:47.743Z,ETHUSDT,2,2201.9,-0.00821372264506,1
0.0299325,2022-01-24T13:01:47.757Z,ETHUSDT,2,2201.9,-0.00821372264506,1
0.0299369444444,2022-01-24T13:01:47.773Z,ETHUSDT,2,2201.9,-0.00821372264506,1
0.0299375,2022-01-24T13:01:47.775Z,ETHUSDT,2,2201.9,-0.00821372264506,1
0.0299391666667,2022-01-24T13:01:47.781Z,ETHUSDT,2,2201.9,-0.00821372264506,1
0.0299441666667,2022-01-24T13:01:47.799Z,ETHUSDT,2,2201.9,-0.00821372264506,1
0.0299577777778,2022-01-24T13:01:47.848Z,ETHUSDT,2,2201.9,-0.00821372264506,1
0.0299797222222,2022-01-24T13:01:47.927Z,ETHUSDT,2,2201.9,-0.00821372264506,1
0.0299875,2022-01-24T13:01:47.955Z,ETHUSDT,2,2201.9,-0.00821372264506,1
0.0299880555556,2022-01-24T13:01:47.957Z,ETHUSDT,2,2201.9,-0.00821372264506,1
0.0299952777778,2022-01-24T13:01:47.983Z,ETHUSDT,2,2201.9,-0.00821372264506,1
0.0299966666667,2022-01-24T13:01:47.988Z,ETHUSDT,2,2201.9,-0.00821372264506,1
0.0299977777778,2022-01-24T13:01:47.992Z,ETHUSDT,2,2201.9,-0.00821372264506,1
0.0300063888889,2022-01-24T13:01:48.023Z,ETHUSDT,2,2201.9,-0.00821372264506,1
0.0300119444444,2022-01-24T13:01:48.043Z,ETHUSDT,2,2201.9,-0.00821372264506,1
0.0300127777778,2022-01-24T13:01:48.046Z,ETHUSDT,2,2201.9,-0.00821372264506,1
0.0300166666667,2022-01-24T13:01:48.060Z,ETHUSDT,2,2201.9,-0.00821372264506,1
0.0300186111111,2022-01-24T13:01:48.067Z,ETHUSDT,2,2201.9,-0.00821372264506,1
0.0300191666667,2022-01-24T13:01:48.069Z,ETHUSDT,2,2201.9,-0.00821372264506,1
0.0300308333333,2022-01-24T13:01:48.111Z,ETHUSDT,2,2201.9,-0.00821372264506,1
0.0300361111111,2022-01-24T13:01:48.130Z,ETHUSDT,2,2200.567,-0.00881929222263,2
0.0300419444444,2022-01-24T13:01:48.151Z,ETHUSDT,2,2197.75,-0.0101002369045,1
0.0300433333333,2022-01-24T13:01:48.156Z,ETHUSDT,2,2197.75,-0.0101002369045,1
0.0300466666667,2022-01-24T13:01:48.168Z,ETHUSDT,2,2197.75,-0.0101002369045,1
0.0300475,2022-01-24T13:01:48.171Z,ETHUSDT,2,2197.71083333,-0.0101180583199,2
0.0300491666667,2022-01-24T13:01:48.177Z,ETHUSDT,2,2197.7,-0.0101229877036,1
0.0300658333333,2022-01-24T13:01:48.237Z,ETHUSDT,2,2197.7,-0.0101229877036,1
0.0300691666667,2022-01-24T13:01:48.249Z,ETHUSDT,2,2197.7,-0.0101229877036,1
0.0301391666667,2022-01-24T13:01:48.501Z,ETHUSDT,2,2194.8,-0.011443420451,1
0.0303297222222,2022-01-24T13:01:49.187Z,ETHUSDT,2,2193.2,-0.0121726821059,1
0.0303308333333,2022-01-24T13:01:49.191Z,ETHUSDT,2,2193.17833333,-0.0121825611747,3
0.0305905555556,2022-01-24T13:01:50.126Z,ETHUSDT,2,2201.85,-0.00823643056445,1
0.0312772222222,2022-01-24T13:01:52.598Z,ETHUSDT,2,2201.75,-0.00828184795023,1
0.0313052777778,2022-01-24T13:01:52.699Z,ETHUSDT,2,2203.6,-0.00744196003724,1
0.0313341666667,2022-01-24T13:01:52.803Z,ETHUSDT,2,2194.05627615,-0.0117823351065,3
0.0315411111111,2022-01-24T13:01:53.548Z,ETHUSDT,2,2206.35,-0.00619478020234,1
0.03155,2022-01-24T13:01:53.580Z,ETHUSDT,2,2206.45,-0.00614945750472,2
0.0315783333333,2022-01-24T13:01:53.682Z,ETHUSDT,2,2206.5,-0.0061267969262,1
0.0315869444444,2022-01-24T13:01:53.713Z,ETHUSDT,2,2206.55,-0.00610413686116,1
0.0316019444444,2022-01-24T13:01:53.767Z,ETHUSDT,2,2207.1,-0.00585491002947,1
0.0317661111111,2022-01-24T13:01:54.358Z,ETHUSDT,2,2201.478,-0.00840539367639,2
0.0319361111111,2022-01-24T13:01:54.970Z,ETHUSDT,2,2202.75,-0.00782776688896,1
0.0356713888889,2022-01-24T13:02:08.417Z,ETHUSDT,2,2202.95,-0.00773697541422,1
0.0364919444444,2022-01-24T13:02:11.371Z,ETHUSDT,2,2206.9,-0.00594553078169,1
0.0458525,2022-01-24T13:02:45.069Z,ETHUSDT,2,2201.95,-0.00819101524131,1
0.0584141666667,2022-01-24T13:03:30.291Z,ETHUSDT,2,2200.65,-0.00878157538204,1
0.0586288888889,2022-01-24T13:03:31.064Z,ETHUSDT,2,2196,-0.0108968230064,1
0.0588094444444,2022-01-24T13:03:31.714Z,ETHUSDT,2,2192.1,-0.0126743581705,1
0.0588477777778,2022-01-24T13:03:31.852Z,ETHUSDT,2,2192.1,-0.0126743581705,1
0.0590880555556,2022-01-24T13:03:32.717Z,ETHUSDT,2,2184.55,-0.0161244889734,1
0.0590908333333,2022-01-24T13:03:32.727Z,ETHUSDT,2,2184.55,-0.0161244889734,1
0.0592141666667,2022-01-24T13:03:33.171Z,ETHUSDT,2,2187.1,-0.0149578812673,2
0.0592955555556,2022-01-24T13:03:33.464Z,ETHUSDT,2,2184.6,-0.0161016012264,1
0.0598741666667,2022-01-24T13:03:35.547Z,ETHUSDT,2,2173.56891892,-0.0211638669823,2
0.0598872222222,2022-01-24T13:03:35.594Z,ETHUSDT,2,2173.63076923,-0.0211354117393,2
0.0608802777778,2022-01-24T13:03:39.169Z,ETHUSDT,2,2188.45,-0.0143408159645,1
0.0608930555556,2022-01-24T13:03:39.215Z,ETHUSDT,2,2188.6,-0.0142722766515,1
0.0611516666667,2022-01-24T13:03:40.146Z,ETHUSDT,2,2187.2,-0.0149121596661,1
0.0616536111111,2022-01-24T13:03:41.953Z,ETHUSDT,2,2187.63703704,-0.0147123638635,2
0.0617136111111,2022-01-24T13:03:42.169Z,ETHUSDT,2,2186.95,-0.0150264675889,1
0.0617305555556,2022-01-24T13:03:42.230Z,ETHUSDT,2,2177,-0.0195865644013,1
0.0617388888889,2022-01-24T13:03:42.260Z,ETHUSDT,2,2185.15,-0.0158498705768,1
0.0617558333333,2022-01-24T13:03:42.321Z,ETHUSDT,2,2193.75,-0.0119219384216,1
0.0681794444444,2022-01-24T13:04:05.446Z,ETHUSDT,2,2187.8,-0.0146378739501,1
0.0681816666667,2022-01-24T13:04:05.454Z,ETHUSDT,2,2187.8,-0.0146378739501,1
0.0686055555556,2022-01-24T13:04:06.980Z,ETHUSDT,2,2187.8,-0.0146378739501,1
0.0688030555556,2022-01-24T13:04:07.691Z,ETHUSDT,2,2187.8,-0.0146378739501,1
0.0705958333333,2022-01-24T13:04:14.145Z,ETHUSDT,2,2184.7,-0.0160558273038,1
0.0707188888889,2022-01-24T13:04:14.588Z,ETHUSDT,2,2184.7,-0.0160558273038,1
0.0748758333333,2022-01-24T13:04:29.553Z,ETHUSDT,2,2180.765,-0.0178586139786,4
0.0751011111111,2022-01-24T13:04:30.364Z,ETHUSDT,2,2178.7,-0.0188059780035,1
0.0766380555556,2022-01-24T13:04:35.897Z,ETHUSDT,2,2188.15,-0.0144779086851,1
0.0772202777778,2022-01-24T13:04:37.993Z,ETHUSDT,2,2185.5125,-0.0156839918338,3
0.0773175,2022-01-24T13:04:38.343Z,ETHUSDT,2,2184.25,-0.0162618264576,1
0.0804391666667,2022-01-24T13:04:49.581Z,ETHUSDT,2,2185.19052632,-0.0158313245091,2
0.0804566666667,2022-01-24T13:04:49.644Z,ETHUSDT,2,2184.5,-0.0161473772443,1
0.0811505555556,2022-01-24T13:04:52.142Z,ETHUSDT,2,2182.864,-0.0168965706143,2
0.0814838888889,2022-01-24T13:04:53.342Z,ETHUSDT,2,2182.25,-0.0171778920203,1
0.0824594444444,2022-01-24T13:04:56.854Z,ETHUSDT,2,2179.214,-0.0185700853253,2
0.0825961111111,2022-01-24T13:04:57.346Z,ETHUSDT,2,2181.9,-0.0173382898072,1
0.0826813888889,2022-01-24T13:04:57.653Z,ETHUSDT,2,2181.9,-0.0173382898072,1
0.0827247222222,2022-01-24T13:04:57.809Z,ETHUSDT,2,2172.7735,-0.0215298845903,3
0.0831658333333,2022-01-24T13:04:59.397Z,ETHUSDT,2,2174.3,-0.0208275729948,1
0.0841247222222,2022-01-24T13:05:02.849Z,ETHUSDT,2,2179.2,-0.0185765096806,1
0.119016944444,2022-01-24T13:07:08.461Z,ETHUSDT,2,2182.45,-0.0170862476919,1
0.119017222222,2022-01-24T13:07:08.462Z,ETHUSDT,2,2182.45,-0.0170862476919,1
0.146257777778,2022-01-24T13:08:46.528Z,ETHUSDT,2,2187.9,-0.0145921669775,1
0.147961111111,2022-01-24T13:08:52.660Z,ETHUSDT,2,2189.35,-0.0139296505331,1
0.150524722222,2022-01-24T13:09:01.889Z,ETHUSDT,2,2191,-0.0131762860403,1
0.150834722222,2022-01-24T13:09:03.005Z,ETHUSDT,2,2194,-0.0118079848006,1
0.150836111111,2022-01-24T13:09:03.010Z,ETHUSDT,2,2194,-0.0118079848006,1
0.150838055556,2022-01-24T13:09:03.017Z,ETHUSDT,2,2194,-0.0118079848006,1
0.150846944444,2022-01-24T13:09:03.049Z,ETHUSDT,2,2194,-0.0118079848006,1
0.150847777778,2022-01-24T13:09:03.052Z,ETHUSDT,2,2194,-0.0118079848006,1
0.1528375,2022-01-24T13:09:10.215Z,ETHUSDT,2,2202.25,-0.0080547816459,2
0.152850277778,2022-01-24T13:09:10.261Z,ETHUSDT,2,2202.35,-0.00800937457147,1
0.152860555556,2022-01-24T13:09:10.298Z,ETHUSDT,2,2202.38424658,-0.00799382467745,2
0.152861388889,2022-01-24T13:09:10.301Z,ETHUSDT,2,2202.4,-0.0079866718074,1
0.153526666667,2022-01-24T13:09:12.696Z,ETHUSDT,2,2202.25,-0.0080547816459,1
0.153586944444,2022-01-24T13:09:12.913Z,ETHUSDT,2,2204.71788079,-0.00693479115836,5
0.153666944444,2022-01-24T13:09:13.201Z,ETHUSDT,2,2207.98216259,-0.00545529680913,4
0.153883888889,2022-01-24T13:09:13.982Z,ETHUSDT,2,2218.444,-0.000728297416249,2
0.154014722222,2022-01-24T13:09:14.453Z,ETHUSDT,2,2211.25,-0.00397638016181,1
0.154439166667,2022-01-24T13:09:15.981Z,ETHUSDT,2,2219,-0.000477702703207,1
0.154549722222,2022-01-24T13:09:16.379Z,ETHUSDT,2,2219,-0.000477702703207,1
0.154671944444,2022-01-24T13:09:16.819Z,ETHUSDT,2,2219,-0.000477702703207,1
0.154864166667,2022-01-24T13:09:17.511Z,ETHUSDT,2,2219,-0.000477702703207,1
0.154988888889,2022-01-24T13:09:17.960Z,ETHUSDT,2,2221.85,0.000805835534416,1
0.155125277778,2022-01-24T13:09:18.451Z,ETHUSDT,2,2226.5,0.00289649912596,2
0.158038611111,2022-01-24T13:09:28.939Z,ETHUSDT,2,2215.65,-0.00198853248108,1
0.158113888889,2022-01-24T13:09:29.210Z,ETHUSDT,2,2215,-0.00228194315656,1
0.160269444444,2022-01-24T13:09:36.970Z,ETHUSDT,2,2218.58428571,-0.000665063330144,2
0.160350833333,2022-01-24T13:09:37.263Z,ETHUSDT,2,2218.88461538,-0.000529702529886,2
0.160353611111,2022-01-24T13:09:37.273Z,ETHUSDT,2,2223.206,0.00141595160137,3
0.1606775,2022-01-24T13:09:38.439Z,ETHUSDT,2,2225.75,0.00255959081798,1
0.164645277778,2022-01-24T13:09:52.723Z,ETHUSDT,2,2219.05,-0.000455170284688,1
0.164731111111,2022-01-24T13:09:53.032Z,ETHUSDT,2,2219.05,-0.000455170284688,1
0.166863055556,2022-01-24T13:10:00.707Z,ETHUSDT,2,2217,-0.00137941601949,1
0.167652222222,2022-01-24T13:10:03.548Z,ETHUSDT,2,2216.95,-0.00140196927336,1
0.167661111111,2022-01-24T13:10:03.580Z,ETHUSDT,2,2216.95,-0.00140196927336,1
0.167669722222,2022-01-24T13:10:03.611Z,ETHUSDT,2,2217.1,-0.00133431103764,1
0.167741388889,2022-01-24T13:10:03.869Z,ETHUSDT,2,2219.3,-0.000342515807117,1
0.167895555556,2022-01-24T13:10:04.424Z,ETHUSDT,2,2219.35,-0.000319986434446,1
0.169510555556,2022-01-24T13:10:10.238Z,ETHUSDT,2,2223.66,0.00162014034984,2
0.169827777778,2022-01-24T13:10:11.380Z,ETHUSDT,2,2226.05,0.00269436776234,1
0.1709,2022-01-24T13:10:15.240Z,ETHUSDT,2,2231.7,0.0052292802296,2
0.188108611111,2022-01-24T13:11:17.191Z,ETHUSDT,2,2225.95,0.0026494441325,1
0.189595,2022-01-24T13:11:22.542Z,ETHUSDT,2,2227.05,0.00314349309831,1
0.189705277778,2022-01-24T13:11:22.939Z,ETHUSDT,2,2227.05,0.00314349309831,1
0.192106111111,2022-01-24T13:11:31.582Z,ETHUSDT,2,2227.2,0.0032108445043,1
0.192106944444,2022-01-24T13:11:31.585Z,ETHUSDT,2,2227.2,0.0032108445043,1
0.194258611111,2022-01-24T13:11:39.331Z,ETHUSDT,2,2221.6,0.000693310356789,1
0.194261666667,2022-01-24T13:11:39.342Z,ETHUSDT,2,2221.6,0.000693310356789,1
0.197608055556,2022-01-24T13:11:51.389Z,ETHUSDT,2,2214,-0.00273351236722,1
0.250472777778,2022-01-24T13:15:01.702Z,ETHUSDT,2,2208.25,-0.00533400001056,1
0.250488055556,2022-01-24T13:15:01.757Z,ETHUSDT,2,2208.25,-0.00533400001056,1
0.254285277778,2022-01-24T13:15:15.427Z,ETHUSDT,2,2218.55,-0.000680517320075,1
0.295193055556,2022-01-24T13:17:42.695Z,ETHUSDT,2,2210.56497462,-0.00428621917141,3
0.295276111111,2022-01-24T13:17:42.994Z,ETHUSDT,2,2206.31313559,-0.00621148866417,6
0.303985555556,2022-01-24T13:18:14.348Z,ETHUSDT,2,2202.4,-0.0079866718074,1
0.335000833333,2022-01-24T13:20:06.003Z,ETHUSDT,2,2202.95,-0.00773697541422,1
0.335005,2022-01-24T13:20:06.018Z,ETHUSDT,2,2202.95,-0.00773697541422,1
0.335995,2022-01-24T13:20:09.582Z,ETHUSDT,2,2201.55,-0.00837268891048,1
0.336960555556,2022-01-24T13:20:13.058Z,ETHUSDT,2,2197.21666667,-0.0103429387844,2
0.336987222222,2022-01-24T13:20:13.154Z,ETHUSDT,2,2195.75,-0.0110106728386,1
0.337825833333,2022-01-24T13:20:16.173Z,ETHUSDT,2,2194.45,-0.0116029010004,1
0.341693611111,2022-01-24T13:20:30.097Z,ETHUSDT,2,2196.95,-0.0104643118169,1
0.341746666667,2022-01-24T13:20:30.288Z,ETHUSDT,2,2196.95,-0.0104643118169,1
0.341747777778,2022-01-24T13:20:30.292Z,ETHUSDT,2,2196.95,-0.0104643118169,1
0.341755555556,2022-01-24T13:20:30.320Z,ETHUSDT,2,2196.95,-0.0104643118169,1
0.341756944444,2022-01-24T13:20:30.325Z,ETHUSDT,2,2196.95,-0.0104643118169,1
0.341786944444,2022-01-24T13:20:30.433Z,ETHUSDT,2,2196.95,-0.0104643118169,1
0.341966666667,2022-01-24T13:20:31.080Z,ETHUSDT,2,2200.7685,-0.00872772910497,3
0.343358888889,2022-01-24T13:20:36.092Z,ETHUSDT,2,2196.95,-0.0104643118169,1
0.379177777778,2022-01-24T13:22:45.040Z,ETHUSDT,2,2209.75,-0.00465495969474,1
0.386972222222,2022-01-24T13:23:13.100Z,ETHUSDT,2,2209.7,-0.00467758694474,1
0.387088055556,2022-01-24T13:23:13.517Z,ETHUSDT,2,2210.35,-0.00438347262265,1
0.3871,2022-01-24T13:23:13.560Z,ETHUSDT,2,2211.2,-0.00399899206245,1
0.390582222222,2022-01-24T13:23:26.096Z,ETHUSDT,2,2211.9,-0.00368247197209,1
0.390586111111,2022-01-24T13:23:26.110Z,ETHUSDT,2,2211.9,-0.00368247197209,1
0.391293888889,2022-01-24T13:23:28.658Z,ETHUSDT,2,2219.95,-4.96735456341e-05,1
0.392100277778,2022-01-24T13:23:31.561Z,ETHUSDT,2,2223.85,0.00170558141692,1
0.3939325,2022-01-24T13:23:38.157Z,ETHUSDT,2,2221.1,0.000468222008663,1
0.397591944444,2022-01-24T13:23:51.331Z,ETHUSDT,2,2218.8,-0.000567837454721,1
0.397593055556,2022-01-24T13:23:51.335Z,ETHUSDT,2,2218.8,-0.000567837454721,1
0.407351944444,2022-01-24T13:24:26.467Z,ETHUSDT,2,2216.75,-0.00149218737568,1
0.407362222222,2022-01-24T13:24:26.504Z,ETHUSDT,2,2216.75,-0.00149218737568,1
0.407411388889,2022-01-24T13:24:26.681Z,ETHUSDT,2,2217.1,-0.00133431103764,1
0.434624444444,2022-01-24T13:26:04.648Z,ETHUSDT,2,2218.65,-0.000635443850312,1
0.449163055556,2022-01-24T13:26:56.987Z,ETHUSDT,2,2227.55,0.00336798014635,1
0.451659722222,2022-01-24T13:27:05.975Z,ETHUSDT,2,2227.275,0.00324451850629,3
0.4735025,2022-01-24T13:28:24.609Z,ETHUSDT,2,2221.8,0.000783331511822,1
0.501939166667,2022-01-24T13:30:06.981Z,ETHUSDT,2,2216,-0.00183057776863,1
0.502472222222,2022-01-24T13:30:08.900Z,ETHUSDT,2,2214.35,-0.00257543994714,1
0.503011944444,2022-01-24T13:30:10.843Z,ETHUSDT,2,2215.45,-0.00207880351994,2
0.503976666667,2022-01-24T13:30:14.316Z,ETHUSDT,2,2220.73576642,0.000304220637783,2
0.503984444444,2022-01-24T13:30:14.344Z,ETHUSDT,2,2220.75,0.00031063001401,1
0.514705833333,2022-01-24T13:30:52.941Z,ETHUSDT,2,2224.7,0.00208772841329,1
0.514718333333,2022-01-24T13:30:52.986Z,ETHUSDT,2,2224.7,0.00208772841329,1
0.564701944444,2022-01-24T13:33:52.927Z,ETHUSDT,2,2220.7,0.000288114844413,1
0.564709722222,2022-01-24T13:33:52.955Z,ETHUSDT,2,2220.7,0.000288114844413,1
0.564711944444,2022-01-24T13:33:52.963Z,ETHUSDT,2,2220.7,0.000288114844413,1
0.564713611111,2022-01-24T13:33:52.969Z,ETHUSDT,2,2220.7,0.000288114844413,1
0.564741111111,2022-01-24T13:33:53.068Z,ETHUSDT,2,2218.73642973,-0.000596488610896,6
0.564775555556,2022-01-24T13:33:53.192Z,ETHUSDT,2,2218.5,-0.000703054816836,1
0.564831388889,2022-01-24T13:33:53.393Z,ETHUSDT,2,2218.2,-0.000838290465159,1
0.5648325,2022-01-24T13:33:53.397Z,ETHUSDT,2,2217.98,-0.000937474898695,2
0.564843333333,2022-01-24T13:33:53.436Z,ETHUSDT,2,2217.8,-0.00101863311668,1
0.567401944444,2022-01-24T13:34:02.647Z,ETHUSDT,2,2212.5462585,-0.00339034117413,3
0.567403333333,2022-01-24T13:34:02.652Z,ETHUSDT,2,2212.05,-0.00361465927074,1
0.567418888889,2022-01-24T13:34:02.708Z,ETHUSDT,2,2211.9,-0.00368247197209,1
0.567421944444,2022-01-24T13:34:02.719Z,ETHUSDT,2,2211.9,-0.00368247197209,1
0.577142777778,2022-01-24T13:34:37.714Z,ETHUSDT,2,2205,-0.00680683775485,1
0.586619722222,2022-01-24T13:35:11.831Z,ETHUSDT,2,2204.25,-0.00714703166866,1
0.615539444444,2022-01-24T13:36:55.942Z,ETHUSDT,2,2202.35,-0.00800937457147,1
0.615542222222,2022-01-24T13:36:55.952Z,ETHUSDT,2,2202.35,-0.00800937457147,1
0.615543888889,2022-01-24T13:36:55.958Z,ETHUSDT,2,2202.35,-0.00800937457147,1
0.627286666667,2022-01-24T13:37:38.232Z,ETHUSDT,2,2193.86944444,-0.0118674922938,2
0.6273275,2022-01-24T13:37:38.379Z,ETHUSDT,2,2192.79666667,-0.0123566007749,2
0.627355,2022-01-24T13:37:38.478Z,ETHUSDT,2,2190.85,-0.0132447502735,1
0.62742,2022-01-24T13:37:38.712Z,ETHUSDT,2,2190.85,-0.0132447502735,1
0.627516111111,2022-01-24T13:37:39.058Z,ETHUSDT,2,2190.85,-0.0132447502735,1
0.627526388889,2022-01-24T13:37:39.095Z,ETHUSDT,2,2190.85,-0.0132447502735,1
0.627576111111,2022-01-24T13:37:39.274Z,ETHUSDT,2,2190.8,-0.0132675727262,1
0.627583888889,2022-01-24T13:37:39.302Z,ETHUSDT,2,2190.8,-0.0132675727262,1
0.627585,2022-01-24T13:37:39.306Z,ETHUSDT,2,2190.8,-0.0132675727262,1
0.627586944444,2022-01-24T13:37:39.313Z,ETHUSDT,2,2190.8,-0.0132675727262,1
0.627590277778,2022-01-24T13:37:39.325Z,ETHUSDT,2,2190.8,-0.0132675727262,1
0.627692777778,2022-01-24T13:37:39.694Z,ETHUSDT,2,2190.15,-0.0135643120201,1
0.627733611111,2022-01-24T13:37:39.841Z,ETHUSDT,2,2190.15,-0.0135643120201,1
0.627945,2022-01-24T13:37:40.602Z,ETHUSDT,2,2189.45,-0.0138839759191,1
0.627952222222,2022-01-24T13:37:40.628Z,ETHUSDT,2,2188.25,-0.0144322090233,1
0.628071111111,2022-01-24T13:37:41.056Z,ETHUSDT,2,2188.25,-0.0144322090233,1
0.628071944444,2022-01-24T13:37:41.059Z,ETHUSDT,2,2188.25,-0.0144322090233,1
0.628241666667,2022-01-24T13:37:41.670Z,ETHUSDT,2,2188.15,-0.0144779086851,1
0.628591944444,2022-01-24T13:37:42.931Z,ETHUSDT,2,2189.2,-0.013998166366,1
0.628929166667,2022-01-24T13:37:44.145Z,ETHUSDT,2,2190.1,-0.0135871417673,1
0.628946944444,2022-01-24T13:37:44.209Z,ETHUSDT,2,2190.3,-0.0134958259057,1
0.628948611111,2022-01-24T13:37:44.215Z,ETHUSDT,2,2190.3,-0.0134958259057,1
0.628993333333,2022-01-24T13:37:44.376Z,ETHUSDT,2,2190.8,-0.0132675727262,1
0.674331666667,2022-01-24T13:40:27.594Z,ETHUSDT,2,2193.45,-0.0120586999098,1
0.674346111111,2022-01-24T13:40:27.646Z,ETHUSDT,2,2193.45,-0.0120586999098,1
0.678236388889,2022-01-24T13:40:41.651Z,ETHUSDT,2,2190.05,-0.0136099720356,1
0.679384166667,2022-01-24T13:40:45.783Z,ETHUSDT,2,2187.628,-0.0147164948302,2
0.680661666667,2022-01-24T13:40:50.382Z,ETHUSDT,2,2184.6,-0.0161016012264,1
0.680671666667,2022-01-24T13:40:50.418Z,ETHUSDT,2,2184.55,-0.0161244889734,1
0.681548888889,2022-01-24T13:40:53.576Z,ETHUSDT,2,2183.9,-0.0164220773651,1
0.681589166667,2022-01-24T13:40:53.721Z,ETHUSDT,2,2182,-0.0172924592428,1
0.690314166667,2022-01-24T13:41:25.131Z,ETHUSDT,2,2185.65,-0.0156210795078,1
0.690315,2022-01-24T13:41:25.134Z,ETHUSDT,2,2185.65,-0.0156210795078,1
0.710520833333,2022-01-24T13:42:37.875Z,ETHUSDT,2,2190.95,-0.0131991069306,1
0.710636666667,2022-01-24T13:42:38.292Z,ETHUSDT,2,2190.95,-0.0131991069306,1
0.711007777778,2022-01-24T13:42:39.628Z,ETHUSDT,2,2190.95,-0.0131991069306,1
0.711035833333,2022-01-24T13:42:39.729Z,ETHUSDT,2,2190.95,-0.0131991069306,1
0.711115277778,2022-01-24T13:42:40.015Z,ETHUSDT,2,2190.95,-0.0131991069306,1
0.711116944444,2022-01-24T13:42:40.021Z,ETHUSDT,2,2190.95,-0.0131991069306,1
0.7111175,2022-01-24T13:42:40.023Z,ETHUSDT,2,2190.95,-0.0131991069306,1
0.711118888889,2022-01-24T13:42:40.028Z,ETHUSDT,2,2190.95,-0.0131991069306,1
0.711123333333,2022-01-24T13:42:40.044Z,ETHUSDT,2,2190.95,-0.0131991069306,1
0.711123888889,2022-01-24T13:42:40.046Z,ETHUSDT,2,2190.95,-0.0131991069306,1
0.711125,2022-01-24T13:42:40.050Z,ETHUSDT,2,2190.95,-0.0131991069306,1
0.711127222222,2022-01-24T13:42:40.058Z,ETHUSDT,2,2190.95,-0.0131991069306,1
0.711129166667,2022-01-24T13:42:40.065Z,ETHUSDT,2,2190.95,-0.0131991069306,1
0.711141111111,2022-01-24T13:42:40.108Z,ETHUSDT,2,2190.95,-0.0131991069306,1
0.711153333333,2022-01-24T13:42:40.152Z,ETHUSDT,2,2190.95,-0.0131991069306,1
0.711158055556,2022-01-24T13:42:40.169Z,ETHUSDT,2,2190.95,-0.0131991069306,1
0.711167777778,2022-01-24T13:42:40.204Z,ETHUSDT,2,2190.95,-0.0131991069306,1
0.711168333333,2022-01-24T13:42:40.206Z,ETHUSDT,2,2190.95,-0.0131991069306,1
0.711168611111,2022-01-24T13:42:40.207Z,ETHUSDT,2,2190.95,-0.0131991069306,1
0.711169444444,2022-01-24T13:42:40.210Z,ETHUSDT,2,2190.95,-0.0131991069306,1
0.711170277778,2022-01-24T13:42:40.213Z,ETHUSDT,2,2190.95,-0.0131991069306,1
0.7111725,2022-01-24T13:42:40.221Z,ETHUSDT,2,2190.95,-0.0131991069306,1
0.711173055556,2022-01-24T13:42:40.223Z,ETHUSDT,2,2190.95,-0.0131991069306,1
0.711173333333,2022-01-24T13:42:40.224Z,ETHUSDT,2,2190.95,-0.0131991069306,1
0.711173888889,2022-01-24T13:42:40.226Z,ETHUSDT,2,2190.95,-0.0131991069306,1
0.711175,2022-01-24T13:42:40.230Z,ETHUSDT,2,2190.95,-0.0131991069306,1
0.711176111111,2022-01-24T13:42:40.234Z,ETHUSDT,2,2190.95,-0.0131991069306,1
0.711176666667,2022-01-24T13:42:40.236Z,ETHUSDT,2,2190.95,-0.0131991069306,1
0.711177222222,2022-01-24T13:42:40.238Z,ETHUSDT,2,2190.95,-0.0131991069306,1
0.711314722222,2022-01-24T13:42:40.733Z,ETHUSDT,2,2193.15,-0.0121954801042,1
0.7113275,2022-01-24T13:42:40.779Z,ETHUSDT,2,2193.18428571,-0.0121798471351,2
0.711334444444,2022-01-24T13:42:40.804Z,ETHUSDT,2,2193.2,-0.0121726821059,1
0.718771944444,2022-01-24T13:43:07.579Z,ETHUSDT,2,2190.95,-0.0131991069306,1
0.7188025,2022-01-24T13:43:07.689Z,ETHUSDT,2,2190.95,-0.0131991069306,1
0.718804444444,2022-01-24T13:43:07.696Z,ETHUSDT,2,2190.95,-0.0131991069306,1
0.718819166667,2022-01-24T13:43:07.749Z,ETHUSDT,2,2190.95,-0.0131991069306,1
0.726271111111,2022-01-24T13:43:34.576Z,ETHUSDT,2,2193.4,-0.0120814953097,1
0.726286111111,2022-01-24T13:43:34.630Z,ETHUSDT,2,2193.4,-0.0120814953097,1
0.726313888889,2022-01-24T13:43:34.730Z,ETHUSDT,2,2193.4,-0.0120814953097,1
0.728411111111,2022-01-24T13:43:42.280Z,ETHUSDT,2,2193.35,-0.0121042912292,1
0.743341111111,2022-01-24T13:44:36.028Z,ETHUSDT,2,2190.6,-0.0133588677462,1
0.743728888889,2022-01-24T13:44:37.424Z,ETHUSDT,2,2190.625,-0.0133474554128,3
0.744225277778,2022-01-24T13:44:39.211Z,ETHUSDT,2,2189.55,-0.0138383033911,1
0.744226111111,2022-01-24T13:44:39.214Z,ETHUSDT,2,2189.55,-0.0138383033911,1
0.759233611111,2022-01-24T13:45:33.241Z,ETHUSDT,2,2196,-0.0108968230064,1
0.759234166667,2022-01-24T13:45:33.243Z,ETHUSDT,2,2196,-0.0108968230064,1
0.759236111111,2022-01-24T13:45:33.250Z,ETHUSDT,2,2196,-0.0108968230064,1
0.759241666667,2022-01-24T13:45:33.270Z,ETHUSDT,2,2196,-0.0108968230064,1
0.759412222222,2022-01-24T13:45:33.884Z,ETHUSDT,2,2196.95,-0.0104643118169,1
0.761698333333,2022-01-24T13:45:42.114Z,ETHUSDT,2,2198.5,-0.00975903701494,1
0.76847,2022-01-24T13:46:06.492Z,ETHUSDT,2,2196.3,-0.0107602203151,1
0.775436944444,2022-01-24T13:46:31.573Z,ETHUSDT,2,2192.15,-0.0126515492522,1
0.779172777778,2022-01-24T13:46:45.022Z,ETHUSDT,2,2194.75,-0.0114662018295,1
0.786358611111,2022-01-24T13:47:10.891Z,ETHUSDT,2,2194.6,-0.0115345490791,1
0.791751666667,2022-01-24T13:47:30.306Z,ETHUSDT,2,2197.25,-0.010327768191,1
0.801186111111,2022-01-24T13:48:04.270Z,ETHUSDT,2,2199.5,-0.00930428484703,1
0.801195,2022-01-24T13:48:04.302Z,ETHUSDT,2,2199.5,-0.00930428484703,1
0.803896666667,2022-01-24T13:48:14.028Z,ETHUSDT,2,2201.075,-0.00858846926963,2
0.816691388889,2022-01-24T13:49:00.089Z,ETHUSDT,2,2198.6,-0.00971355249104,1
0.820248055556,2022-01-24T13:49:12.893Z,ETHUSDT,2,2195.15,-0.0112839653316,1
0.820253611111,2022-01-24T13:49:12.913Z,ETHUSDT,2,2195.15,-0.0112839653316,1
0.833873333333,2022-01-24T13:50:01.944Z,ETHUSDT,2,2194.8,-0.011443420451,1
0.834112222222,2022-01-24T13:50:02.804Z,ETHUSDT,2,2196.75,-0.0105553512598,1
0.834150277778,2022-01-24T13:50:02.941Z,ETHUSDT,2,2196.75,-0.0105553512598,1
0.8341975,2022-01-24T13:50:03.111Z,ETHUSDT,2,2196.75,-0.0105553512598,1
0.834223611111,2022-01-24T13:50:03.205Z,ETHUSDT,2,2197.15,-0.0103732806615,1
0.834240277778,2022-01-24T13:50:03.265Z,ETHUSDT,2,2197.15,-0.0103732806615,1
0.834257222222,2022-01-24T13:50:03.326Z,ETHUSDT,2,2197.275,-0.0103163903971,2
0.834273055556,2022-01-24T13:50:03.383Z,ETHUSDT,2,2197.4,-0.010259503369,1
0.834290833333,2022-01-24T13:50:03.447Z,ETHUSDT,2,2197.4,-0.010259503369,1
0.842668055556,2022-01-24T13:50:33.605Z,ETHUSDT,2,2193,-0.0122638772179,1
0.878423055556,2022-01-24T13:52:42.323Z,ETHUSDT,2,2198.3,-0.00985001226973,1
0.925126388889,2022-01-24T13:55:30.455Z,ETHUSDT,2,2203.15,-0.00764619218182,1
0.930818333333,2022-01-24T13:55:50.946Z,ETHUSDT,2,2195.7,-0.0110334443605,1
0.937583055556,2022-01-24T13:56:15.299Z,ETHUSDT,2,2194.05,-0.0117851956346,1
0.937604444444,2022-01-24T13:56:15.376Z,ETHUSDT,2,2194.05,-0.0117851956346,1
0.937614444444,2022-01-24T13:56:15.412Z,ETHUSDT,2,2194.05,-0.0117851956346,1
0.967734166667,2022-01-24T13:58:03.843Z,ETHUSDT,2,2194.5,-0.0115801165075,1
0.967736111111,2022-01-24T13:58:03.850Z,ETHUSDT,2,2194.5,-0.0115801165075,1
0.967738333333,2022-01-24T13:58:03.858Z,ETHUSDT,2,2194.5,-0.0115801165075,1
0.967740277778,2022-01-24T13:58:03.865Z,ETHUSDT,2,2194.75851064,-0.0114623241114,2
0.967830277778,2022-01-24T13:58:04.189Z,ETHUSDT,2,2196.85,-0.0105098305024,1
0.9678325,2022-01-24T13:58:04.197Z,ETHUSDT,2,2196.85,-0.0105098305024,1
0.967921388889,2022-01-24T13:58:04.517Z,ETHUSDT,2,2195.592,-0.0110826326176,3
0.989218611111,2022-01-24T13:59:21.187Z,ETHUSDT,2,2199.35,-0.00937248449014,1
0.989219722222,2022-01-24T13:59:21.191Z,ETHUSDT,2,2199.35,-0.00937248449014,1
0.9913,2022-01-24T13:59:28.680Z,ETHUSDT,2,2193.35,-0.0121042912292,1
0.991309444444,2022-01-24T13:59:28.714Z,ETHUSDT,2,2193.35,-0.0121042912292,1
0.998485833333,2022-01-24T13:59:54.549Z,ETHUSDT,2,2187.4,-0.0148207227347,1
0.99849,2022-01-24T13:59:54.564Z,ETHUSDT,2,2187.4,-0.0148207227347,1
0.998499166667,2022-01-24T13:59:54.597Z,ETHUSDT,2,2187.25,-0.0148892996494,1
0.998515277778,2022-01-24T13:59:54.655Z,ETHUSDT,2,2186.10119048,-0.0154146677254,2
1.00042805556,2022-01-24T14:00:01.541Z,ETHUSDT,2,2177.7787,-0.0192289342841,9
1.003545,2022-01-24T14:00:12.762Z,ETHUSDT,2,2179.9,-0.0182553424644,1
1.00394333333,2022-01-24T14:00:14.196Z,ETHUSDT,2,2180,-0.0182094698527,1
1.00825555556,2022-01-24T14:00:29.720Z,ETHUSDT,2,2181.20208333,-0.0176582074526,2
1.0082575,2022-01-24T14:00:29.727Z,ETHUSDT,2,2181.15,-0.0176820860082,1
1.00836277778,2022-01-24T14:00:30.106Z,ETHUSDT,2,2180.93928571,-0.0177786976418,2
1.00839222222,2022-01-24T14:00:30.212Z,ETHUSDT,2,2179.33942308,-0.0185125327088,4
1.00839472222,2022-01-24T14:00:30.221Z,ETHUSDT,2,2179,-0.0186682906912,1
1.01208222222,2022-01-24T14:00:43.496Z,ETHUSDT,2,2186.45,-0.0152551226409,1
1.01375833333,2022-01-24T14:00:49.530Z,ETHUSDT,2,2181.3536,-0.0175887451109,3
1.01524722222,2022-01-24T14:00:54.890Z,ETHUSDT,2,2182.3,-0.0171549801508,1
1.01533083333,2022-01-24T14:00:55.191Z,ETHUSDT,2,2182.3,-0.0171549801508,1
1.01776638889,2022-01-24T14:01:03.959Z,ETHUSDT,2,2176.15,-0.0199770862123,1
1.02896194444,2022-01-24T14:01:44.263Z,ETHUSDT,2,2179.25,-0.0185535657441,1
1.02956611111,2022-01-24T14:01:46.438Z,ETHUSDT,2,2177.55,-0.0193339550603,1
1.03185972222,2022-01-24T14:01:54.695Z,ETHUSDT,2,2179.85,-0.0182782795594,1
1.0459,2022-01-24T14:02:45.240Z,ETHUSDT,2,2181.2,-0.0176591625839,1
1.05157611111,2022-01-24T14:03:05.674Z,ETHUSDT,2,2186.45,-0.0152551226409,1
1.05672888889,2022-01-24T14:03:24.224Z,ETHUSDT,2,2188.7,-0.0142265863858,1
1.05883666667,2022-01-24T14:03:31.812Z,ETHUSDT,2,2191.75,-0.0128340351671,1
1.05889583333,2022-01-24T14:03:32.025Z,ETHUSDT,2,2191.95,-0.012742788047,1
1.05903638889,2022-01-24T14:03:32.531Z,ETHUSDT,2,2193.12586207,-0.0122064862205,2
1.05942722222,2022-01-24T14:03:33.938Z,ETHUSDT,2,2194.6,-0.0115345490791,1
1.06203194444,2022-01-24T14:03:43.315Z,ETHUSDT,2,2191.4,-0.0129937376645,1
1.09504444444,2022-01-24T14:05:42.160Z,ETHUSDT,2,2184.8,-0.0160100554763,1
1.09504527778,2022-01-24T14:05:42.163Z,ETHUSDT,2,2184.8,-0.0160100554763,1
1.09505138889,2022-01-24T14:05:42.185Z,ETHUSDT,2,2184.8,-0.0160100554763,1
1.09505305556,2022-01-24T14:05:42.191Z,ETHUSDT,2,2184.8,-0.0160100554763,1
1.09506472222,2022-01-24T14:05:42.233Z,ETHUSDT,2,2184.8,-0.0160100554763,1
1.11015861111,2022-01-24T14:06:36.571Z,ETHUSDT,2,2177.35,-0.0194258056195,1
1.11694027778,2022-01-24T14:07:00.985Z,ETHUSDT,2,2175.4,-0.0203217909761,1
1.11770833333,2022-01-24T14:07:03.750Z,ETHUSDT,2,2173.5,-0.021195575207,1
1.1184325,2022-01-24T14:07:06.357Z,ETHUSDT,2,2169.25,-0.0231528609622,1
1.11862111111,2022-01-24T14:07:07.036Z,ETHUSDT,2,2168.25,-0.0236139560712,1
1.11873527778,2022-01-24T14:07:07.447Z,ETHUSDT,2,2167.5,-0.0239599169811,1
1.11876944444,2022-01-24T14:07:07.570Z,ETHUSDT,2,2166.65,-0.0243521507575,1
1.11880222222,2022-01-24T14:07:07.688Z,ETHUSDT,2,2166.25,-0.024536784606,1
1.11891805556,2022-01-24T14:07:08.105Z,ETHUSDT,2,2165.6,-0.0248368873357,1
1.118925,2022-01-24T14:07:08.130Z,ETHUSDT,2,2164.675,-0.0252641119411,2
1.11893194444,2022-01-24T14:07:08.155Z,ETHUSDT,2,2164.35,-0.0254142612244,1
1.11895083333,2022-01-24T14:07:08.223Z,ETHUSDT,2,2163.05,-0.0260150839074,1
1.11915861111,2022-01-24T14:07:08.971Z,ETHUSDT,2,2161.60913978,-0.0266814301889,2
1.11919111111,2022-01-24T14:07:09.088Z,ETHUSDT,2,2160.9,-0.0270095450724,1
1.11920111111,2022-01-24T14:07:09.124Z,ETHUSDT,2,2160.85,-0.0270326838472,1
1.11921527778,2022-01-24T14:07:09.175Z,ETHUSDT,2,2160.85,-0.0270326838472,1
1.11922527778,2022-01-24T14:07:09.211Z,ETHUSDT,2,2160.55,-0.0271715277406,1
1.11923694444,2022-01-24T14:07:09.253Z,ETHUSDT,2,2160.96785714,-0.0269781433058,2
1.11927916667,2022-01-24T14:07:09.405Z,ETHUSDT,2,2161.65,-0.0266625276833,1
1.119305,2022-01-24T14:07:09.498Z,ETHUSDT,2,2161.65,-0.0266625276833,1
1.11932305556,2022-01-24T14:07:09.563Z,ETHUSDT,2,2162.15,-0.0264312496398,1
1.11937972222,2022-01-24T14:07:09.767Z,ETHUSDT,2,2160.95,-0.026986406833,1
1.11939972222,2022-01-24T14:07:09.839Z,ETHUSDT,2,2160.95,-0.026986406833,1
1.11942638889,2022-01-24T14:07:09.935Z,ETHUSDT,2,2160,-0.0274261249576,1
1.11949138889,2022-01-24T14:07:10.169Z,ETHUSDT,2,2160,-0.0274261249576,1
1.11953138889,2022-01-24T14:07:10.313Z,ETHUSDT,2,2159.4715,-0.0276708308216,5
1.11971,2022-01-24T14:07:10.956Z,ETHUSDT,2,2160,-0.0274261249576,1
1.11975361111,2022-01-24T14:07:11.113Z,ETHUSDT,2,2161.625,-0.0266740929897,2
1.1197825,2022-01-24T14:07:11.217Z,ETHUSDT,2,2161.55,-0.0267087897115,1
1.11978916667,2022-01-24T14:07:11.241Z,ETHUSDT,2,2162.49146341,-0.0262733343915,5
1.119805,2022-01-24T14:07:11.298Z,ETHUSDT,2,2161.1,-0.0269169953268,1
1.11980555556,2022-01-24T14:07:11.300Z,ETHUSDT,2,2161.1,-0.0269169953268,1
1.12005166667,2022-01-24T14:07:12.186Z,ETHUSDT,2,2164.79827586,-0.0252071646617,3
1.120145,2022-01-24T14:07:12.522Z,ETHUSDT,2,2166.45,-0.0244444634205,1
1.12039222222,2022-01-24T14:07:13.412Z,ETHUSDT,2,2165.7,-0.0247907118226,1
1.12976722222,2022-01-24T14:07:47.162Z,ETHUSDT,2,2161.47027027,-0.0267456758349,2
1.15200666667,2022-01-24T14:09:07.224Z,ETHUSDT,2,2162.4,-0.0263156306736,1
1.17094194444,2022-01-24T14:10:15.391Z,ETHUSDT,2,2162.85,-0.026107550215,1
1.17095472222,2022-01-24T14:10:15.437Z,ETHUSDT,2,2162.85,-0.026107550215,1
1.17097833333,2022-01-24T14:10:15.522Z,ETHUSDT,2,2162.85,-0.026107550215,1
1.17101638889,2022-01-24T14:10:15.659Z,ETHUSDT,2,2162.85,-0.026107550215,1
1.17103916667,2022-01-24T14:10:15.741Z,ETHUSDT,2,2162.85,-0.026107550215,1
1.17105916667,2022-01-24T14:10:15.813Z,ETHUSDT,2,2162.85,-0.026107550215,1
1.171075,2022-01-24T14:10:15.870Z,ETHUSDT,2,2162.85,-0.026107550215,1
1.17411944444,2022-01-24T14:10:26.830Z,ETHUSDT,2,2167.3,-0.0240521934414,1
1.17973611111,2022-01-24T14:10:47.050Z,ETHUSDT,2,2167.05,-0.0241675509923,1
1.18204555556,2022-01-24T14:10:55.364Z,ETHUSDT,2,2165.9,-0.0246983671924,1
1.18205944444,2022-01-24T14:10:55.414Z,ETHUSDT,2,2165.9,-0.0246983671924,1
1.18208777778,2022-01-24T14:10:55.516Z,ETHUSDT,2,2165.9,-0.0246983671924,1
1.18208805556,2022-01-24T14:10:55.517Z,ETHUSDT,2,2165.9,-0.0246983671924,1
1.18208944444,2022-01-24T14:10:55.522Z,ETHUSDT,2,2165.56320755,-0.0248538769762,2
1.18224277778,2022-01-24T14:10:56.074Z,ETHUSDT,2,2165.9,-0.0246983671924,1
1.18593916667,2022-01-24T14:11:09.381Z,ETHUSDT,2,2165.15,-0.0250447035346,1
1.18594083333,2022-01-24T14:11:09.387Z,ETHUSDT,2,2165.15,-0.0250447035346,1
1.18991083333,2022-01-24T14:11:23.679Z,ETHUSDT,2,2164.52804878,-0.0253320002882,2
1.1899175,2022-01-24T14:11:23.703Z,ETHUSDT,2,2164.5,-0.0253449587538,1
1.18991777778,2022-01-24T14:11:23.704Z,ETHUSDT,2,2164.5,-0.0253449587538,1
1.19106972222,2022-01-24T14:11:27.851Z,ETHUSDT,2,2162.85,-0.026107550215,1
1.20098916667,2022-01-24T14:12:03.561Z,ETHUSDT,2,2164.2635,-0.0254542278327,2
1.22612611111,2022-01-24T14:13:34.054Z,ETHUSDT,2,2167,-0.0241906240994,1
1.23154361111,2022-01-24T14:13:53.557Z,ETHUSDT,2,2162.95,-0.0260613159925,1
1.23866694444,2022-01-24T14:14:19.201Z,ETHUSDT,2,2168.215625,-0.0236298099961,2
1.23867027778,2022-01-24T14:14:19.213Z,ETHUSDT,2,2168.25,-0.0236139560712,1
1.23870138889,2022-01-24T14:14:19.325Z,ETHUSDT,2,2168.41666667,-0.0235370921204,2
1.23879333333,2022-01-24T14:14:19.656Z,ETHUSDT,2,2169.2,-0.0231759106689,1
1.23885194444,2022-01-24T14:14:19.867Z,ETHUSDT,2,2169.9,-0.0228532631125,1
1.23917638889,2022-01-24T14:14:21.035Z,ETHUSDT,2,2172.875,-0.0214831711941,4
1.25243138889,2022-01-24T14:15:08.753Z,ETHUSDT,2,2179.9,-0.0182553424644,1
1.25395277778,2022-01-24T14:15:14.230Z,ETHUSDT,2,2183.9,-0.0164220773651,1
1.25396361111,2022-01-24T14:15:14.269Z,ETHUSDT,2,2183.85,-0.0164449724484,1
1.25882694444,2022-01-24T14:15:31.777Z,ETHUSDT,2,2189.1,-0.0140438461961,1
1.25894694444,2022-01-24T14:15:32.209Z,ETHUSDT,2,2190.85,-0.0132447502735,1
1.25899638889,2022-01-24T14:15:32.387Z,ETHUSDT,2,2193.674,-0.0119565828964,2
1.26112555556,2022-01-24T14:15:40.052Z,ETHUSDT,2,2195.85,-0.0109651313503,1
1.26576277778,2022-01-24T14:15:56.746Z,ETHUSDT,2,2194.65,-0.0115117661435,1
1.26578194444,2022-01-24T14:15:56.815Z,ETHUSDT,2,2194.9,-0.0113978592509,1
1.26578277778,2022-01-24T14:15:56.818Z,ETHUSDT,2,2195.53076923,-0.0111105210519,3
1.26585916667,2022-01-24T14:15:57.093Z,ETHUSDT,2,2196,-0.0108968230064,1
1.26588055556,2022-01-24T14:15:57.170Z,ETHUSDT,2,2196,-0.0108968230064,1
1.26802472222,2022-01-24T14:16:04.889Z,ETHUSDT,2,2195.8,-0.0109879018352,1
1.26881944444,2022-01-24T14:16:07.750Z,ETHUSDT,2,2200.6435,-0.00878452905918,4
1.26899722222,2022-01-24T14:16:08.390Z,ETHUSDT,2,2200.6,-0.00880429619999,1
1.2705,2022-01-24T14:16:13.800Z,ETHUSDT,2,2198.2,-0.009895503001,1
1.27103972222,2022-01-24T14:16:15.743Z,ETHUSDT,2,2194.25,-0.0116940441636,1
1.27503861111,2022-01-24T14:16:30.139Z,ETHUSDT,2,2195.3,-0.0112156352059,1
1.27934416667,2022-01-24T14:16:45.639Z,ETHUSDT,2,2193.65,-0.0119675235062,1
1.28587694444,2022-01-24T14:17:09.157Z,ETHUSDT,2,2196.3,-0.0107602203151,1
1.2866925,2022-01-24T14:17:12.093Z,ETHUSDT,2,2195.7,-0.0110334443605,1
1.28671777778,2022-01-24T14:17:12.184Z,ETHUSDT,2,2197.4,-0.010259503369,1
1.28685777778,2022-01-24T14:17:12.688Z,ETHUSDT,2,2197.4,-0.010259503369,1
1.28814333333,2022-01-24T14:17:17.316Z,ETHUSDT,2,2195.85,-0.0109651313503,1
1.28815305556,2022-01-24T14:17:17.351Z,ETHUSDT,2,2195.85,-0.0109651313503,1
1.29118416667,2022-01-24T14:17:28.263Z,ETHUSDT,2,2193.45,-0.0120586999098,1
1.29118527778,2022-01-24T14:17:28.267Z,ETHUSDT,2,2193.45,-0.0120586999098,1
1.29118555556,2022-01-24T14:17:28.268Z,ETHUSDT,2,2193.45,-0.0120586999098,1
1.29128833333,2022-01-24T14:17:28.638Z,ETHUSDT,2,2190.65,-0.0133360432098,1
1.2913425,2022-01-24T14:17:28.833Z,ETHUSDT,2,2189.85,-0.0137012983217,1
1.29263805556,2022-01-24T14:17:33.497Z,ETHUSDT,2,2187.65,-0.0147064383264,1
1.29999916667,2022-01-24T14:17:59.997Z,ETHUSDT,2,2187.9,-0.0145921669775,1
1.30344972222,2022-01-24T14:18:12.419Z,ETHUSDT,2,2184.1,-0.0163305022734,1
1.30345861111,2022-01-24T14:18:12.451Z,ETHUSDT,2,2183.9,-0.0164220773651,1
1.30360166667,2022-01-24T14:18:12.966Z,ETHUSDT,2,2181.5,-0.0175216330721,1
1.30381638889,2022-01-24T14:18:13.739Z,ETHUSDT,2,2179.237,-0.018559531117,3
1.30400027778,2022-01-24T14:18:14.401Z,ETHUSDT,2,2179.1,-0.0186223991329,1
1.32301611111,2022-01-24T14:19:22.858Z,ETHUSDT,2,2186.1,-0.0154152122915,2
1.32419222222,2022-01-24T14:19:27.092Z,ETHUSDT,2,2189.05,-0.0140666868937,1
1.35223444444,2022-01-24T14:21:08.044Z,ETHUSDT,2,2188.3,-0.0144093599755,1
1.36812027778,2022-01-24T14:22:05.233Z,ETHUSDT,2,2192,-0.0127199775679,1
1.36995194444,2022-01-24T14:22:11.827Z,ETHUSDT,2,2195.2,-0.0112611881042,1
1.37072944444,2022-01-24T14:22:14.626Z,ETHUSDT,2,2197.86666667,-0.0100471537194,2
1.43171,2022-01-24T14:25:54.156Z,ETHUSDT,2,2197.3,-0.0103050127326,1
1.43171361111,2022-01-24T14:25:54.169Z,ETHUSDT,2,2197.3,-0.0103050127326,1
1.43171555556,2022-01-24T14:25:54.176Z,ETHUSDT,2,2197.3,-0.0103050127326,1
1.4333975,2022-01-24T14:26:00.231Z,ETHUSDT,2,2197.2,-0.0103505241673,1
1.43339888889,2022-01-24T14:26:00.236Z,ETHUSDT,2,2197.2,-0.0103505241673,1
1.4334,2022-01-24T14:26:00.240Z,ETHUSDT,2,2197.2,-0.0103505241673,1
1.44022611111,2022-01-24T14:26:24.814Z,ETHUSDT,2,2201.45,-0.00841811248533,1
1.44220777778,2022-01-24T14:26:31.948Z,ETHUSDT,2,2201.6,-0.00834997789678,1
1.44222194444,2022-01-24T14:26:31.999Z,ETHUSDT,2,2201.6,-0.00834997789678,1
1.44672472222,2022-01-24T14:26:48.209Z,ETHUSDT,2,2201.6,-0.00834997789678,1
1.44706361111,2022-01-24T14:26:49.429Z,ETHUSDT,2,2201.6,-0.00834997789678,1
1.45020388889,2022-01-24T14:27:00.734Z,ETHUSDT,2,2205.7,-0.00648942781726,1
1.45294833333,2022-01-24T14:27:10.614Z,ETHUSDT,2,2209.8,-0.00463233295673,1
1.45295694444,2022-01-24T14:27:10.645Z,ETHUSDT,2,2209.99848485,-0.00454251671316,2
1.45323611111,2022-01-24T14:27:11.650Z,ETHUSDT,2,2213.1,-0.00314009907743,1
1.4706625,2022-01-24T14:28:14.385Z,ETHUSDT,2,2210.05,-0.00451920694554,1
1.47067861111,2022-01-24T14:28:14.443Z,ETHUSDT,2,2209.65,-0.00470021470674,1
1.47157916667,2022-01-24T14:28:17.685Z,ETHUSDT,2,2210.65,-0.00424775672106,1
1.50084,2022-01-24T14:30:03.024Z,ETHUSDT,2,2204.6,-0.00698826010659,1
1.50181944444,2022-01-24T14:30:06.550Z,ETHUSDT,2,2201.5,-0.00839540043999,1
1.5018275,2022-01-24T14:30:06.579Z,ETHUSDT,2,2201.5,-0.00839540043999,1
1.50257611111,2022-01-24T14:30:09.274Z,ETHUSDT,2,2198.118,-0.0099328069449,3
1.50287638889,2022-01-24T14:30:10.355Z,ETHUSDT,2,2198.85,-0.00959985023165,1
1.50400944444,2022-01-24T14:30:14.434Z,ETHUSDT,2,2198.85,-0.00959985023165,1
1.50707277778,2022-01-24T14:30:25.462Z,ETHUSDT,2,2196.34534884,-0.0107395726945,3
1.50910861111,2022-01-24T14:30:32.791Z,ETHUSDT,2,2192.1,-0.0126743581705,1
1.50911527778,2022-01-24T14:30:32.815Z,ETHUSDT,2,2191.2,-0.0130850076869,1
1.51024527778,2022-01-24T14:30:36.883Z,ETHUSDT,2,2190.05,-0.0136099720356,1
1.516525,2022-01-24T14:30:59.490Z,ETHUSDT,2,2202.4,-0.0079866718074,1
1.51652638889,2022-01-24T14:30:59.495Z,ETHUSDT,2,2202.4,-0.0079866718074,1
1.51889166667,2022-01-24T14:31:08.010Z,ETHUSDT,2,2206.85,-0.00596818725294,2
1.52012583333,2022-01-24T14:31:12.453Z,ETHUSDT,2,2209.55,-0.00474547176685,1
1.52012777778,2022-01-24T14:31:12.460Z,ETHUSDT,2,2209.5475,-0.0047466032196,2
1.52018583333,2022-01-24T14:31:12.669Z,ETHUSDT,2,2209.05,-0.00497178779552,1
1.52069361111,2022-01-24T14:31:14.497Z,ETHUSDT,2,2209.47368421,-0.00478001142762,2
1.52578916667,2022-01-24T14:31:32.841Z,ETHUSDT,2,2214.7,-0.00241739251,1
1.52579888889,2022-01-24T14:31:32.876Z,ETHUSDT,2,2214.75,-0.00239481634366,1
1.52582972222,2022-01-24T14:31:32.987Z,ETHUSDT,2,2215.95,-0.00185314120007,1
1.52593527778,2022-01-24T14:31:33.367Z,ETHUSDT,2,2216.1,-0.001785452433,1
1.52800277778,2022-01-24T14:31:40.810Z,ETHUSDT,2,2214.75,-0.00239481634366,1
1.52800361111,2022-01-24T14:31:40.813Z,ETHUSDT,2,2214.75,-0.00239481634366,1
1.52806083333,2022-01-24T14:31:41.019Z,ETHUSDT,2,2216.568,-0.00157429292286,3
1.52847861111,2022-01-24T14:31:42.523Z,ETHUSDT,2,2218.3,-0.000793209883613,1
1.52855805556,2022-01-24T14:31:42.809Z,ETHUSDT,2,2219.45,-0.000274929211766,1
1.53242972222,2022-01-24T14:31:56.747Z,ETHUSDT,2,2223.4,0.00150320916371,1
1.53297972222,2022-01-24T14:31:58.727Z,ETHUSDT,2,2223.64791667,0.00161470635087,3
1.53299027778,2022-01-24T14:31:58.765Z,ETHUSDT,2,2224.5,0.0019978246103,1
1.53301416667,2022-01-24T14:31:58.851Z,ETHUSDT,2,2224.6,0.00204277752213,1
1.53301611111,2022-01-24T14:31:58.858Z,ETHUSDT,2,2224.6,0.00204277752213,1
1.53319416667,2022-01-24T14:31:59.499Z,ETHUSDT,2,2222.35,0.00103084791105,1
1.53326583333,2022-01-24T14:31:59.757Z,ETHUSDT,2,2222.35,0.00103084791105,1
1.53570166667,2022-01-24T14:32:08.526Z,ETHUSDT,2,2220.65,0.000265599167872,1
1.53639,2022-01-24T14:32:11.004Z,ETHUSDT,2,2221.4,0.000603281097219,1
1.53853722222,2022-01-24T14:32:18.734Z,ETHUSDT,2,2222.35,0.00103084791105,1
1.53860916667,2022-01-24T14:32:18.993Z,ETHUSDT,2,2226.1805,0.00275299006415,3
1.53876972222,2022-01-24T14:32:19.571Z,ETHUSDT,2,2226.6,0.00294141165881,1
1.54100222222,2022-01-24T14:32:27.608Z,ETHUSDT,2,2226.95,0.00309858964074,1
1.54100444444,2022-01-24T14:32:27.616Z,ETHUSDT,2,2226.95,0.00309858964074,1
1.541135,2022-01-24T14:32:28.086Z,ETHUSDT,2,2230.106,0.00451477132096,3
1.54653861111,2022-01-24T14:32:47.539Z,ETHUSDT,2,2226.15,0.00273928937414,1
1.55032861111,2022-01-24T14:33:01.183Z,ETHUSDT,2,2224.3,0.00190791272388,1
1.55033138889,2022-01-24T14:33:01.193Z,ETHUSDT,2,2224.3,0.00190791272388,1
1.552645,2022-01-24T14:33:09.522Z,ETHUSDT,2,2223.05,0.00134578020321,1
1.55330833333,2022-01-24T14:33:11.910Z,ETHUSDT,2,2220.65,0.000265599167872,1
1.55363694444,2022-01-24T14:33:13.093Z,ETHUSDT,2,2220.65,0.000265599167872,1
1.55368,2022-01-24T14:33:13.248Z,ETHUSDT,2,2221.15,0.000490733123526,1
1.55371916667,2022-01-24T14:33:13.389Z,ETHUSDT,2,2221.15,0.000490733123526,1
1.55849027778,2022-01-24T14:33:30.565Z,ETHUSDT,2,2224.9125,0.00218324234856,3
1.55871111111,2022-01-24T14:33:31.360Z,ETHUSDT,2,2225.35,0.00237985996445,1
1.56397583333,2022-01-24T14:33:50.313Z,ETHUSDT,2,2220.8,0.000333144676685,1
1.56664388889,2022-01-24T14:33:59.918Z,ETHUSDT,2,2220.8,0.000333144676685,1
1.57427666667,2022-01-24T14:34:27.396Z,ETHUSDT,2,2212.75,-0.00329826078681,1
1.58552027778,2022-01-24T14:35:07.873Z,ETHUSDT,2,2214.45,-0.00253028098759,1
1.58552861111,2022-01-24T14:35:07.903Z,ETHUSDT,2,2217.1,-0.00133431103764,1
1.60044416667,2022-01-24T14:36:01.599Z,ETHUSDT,2,2216.6,-0.00155985629425,1
1.60044555556,2022-01-24T14:36:01.604Z,ETHUSDT,2,2216.6,-0.00155985629425,1
1.61616361111,2022-01-24T14:36:58.189Z,ETHUSDT,2,2220.25,8.54555028127e-05,1
1.62227333333,2022-01-24T14:37:20.184Z,ETHUSDT,2,2226.77,0.00301775833563,2
1.64100833333,2022-01-24T14:38:27.630Z,ETHUSDT,2,2226.5,0.00289649912596,1
1.6410475,2022-01-24T14:38:27.771Z,ETHUSDT,2,2226.5,0.00289649912596,1
1.64107611111,2022-01-24T14:38:27.874Z,ETHUSDT,2,2230.45,0.00466901218272,1
1.6411,2022-01-24T14:38:27.960Z,ETHUSDT,2,2230.60625,0.00473906285741,2
1.64247861111,2022-01-24T14:38:32.923Z,ETHUSDT,2,2230.4,0.0046465949304,1
1.64248,2022-01-24T14:38:32.928Z,ETHUSDT,2,2230.4,0.0046465949304,1
1.64670916667,2022-01-24T14:38:48.153Z,ETHUSDT,2,2234.75,0.00659501833216,1
1.64752638889,2022-01-24T14:38:51.095Z,ETHUSDT,2,2235.05,0.00672925252629,1
1.64910777778,2022-01-24T14:38:56.788Z,ETHUSDT,2,2239.8,0.00885222951279,1
1.64913583333,2022-01-24T14:38:56.889Z,ETHUSDT,2,2242.18,0.00991426023301,3
1.64926722222,2022-01-24T14:38:57.362Z,ETHUSDT,2,2245.5,0.011393866892,1
1.65591972222,2022-01-24T14:39:21.311Z,ETHUSDT,2,2243.65,0.0105696573625,1
1.65782972222,2022-01-24T14:39:28.187Z,ETHUSDT,2,2243.9,0.010681076734,1
1.65938194444,2022-01-24T14:39:33.775Z,ETHUSDT,2,2243.5,0.0105027997802,1
1.659455,2022-01-24T14:39:34.038Z,ETHUSDT,2,2245.9,0.0115719850739,1
1.65946166667,2022-01-24T14:39:34.062Z,ETHUSDT,2,2246.1,0.0116610322689,1
1.66092277778,2022-01-24T14:39:39.322Z,ETHUSDT,2,2247.242,0.0121693399048,4
1.66121888889,2022-01-24T14:39:40.388Z,ETHUSDT,2,2247.95,0.0124843431375,1
1.66436361111,2022-01-24T14:39:51.709Z,ETHUSDT,2,2243.4,0.0104582255753,1
1.66436472222,2022-01-24T14:39:51.713Z,ETHUSDT,2,2243.4,0.0104582255753,1
1.66582777778,2022-01-24T14:39:56.980Z,ETHUSDT,2,2244.55,0.0109707090144,1
1.66592916667,2022-01-24T14:39:57.345Z,ETHUSDT,2,2244.7,0.0110375353217,1
1.66625944444,2022-01-24T14:39:58.534Z,ETHUSDT,2,2244.7,0.0110375353217,1
1.66626888889,2022-01-24T14:39:58.568Z,ETHUSDT,2,2246.72,0.0119370281931,3
1.6664975,2022-01-24T14:39:59.391Z,ETHUSDT,2,2247.7,0.012373124515,1
1.66810472222,2022-01-24T14:40:05.177Z,ETHUSDT,2,2246.35,0.0117723301132,1
1.66814805556,2022-01-24T14:40:05.333Z,ETHUSDT,2,2246.6,0.0118836155717,1
1.66884805556,2022-01-24T14:40:07.853Z,ETHUSDT,2,2249.468125,0.0131594527295,4
1.66899027778,2022-01-24T14:40:08.365Z,ETHUSDT,2,2250,0.0133958695627,1
1.66928166667,2022-01-24T14:40:09.414Z,ETHUSDT,2,2250,0.0133958695627,3
1.66933972222,2022-01-24T14:40:09.623Z,ETHUSDT,2,2250.65,0.0136847167312,1
1.66935194444,2022-01-24T14:40:09.667Z,ETHUSDT,2,2250.7,0.0137069322887,1
1.68207638889,2022-01-24T14:40:55.475Z,ETHUSDT,2,2250.1,0.0134403130195,1
1.68563888889,2022-01-24T14:41:08.300Z,ETHUSDT,2,2241.55,0.0096332442021,1
1.68577694444,2022-01-24T14:41:08.797Z,ETHUSDT,2,2241.6,0.00965554994694,1
1.70597611111,2022-01-24T14:42:21.514Z,ETHUSDT,2,2241.55,0.0096332442021,1
1.70729444444,2022-01-24T14:42:26.260Z,ETHUSDT,2,2238.5,0.00827165204522,1
1.70924,2022-01-24T14:42:33.264Z,ETHUSDT,2,2236.8,0.00751192640369,1
1.70990638889,2022-01-24T14:42:35.663Z,ETHUSDT,2,2233.3,0.00594596559063,1
1.71016527778,2022-01-24T14:42:36.595Z,ETHUSDT,2,2233.2,0.00590118780041,1
1.71018805556,2022-01-24T14:42:36.677Z,ETHUSDT,2,2233.17014925,0.00588782090726,2
1.71616611111,2022-01-24T14:42:58.198Z,ETHUSDT,2,2233.4,0.00599074137589,1
1.72712722222,2022-01-24T14:43:37.658Z,ETHUSDT,2,2228.3,0.00370461625712,1
1.727205,2022-01-24T14:43:37.938Z,ETHUSDT,2,2227.35,0.00327819137438,1
1.72770388889,2022-01-24T14:43:39.734Z,ETHUSDT,2,2225.95,0.0026494441325,1
1.731445,2022-01-24T14:43:53.202Z,ETHUSDT,2,2222.2,0.000963349514108,1
1.73145583333,2022-01-24T14:43:53.241Z,ETHUSDT,2,2221.65,0.000715816405291,1
1.73148166667,2022-01-24T14:43:53.334Z,ETHUSDT,2,2220.9,0.000378172481362,1
1.73222666667,2022-01-24T14:43:56.016Z,ETHUSDT,2,2219.25,-0.000365045687372,1
1.73297027778,2022-01-24T14:43:58.693Z,ETHUSDT,2,2220.45,0.00017553139181,1
1.7351375,2022-01-24T14:44:06.495Z,ETHUSDT,2,2221.45,0.000625789171992,1
1.73562222222,2022-01-24T14:44:08.240Z,ETHUSDT,2,2221.25,0.00053575383306,1
1.73563111111,2022-01-24T14:44:08.272Z,ETHUSDT,2,2221.25,0.00053575383306,1
1.73579861111,2022-01-24T14:44:08.875Z,ETHUSDT,2,2222.90319149,0.00127973879235,2
1.73580416667,2022-01-24T14:44:08.895Z,ETHUSDT,2,2222.95,0.00130079594769,1
1.7364875,2022-01-24T14:44:11.355Z,ETHUSDT,2,2222.85,0.0012558096685,1
1.73783222222,2022-01-24T14:44:16.196Z,ETHUSDT,2,2220.5,0.000198049096356,1
1.74529944444,2022-01-24T14:44:43.078Z,ETHUSDT,2,2217.05,-0.00135686327426,1
1.74530361111,2022-01-24T14:44:43.093Z,ETHUSDT,2,2217.05,-0.00135686327426,1
1.74539972222,2022-01-24T14:44:43.439Z,ETHUSDT,2,2214.15,-0.00266576398468,1
1.74585388889,2022-01-24T14:44:45.074Z,ETHUSDT,2,2213.45,-0.00298196237923,1
1.74589166667,2022-01-24T14:44:45.210Z,ETHUSDT,2,2213.45,-0.00298196237923,1
1.74589277778,2022-01-24T14:44:45.214Z,ETHUSDT,2,2213.45,-0.00298196237923,1
1.74918277778,2022-01-24T14:44:57.058Z,ETHUSDT,2,2217.2075,-0.0012858254511,2
1.77344638889,2022-01-24T14:46:24.407Z,ETHUSDT,2,2216.75,-0.00149218737568,1
1.77345361111,2022-01-24T14:46:24.433Z,ETHUSDT,2,2216.75,-0.00149218737568,1
1.77559555556,2022-01-24T14:46:32.144Z,ETHUSDT,2,2216.95,-0.00140196927336,1
1.77559777778,2022-01-24T14:46:32.152Z,ETHUSDT,2,2216.95,-0.00140196927336,1
1.77830694444,2022-01-24T14:46:41.905Z,ETHUSDT,2,2210.3,-0.0044060937304,1
1.78140555556,2022-01-24T14:46:53.060Z,ETHUSDT,2,2217.4,-0.00119900829755,1
1.78141361111,2022-01-24T14:46:53.089Z,ETHUSDT,2,2217.4,-0.00119900829755,1
1.78224833333,2022-01-24T14:46:56.094Z,ETHUSDT,2,2217.55,-0.00113136379195,1
1.85269527778,2022-01-24T14:51:09.703Z,ETHUSDT,2,2199.7,-0.00921335922412,1
1.8526975,2022-01-24T14:51:09.711Z,ETHUSDT,2,2199.7,-0.00921335922412,1
1.85358333333,2022-01-24T14:51:12.900Z,ETHUSDT,2,2195.75,-0.0110106728386,1
1.85465083333,2022-01-24T14:51:16.743Z,ETHUSDT,2,2195.7,-0.0110334443605,1
1.85788916667,2022-01-24T14:51:28.401Z,ETHUSDT,2,2189.8,-0.0137241311965,1
1.85827861111,2022-01-24T14:51:29.803Z,ETHUSDT,2,2188.3,-0.0144093599755,1
1.86542388889,2022-01-24T14:51:55.526Z,ETHUSDT,2,2190.2,-0.0135414827941,1
1.86542694444,2022-01-24T14:51:55.537Z,ETHUSDT,2,2190.38877551,-0.0134552955166,2
1.86542861111,2022-01-24T14:51:55.543Z,ETHUSDT,2,2190.45,-0.0134273444812,1
1.8654425,2022-01-24T14:51:55.593Z,ETHUSDT,2,2190.3,-0.0134958259057,1
1.86545861111,2022-01-24T14:51:55.651Z,ETHUSDT,2,2190.95,-0.0131991069306,1
1.86547277778,2022-01-24T14:51:55.702Z,ETHUSDT,2,2191.65,-0.0128796618496,1
1.88580027778,2022-01-24T14:53:08.881Z,ETHUSDT,2,2199.6,-0.00925882100214,1
1.88580722222,2022-01-24T14:53:08.906Z,ETHUSDT,2,2199.6,-0.00925882100214,1
1.90220944444,2022-01-24T14:54:07.954Z,ETHUSDT,2,2199.45,-0.0093270175446,1
1.90508222222,2022-01-24T14:54:18.296Z,ETHUSDT,2,2203.6,-0.00744196003724,1
1.90510805556,2022-01-24T14:54:18.389Z,ETHUSDT,2,2203.6,-0.00744196003724,1
1.90558388889,2022-01-24T14:54:20.102Z,ETHUSDT,2,2205.25,-0.00669346549692,1
1.90558527778,2022-01-24T14:54:20.107Z,ETHUSDT,2,2205.25,-0.00669346549692,1
1.90836527778,2022-01-24T14:54:30.115Z,ETHUSDT,2,2204,-0.007260455363,1
1.91177333333,2022-01-24T14:54:42.384Z,ETHUSDT,2,2202.86083333,-0.00777745226175,3
1.91177611111,2022-01-24T14:54:42.394Z,ETHUSDT,2,2203.56916667,-0.00745595239023,3
1.91180666667,2022-01-24T14:54:42.504Z,ETHUSDT,2,2203.9,-0.00730582844315,1
1.91638555556,2022-01-24T14:54:58.988Z,ETHUSDT,2,2202.7,-0.00785046604569,1
1.91638722222,2022-01-24T14:54:58.994Z,ETHUSDT,2,2202.7,-0.00785046604569,1
1.93739694444,2022-01-24T14:56:14.629Z,ETHUSDT,2,2216.9,-0.00142452303589,1
1.93742611111,2022-01-24T14:56:14.734Z,ETHUSDT,2,2216.9,-0.00142452303589,1
1.93744,2022-01-24T14:56:14.784Z,ETHUSDT,2,2216.9,-0.00142452303589,1
1.93752111111,2022-01-24T14:56:15.076Z,ETHUSDT,2,2216.9,-0.00142452303589,1
1.93752166667,2022-01-24T14:56:15.078Z,ETHUSDT,2,2216.9,-0.00142452303589,1
1.9375225,2022-01-24T14:56:15.081Z,ETHUSDT,2,2216.9,-0.00142452303589,1
1.93754777778,2022-01-24T14:56:15.172Z,ETHUSDT,2,2216.9,-0.00142452303589,1
1.93756111111,2022-01-24T14:56:15.220Z,ETHUSDT,2,2216.9,-0.00142452303589,1
1.93756194444,2022-01-24T14:56:15.223Z,ETHUSDT,2,2216.9,-0.00142452303589,1
1.96950805556,2022-01-24T14:58:10.229Z,ETHUSDT,2,2213.75,-0.00284643653876,1
2.00762,2022-01-24T15:00:27.432Z,ETHUSDT,2,2213.85,-0.00280126533991,1
2.007665,2022-01-24T15:00:27.594Z,ETHUSDT,2,2214.9,-0.00232709090257,1
2.00767138889,2022-01-24T15:00:27.617Z,ETHUSDT,2,2214.9,-0.00232709090257,1
2.00768194444,2022-01-24T15:00:27.655Z,ETHUSDT,2,2214.9,-0.00232709090257,1
2.02067805556,2022-01-24T15:01:14.441Z,ETHUSDT,2,2212.9,-0.00323047413398,1
2.02071722222,2022-01-24T15:01:14.582Z,ETHUSDT,2,2212.9,-0.00323047413398,1
2.02072083333,2022-01-24T15:01:14.595Z,ETHUSDT,2,2212.9,-0.00323047413398,1
2.02995166667,2022-01-24T15:01:47.826Z,ETHUSDT,2,2215,-0.00228194315656,1
2.02995361111,2022-01-24T15:01:47.833Z,ETHUSDT,2,2215,-0.00228194315656,1
2.07699916667,2022-01-24T15:04:37.197Z,ETHUSDT,2,2208.35,-0.00528871630816,1
2.07878638889,2022-01-24T15:04:43.631Z,ETHUSDT,2,2204.15,-0.00719239960262,1
2.07878916667,2022-01-24T15:04:43.641Z,ETHUSDT,2,2204.15,-0.00719239960262,1
2.07879,2022-01-24T15:04:43.644Z,ETHUSDT,2,2203.63464912,-0.00742623628955,3
2.07888638889,2022-01-24T15:04:43.991Z,ETHUSDT,2,2203.6,-0.00744196003724,1
2.07890888889,2022-01-24T15:04:44.072Z,ETHUSDT,2,2202.8712766,-0.00777271150033,2
2.07892,2022-01-24T15:04:44.112Z,ETHUSDT,2,2200.25,-0.00896335638188,1
2.07892361111,2022-01-24T15:04:44.125Z,ETHUSDT,2,2200.25,-0.00896335638188,1
2.07894222222,2022-01-24T15:04:44.192Z,ETHUSDT,2,2200.7,-0.00875885508031,1
2.07894777778,2022-01-24T15:04:44.212Z,ETHUSDT,2,2200.25,-0.00896335638188,1
2.07895333333,2022-01-24T15:04:44.232Z,ETHUSDT,2,2200.25,-0.00896335638188,1
2.07896305556,2022-01-24T15:04:44.267Z,ETHUSDT,2,2200.25,-0.00896335638188,1
2.07902361111,2022-01-24T15:04:44.485Z,ETHUSDT,2,2199.89189189,-0.00912612754594,4
2.08116583333,2022-01-24T15:04:52.197Z,ETHUSDT,2,2196.9,-0.0104870709007,1
2.08958944444,2022-01-24T15:05:22.522Z,ETHUSDT,2,2194.9,-0.0113978592509,1
2.09215027778,2022-01-24T15:05:31.741Z,ETHUSDT,2,2194.85,-0.0114206395915,1
2.09947027778,2022-01-24T15:05:58.093Z,ETHUSDT,2,2199.1,-0.009486160899,1
2.09947138889,2022-01-24T15:05:58.097Z,ETHUSDT,2,2199.1,-0.009486160899,1
2.10621388889,2022-01-24T15:06:22.370Z,ETHUSDT,2,2201.95,-0.00819101524131,1
2.10622861111,2022-01-24T15:06:22.423Z,ETHUSDT,2,2201.84038462,-0.00824079753114,2
2.10623277778,2022-01-24T15:06:22.438Z,ETHUSDT,2,2201.8,-0.0082591389995,1
2.13923083333,2022-01-24T15:08:21.231Z,ETHUSDT,2,2197.1,-0.0103960376735,1
2.15478666667,2022-01-24T15:09:17.232Z,ETHUSDT,2,2198.6,-0.00971355249104,1
2.15788444444,2022-01-24T15:09:28.384Z,ETHUSDT,2,2198.8,-0.00962258964929,1
2.16022055556,2022-01-24T15:09:36.794Z,ETHUSDT,2,2193.2,-0.0121726821059,1
2.16152527778,2022-01-24T15:09:41.491Z,ETHUSDT,2,2189.15,-0.0140210060202,1
2.16152611111,2022-01-24T15:09:41.494Z,ETHUSDT,2,2189.09146341,-0.0140477457905,2
2.17155888889,2022-01-24T15:10:17.612Z,ETHUSDT,2,2185.01,-0.0159139414575,2
2.17157305556,2022-01-24T15:10:17.663Z,ETHUSDT,2,2184.65,-0.0160787140031,1
2.17162694444,2022-01-24T15:10:17.857Z,ETHUSDT,2,2183.8,-0.0164678680558,1
2.1819575,2022-01-24T15:10:55.047Z,ETHUSDT,2,2181.85,-0.0173612058771,1
2.18200722222,2022-01-24T15:10:55.226Z,ETHUSDT,2,2181.85,-0.0173612058771,1
2.18207444444,2022-01-24T15:10:55.468Z,ETHUSDT,2,2180.8266129,-0.0178303614925,4
2.18208,2022-01-24T15:10:55.488Z,ETHUSDT,2,2179.6,-0.0183929729269,1
2.18214361111,2022-01-24T15:10:55.717Z,ETHUSDT,2,2179.6,-0.0183929729269,1
2.182165,2022-01-24T15:10:55.794Z,ETHUSDT,2,2179.6,-0.0183929729269,1
2.18222305556,2022-01-24T15:10:56.003Z,ETHUSDT,2,2179.6,-0.0183929729269,1
2.18223527778,2022-01-24T15:10:56.047Z,ETHUSDT,2,2178.29254386,-0.0189930135045,3
2.18226861111,2022-01-24T15:10:56.167Z,ETHUSDT,2,2177.95,-0.0191502792475,1
2.18228777778,2022-01-24T15:10:56.236Z,ETHUSDT,2,2177.95,-0.0191502792475,1
2.18229583333,2022-01-24T15:10:56.265Z,ETHUSDT,2,2177.95,-0.0191502792475,1
2.18267111111,2022-01-24T15:10:57.616Z,ETHUSDT,2,2174.75,-0.0206206312482,1
2.18270916667,2022-01-24T15:10:57.753Z,ETHUSDT,2,2174.75,-0.0206206312482,1
2.18274972222,2022-01-24T15:10:57.899Z,ETHUSDT,2,2174.75,-0.0206206312482,1
2.18277944444,2022-01-24T15:10:58.006Z,ETHUSDT,2,2174.75,-0.0206206312482,1
2.18280055556,2022-01-24T15:10:58.082Z,ETHUSDT,2,2174.75,-0.0206206312482,1
2.18282,2022-01-24T15:10:58.152Z,ETHUSDT,2,2174.75,-0.0206206312482,1
2.18284333333,2022-01-24T15:10:58.236Z,ETHUSDT,2,2174.75,-0.0206206312482,1
2.18286194444,2022-01-24T15:10:58.303Z,ETHUSDT,2,2174.75,-0.0206206312482,1
2.18289111111,2022-01-24T15:10:58.408Z,ETHUSDT,2,2171.25654762,-0.0222282924862,4
2.18355861111,2022-01-24T15:11:00.811Z,ETHUSDT,2,2169.65,-0.0229684824326,1
2.18366527778,2022-01-24T15:11:01.195Z,ETHUSDT,2,2169.58164557,-0.0229999877478,3
2.18512444444,2022-01-24T15:11:06.448Z,ETHUSDT,2,2172.4,-0.0217017994751,1
2.18536111111,2022-01-24T15:11:07.300Z,ETHUSDT,2,2170.025,-0.0227956584303,2
2.18665694444,2022-01-24T15:11:11.965Z,ETHUSDT,2,2169.4085,-0.0230797969033,5
2.18745694444,2022-01-24T15:11:14.845Z,ETHUSDT,2,2167.25,-0.0240752638871,1
2.18746,2022-01-24T15:11:14.856Z,ETHUSDT,2,2166.26987179,-0.0245276112863,3
2.18908888889,2022-01-24T15:11:20.720Z,ETHUSDT,2,2169.75,-0.0229223931114,1
2.19571055556,2022-01-24T15:11:44.558Z,ETHUSDT,2,2177.1,-0.0195406306836,1
2.19632138889,2022-01-24T15:11:46.757Z,ETHUSDT,2,2172.8,-0.0215176882714,1
2.20409111111,2022-01-24T15:12:14.728Z,ETHUSDT,2,2192.95,-0.0122866772954,1
2.20409222222,2022-01-24T15:12:14.732Z,ETHUSDT,2,2192.95,-0.0122866772954,1
2.20427694444,2022-01-24T15:12:15.397Z,ETHUSDT,2,2195.59375,-0.0110818355664,2
2.20428861111,2022-01-24T15:12:15.439Z,ETHUSDT,2,2196.97647059,-0.0104522631,3
2.20454361111,2022-01-24T15:12:16.357Z,ETHUSDT,2,2196.85,-0.0105098305024,1
2.20559416667,2022-01-24T15:12:20.139Z,ETHUSDT,2,2196.85,-0.0105098305024,1
2.20628666667,2022-01-24T15:12:22.632Z,ETHUSDT,2,2197.1,-0.0103960376735,1
2.20913111111,2022-01-24T15:12:32.872Z,ETHUSDT,2,2187.6,-0.0147292941632,1
2.21127861111,2022-01-24T15:12:40.603Z,ETHUSDT,2,2188,-0.0145464620939,1
2.21127888889,2022-01-24T15:12:40.604Z,ETHUSDT,2,2188,-0.0145464620939,1
2.21398,2022-01-24T15:12:50.328Z,ETHUSDT,2,2187.3,-0.0148664401553,1
2.22166888889,2022-01-24T15:13:18.008Z,ETHUSDT,2,2185.25,-0.0158041081752,1
2.22475388889,2022-01-24T15:13:29.114Z,ETHUSDT,2,2182.47892562,-0.017072994042,2
2.2249475,2022-01-24T15:13:29.811Z,ETHUSDT,2,2184.55,-0.0161244889734,2
2.23392194444,2022-01-24T15:14:02.119Z,ETHUSDT,2,2184.3,-0.016238935567,1
2.23393333333,2022-01-24T15:14:02.160Z,ETHUSDT,2,2184.3,-0.016238935567,1
2.23925027778,2022-01-24T15:14:21.301Z,ETHUSDT,2,2188.2,-0.0144550585931,1
2.23925333333,2022-01-24T15:14:21.312Z,ETHUSDT,2,2188.2,-0.0144550585931,1
2.24049194444,2022-01-24T15:14:25.771Z,ETHUSDT,2,2196.65,-0.0106008740896,1
2.24088777778,2022-01-24T15:14:27.196Z,ETHUSDT,2,2197.95,-0.0100092388837,1
2.24089694444,2022-01-24T15:14:27.229Z,ETHUSDT,2,2198.5,-0.00975903701494,1
2.24090666667,2022-01-24T15:14:27.264Z,ETHUSDT,2,2198.75,-0.00964532958403,1
2.24092583333,2022-01-24T15:14:27.333Z,ETHUSDT,2,2199.25,-0.00941795350302,1
2.24103333333,2022-01-24T15:14:27.720Z,ETHUSDT,2,2198.55,-0.00973629449438,1
2.24110527778,2022-01-24T15:14:27.979Z,ETHUSDT,2,2198.55,-0.00973629449438,1
2.24110916667,2022-01-24T15:14:27.993Z,ETHUSDT,2,2198.55,-0.00973629449438,1
2.25383111111,2022-01-24T15:15:13.792Z,ETHUSDT,2,2187.95,-0.0145693142746,1
2.25551722222,2022-01-24T15:15:19.862Z,ETHUSDT,2,2185.65,-0.0156210795078,1
2.25879138889,2022-01-24T15:15:31.649Z,ETHUSDT,2,2185.15,-0.0158498705768,1
2.258825,2022-01-24T15:15:31.770Z,ETHUSDT,2,2185.15,-0.0158498705768,1
2.27725583333,2022-01-24T15:16:38.121Z,ETHUSDT,2,2182.45,-0.0170862476919,1
2.28193555556,2022-01-24T15:16:54.968Z,ETHUSDT,2,2190.2,-0.0135414827941,1
2.28193638889,2022-01-24T15:16:54.971Z,ETHUSDT,2,2190.2,-0.0135414827941,1
2.2839775,2022-01-24T15:17:02.319Z,ETHUSDT,2,2190.95,-0.0131991069306,1
2.2841425,2022-01-24T15:17:02.913Z,ETHUSDT,2,2194.5,-0.0115801165075,1
2.28890805556,2022-01-24T15:17:20.069Z,ETHUSDT,2,2191.05,-0.0131534656709,1
2.28907194444,2022-01-24T15:17:20.659Z,ETHUSDT,2,2192.85,-0.0123322790101,1
2.28907305556,2022-01-24T15:17:20.663Z,ETHUSDT,2,2192.85,-0.0123322790101,1
2.28951166667,2022-01-24T15:17:22.242Z,ETHUSDT,2,2191.1,-0.0131306458222,2
2.30051805556,2022-01-24T15:18:01.865Z,ETHUSDT,2,2189.2,-0.013998166366,1
2.30052833333,2022-01-24T15:18:01.902Z,ETHUSDT,2,2189.2,-0.013998166366,1
2.30064194444,2022-01-24T15:18:02.311Z,ETHUSDT,2,2187.95,-0.0145693142746,1
2.3006475,2022-01-24T15:18:02.331Z,ETHUSDT,2,2187.95,-0.0145693142746,1
2.30065277778,2022-01-24T15:18:02.350Z,ETHUSDT,2,2187.9,-0.0145921669775,1
2.30110861111,2022-01-24T15:18:03.991Z,ETHUSDT,2,2186.25,-0.015346599303,1
2.32303805556,2022-01-24T15:19:22.937Z,ETHUSDT,2,2186.95,-0.0150264675889,1
2.33137972222,2022-01-24T15:19:52.967Z,ETHUSDT,2,2187.75,-0.0146607282199,1
2.33138083333,2022-01-24T15:19:52.971Z,ETHUSDT,2,2187.8,-0.0146378739501,3
2.35363,2022-01-24T15:21:13.068Z,ETHUSDT,2,2193.2,-0.0121726821059,1
2.35975333333,2022-01-24T15:21:35.112Z,ETHUSDT,2,2195.7,-0.0110334443605,3
2.35975666667,2022-01-24T15:21:35.124Z,ETHUSDT,2,2195.75,-0.0110106728386,1
2.35975777778,2022-01-24T15:21:35.128Z,ETHUSDT,2,2195.75,-0.0110106728386,1
2.35980805556,2022-01-24T15:21:35.309Z,ETHUSDT,2,2196.8,-0.0105325906221,1
2.35984166667,2022-01-24T15:21:35.430Z,ETHUSDT,2,2197.4,-0.010259503369,1
2.36043277778,2022-01-24T15:21:37.558Z,ETHUSDT,2,2200.2,-0.00898608133047,1
2.36728472222,2022-01-24T15:22:02.225Z,ETHUSDT,2,2195.55,-0.0111017620377,1
2.37586388889,2022-01-24T15:22:33.110Z,ETHUSDT,2,2195.5,-0.011124535634,1
2.39920416667,2022-01-24T15:23:57.135Z,ETHUSDT,2,2207.5,-0.00567369315769,1
2.39924666667,2022-01-24T15:23:57.288Z,ETHUSDT,2,2207.5,-0.00567369315769,1
2.39925972222,2022-01-24T15:23:57.335Z,ETHUSDT,2,2207.5,-0.00567369315769,1
2.41951666667,2022-01-24T15:25:10.260Z,ETHUSDT,2,2215.6,-0.00201109947685,1
2.41952277778,2022-01-24T15:25:10.282Z,ETHUSDT,2,2219.03629283,-0.000461347345794,5
2.41959166667,2022-01-24T15:25:10.530Z,ETHUSDT,2,2219.25,-0.000365045687372,1
2.41964166667,2022-01-24T15:25:10.710Z,ETHUSDT,2,2227.38688953,0.00329475330859,2
2.41965805556,2022-01-24T15:25:10.769Z,ETHUSDT,2,2227.4,0.0033006393232,1
2.41991055556,2022-01-24T15:25:11.678Z,ETHUSDT,2,2225.55,0.00246972942911,1
2.42001333333,2022-01-24T15:25:12.048Z,ETHUSDT,2,2227.35,0.00327819137438,1
2.42011138889,2022-01-24T15:25:12.401Z,ETHUSDT,2,2229.03064516,0.00403245604555,2
2.42042305556,2022-01-24T15:25:13.523Z,ETHUSDT,2,2239.628,0.00877543399333,2
2.42102833333,2022-01-24T15:25:15.702Z,ETHUSDT,2,2239.549,0.0087401596561,5
2.421415,2022-01-24T15:25:17.094Z,ETHUSDT,2,2239.75,0.00882990584189,1
2.42258166667,2022-01-24T15:25:21.294Z,ETHUSDT,2,2234.95,0.00668450979697,1
2.42800805556,2022-01-24T15:25:40.829Z,ETHUSDT,2,2236.7,0.00746721868042,1
2.42803083333,2022-01-24T15:25:40.911Z,ETHUSDT,2,2237,0.00760133585433,1
2.42893611111,2022-01-24T15:25:44.170Z,ETHUSDT,2,2239.75,0.00882990584189,2
2.42894388889,2022-01-24T15:25:44.198Z,ETHUSDT,2,2239.75,0.00882990584189,1
2.42985416667,2022-01-24T15:25:47.475Z,ETHUSDT,2,2242.75,0.0101684448036,1
2.43443194444,2022-01-24T15:26:03.955Z,ETHUSDT,2,2239.2,0.00858431256544,1
2.43443472222,2022-01-24T15:26:03.965Z,ETHUSDT,2,2239.2,0.00858431256544,1
2.44135527778,2022-01-24T15:26:28.879Z,ETHUSDT,2,2233.86456954,0.0061987297459,2
2.44135638889,2022-01-24T15:26:28.883Z,ETHUSDT,2,2233.85,0.006192207603,1
2.44166472222,2022-01-24T15:26:29.993Z,ETHUSDT,2,2236.55,0.00740015334759,1
2.4416725,2022-01-24T15:26:30.021Z,ETHUSDT,2,2236.55,0.00740015334759,1
2.45108,2022-01-24T15:27:03.888Z,ETHUSDT,2,2229.35,0.00417571650924,1
2.45108083333,2022-01-24T15:27:03.891Z,ETHUSDT,2,2229.35,0.00417571650924,1
2.45108833333,2022-01-24T15:27:03.918Z,ETHUSDT,2,2229.34166667,0.00417197849192,2
2.45108972222,2022-01-24T15:27:03.923Z,ETHUSDT,2,2229.3,0.00415328819573,1
2.4511025,2022-01-24T15:27:03.969Z,ETHUSDT,2,2229.3,0.00415328819573,1
2.45160138889,2022-01-24T15:27:05.765Z,ETHUSDT,2,2228.5,0.00379436675081,1
2.45712527778,2022-01-24T15:27:25.651Z,ETHUSDT,2,2246.57712766,0.0118734346508,3
2.45816555556,2022-01-24T15:27:29.396Z,ETHUSDT,2,2246.3,0.0117500715353,1
2.45861611111,2022-01-24T15:27:31.018Z,ETHUSDT,2,2244.9,0.0111266301186,1
2.46329861111,2022-01-24T15:27:47.875Z,ETHUSDT,2,2245.7,0.0114829299487,1
2.46560194444,2022-01-24T15:27:56.167Z,ETHUSDT,2,2242.7,0.0101461504964,1
2.46574777778,2022-01-24T15:27:56.692Z,ETHUSDT,2,2244.8,0.0110820837124,1
2.46574888889,2022-01-24T15:27:56.696Z,ETHUSDT,2,2244.8,0.0110820837124,1
2.46576888889,2022-01-24T15:27:56.768Z,ETHUSDT,2,2248,0.0125065853778,1
2.46577166667,2022-01-24T15:27:56.778Z,ETHUSDT,2,2248,0.0125065853778,1
2.47008944444,2022-01-24T15:28:12.322Z,ETHUSDT,2,2240.4,0.00912007469988,2
2.47410416667,2022-01-24T15:28:26.775Z,ETHUSDT,2,2237.478,0.00781499206264,3
2.48424361111,2022-01-24T15:29:03.277Z,ETHUSDT,2,2236.4,0.00733308351669,1
2.48424472222,2022-01-24T15:29:03.281Z,ETHUSDT,2,2236.4,0.00733308351669,1
2.48479888889,2022-01-24T15:29:05.276Z,ETHUSDT,2,2237.75,0.00793655011525,1
2.48820722222,2022-01-24T15:29:17.546Z,ETHUSDT,2,2237,0.00760133585433,1
2.48831388889,2022-01-24T15:29:17.930Z,ETHUSDT,2,2237,0.00760133585433,1
2.49513555556,2022-01-24T15:29:42.488Z,ETHUSDT,2,2236.65,0.00744486406923,1
2.49881611111,2022-01-24T15:29:55.738Z,ETHUSDT,2,2236.65,0.00744486406923,1
2.49882055556,2022-01-24T15:29:55.754Z,ETHUSDT,2,2236.3,0.00728836779687,1
2.49906638889,2022-01-24T15:29:56.639Z,ETHUSDT,2,2234.7,0.00657264421454,1
2.49908,2022-01-24T15:29:56.688Z,ETHUSDT,2,2234.7,0.00657264421454,1
2.51208083333,2022-01-24T15:30:43.491Z,ETHUSDT,2,2238.8,0.0084056613814,1
2.51626694444,2022-01-24T15:30:58.561Z,ETHUSDT,2,2241.05,0.00941015938432,1
2.51626722222,2022-01-24T15:30:58.562Z,ETHUSDT,2,2241.05,0.00941015938432,1
2.51631888889,2022-01-24T15:30:58.748Z,ETHUSDT,2,2240.3,0.00907543881708,1
2.51720888889,2022-01-24T15:31:01.952Z,ETHUSDT,2,2239.2,0.00858431256544,1
2.5172125,2022-01-24T15:31:01.965Z,ETHUSDT,2,2239.2,0.00858431256544,1
2.53237666667,2022-01-24T15:31:56.556Z,ETHUSDT,2,2238.65,0.00833865895812,1
2.53528166667,2022-01-24T15:32:07.014Z,ETHUSDT,2,2240.85,0.00932091152064,1
2.53986694444,2022-01-24T15:32:23.521Z,ETHUSDT,2,2246.78571429,0.0119662767531,2
2.53993861111,2022-01-24T15:32:23.779Z,ETHUSDT,2,2247.9,0.0124621004026,1
2.55244277778,2022-01-24T15:33:08.794Z,ETHUSDT,2,2255.15,0.0156821429357,1
2.55244305556,2022-01-24T15:33:08.795Z,ETHUSDT,2,2255.15,0.0156821429357,1
2.55251361111,2022-01-24T15:33:09.049Z,ETHUSDT,2,2255.2,0.0157043141641,1
2.55260694444,2022-01-24T15:33:09.385Z,ETHUSDT,2,2257.4,0.0166793618857,1
2.55316916667,2022-01-24T15:33:11.409Z,ETHUSDT,2,2255.2,0.0157043141641,1
2.55597388889,2022-01-24T15:33:21.506Z,ETHUSDT,2,2257.55,0.0167458078043,1
2.55765638889,2022-01-24T15:33:27.563Z,ETHUSDT,2,2264.4,0.0197754765267,1
2.55896111111,2022-01-24T15:33:32.260Z,ETHUSDT,2,2261.55,0.0185160722572,1
2.55900833333,2022-01-24T15:33:32.430Z,ETHUSDT,2,2263.35,0.019311669992,1
2.55904694444,2022-01-24T15:33:32.569Z,ETHUSDT,2,2267.40714286,0.021102604184,2
2.56443055556,2022-01-24T15:33:51.950Z,ETHUSDT,2,2259.35,0.0175428146432,1
2.56685527778,2022-01-24T15:34:00.679Z,ETHUSDT,2,2255.2,0.0157043141641,1
2.56759361111,2022-01-24T15:34:03.337Z,ETHUSDT,2,2252.97313433,0.014716390326,2
2.57009972222,2022-01-24T15:34:12.359Z,ETHUSDT,2,2256,0.0160589869821,1
2.57501083333,2022-01-24T15:34:30.039Z,ETHUSDT,2,2260.9,0.0182286174465,1
2.57966222222,2022-01-24T15:34:46.784Z,ETHUSDT,2,2261.05,0.0182949605065,1
2.57968583333,2022-01-24T15:34:46.869Z,ETHUSDT,2,2261.05,0.0182949605065,1
2.58377527778,2022-01-24T15:35:01.591Z,ETHUSDT,2,2254.65,0.0154604036115,1
2.587495,2022-01-24T15:35:14.982Z,ETHUSDT,2,2251.5,0.0140623141058,1
2.58767,2022-01-24T15:35:15.612Z,ETHUSDT,2,2251.5,0.0140623141058,1
2.59237222222,2022-01-24T15:35:32.540Z,ETHUSDT,2,2247.95,0.0124843431375,1
2.59246416667,2022-01-24T15:35:32.871Z,ETHUSDT,2,2247.95,0.0124843431375,1
2.59748888889,2022-01-24T15:35:50.960Z,ETHUSDT,2,2252.52407407,0.0145170515028,2
2.59762472222,2022-01-24T15:35:51.449Z,ETHUSDT,2,2251.2,0.0139290607243,1
2.59762888889,2022-01-24T15:35:51.464Z,ETHUSDT,2,2251.2,0.0139290607243,1
2.60173388889,2022-01-24T15:36:06.242Z,ETHUSDT,2,2259.5,0.0176092032155,1
2.60504027778,2022-01-24T15:36:18.145Z,ETHUSDT,2,2264.25,0.0197092316193,1
2.60580833333,2022-01-24T15:36:20.910Z,ETHUSDT,2,2266.75,0.0208127408904,1
2.64237583333,2022-01-24T15:38:32.553Z,ETHUSDT,2,2267.65,0.0212097063155,1
2.65168472222,2022-01-24T15:39:06.065Z,ETHUSDT,2,2269.25,0.0219150337709,1
2.65971777778,2022-01-24T15:39:34.984Z,ETHUSDT,2,2265.25,0.0201507814664,1
2.67640222222,2022-01-24T15:40:35.048Z,ETHUSDT,2,2262,0.0187150310403,1
2.67654777778,2022-01-24T15:40:35.572Z,ETHUSDT,2,2260.027,0.0178424134618,5
2.67676944444,2022-01-24T15:40:36.370Z,ETHUSDT,2,2260.1,0.0178747134392,1
2.67969277778,2022-01-24T15:40:46.894Z,ETHUSDT,2,2254.985,0.0156089743942,4
2.67981916667,2022-01-24T15:40:47.349Z,ETHUSDT,2,2255.6,0.0158816662972,1
2.68484194444,2022-01-24T15:41:05.431Z,ETHUSDT,2,2261.45,0.0184718538181,1
2.68484305556,2022-01-24T15:41:05.435Z,ETHUSDT,2,2261.45,0.0184718538181,1
2.69810083333,2022-01-24T15:41:53.163Z,ETHUSDT,2,2255.8,0.01597033057,1
2.69830472222,2022-01-24T15:41:53.897Z,ETHUSDT,2,2255.8,0.01597033057,1
2.69833666667,2022-01-24T15:41:54.012Z,ETHUSDT,2,2255.8,0.01597033057,1
2.69946722222,2022-01-24T15:41:58.082Z,ETHUSDT,2,2256.75,0.0163913785425,1
2.69948638889,2022-01-24T15:41:58.151Z,ETHUSDT,2,2257.45,0.0167015110158,1
2.69970444444,2022-01-24T15:41:58.936Z,ETHUSDT,2,2259.85,0.0177640927464,1
2.69971805556,2022-01-24T15:41:58.985Z,ETHUSDT,2,2259.85,0.0177640927464,1
2.69971888889,2022-01-24T15:41:58.988Z,ETHUSDT,2,2259.85,0.0177640927464,1
2.73445555556,2022-01-24T15:44:04.040Z,ETHUSDT,2,2260.5,0.0180516810989,1
2.734575,2022-01-24T15:44:04.470Z,ETHUSDT,2,2260.75,0.0181622699848,1
2.73794888889,2022-01-24T15:44:16.616Z,ETHUSDT,2,2263.75,0.0194883835618,1
2.74396277778,2022-01-24T15:44:38.266Z,ETHUSDT,2,2268.45,0.0215624322291,1
2.7491475,2022-01-24T15:44:56.931Z,ETHUSDT,2,2269.2,0.0218929998166,1
2.75443388889,2022-01-24T15:45:15.962Z,ETHUSDT,2,2265.05,0.0200624870929,1
2.75443472222,2022-01-24T15:45:15.965Z,ETHUSDT,2,2265.05,0.0200624870929,1
2.75781222222,2022-01-24T15:45:28.124Z,ETHUSDT,2,2262.15,0.018781341839,1
2.75781444444,2022-01-24T15:45:28.132Z,ETHUSDT,2,2262.15,0.018781341839,1
2.78602027778,2022-01-24T15:47:09.673Z,ETHUSDT,2,2261.45,0.0184718538181,1
2.78603333333,2022-01-24T15:47:09.720Z,ETHUSDT,2,2261.45,0.0184718538181,1
2.79638694444,2022-01-24T15:47:46.993Z,ETHUSDT,2,2259.25,0.0174985531463,1
2.81547277778,2022-01-24T15:48:55.702Z,ETHUSDT,2,2249.6425,0.0132369680496,3
2.81566166667,2022-01-24T15:48:56.382Z,ETHUSDT,2,2249.5,0.0131736226454,1
2.81569333333,2022-01-24T15:48:56.496Z,ETHUSDT,2,2249.3,0.0130847100465,1
2.88636916667,2022-01-24T15:53:10.929Z,ETHUSDT,2,2259.4,0.017564944657,1
2.89075083333,2022-01-24T15:53:26.703Z,ETHUSDT,2,2260.9,0.0182286174465,1
2.89126055556,2022-01-24T15:53:28.538Z,ETHUSDT,2,2264.1,0.0196429823231,1
2.89126916667,2022-01-24T15:53:28.569Z,ETHUSDT,2,2264.1,0.0196429823231,1
2.91328638889,2022-01-24T15:54:47.831Z,ETHUSDT,2,2275.45,0.0246434883868,1
2.91328861111,2022-01-24T15:54:47.839Z,ETHUSDT,2,2275.45,0.0246434883868,1
2.91495361111,2022-01-24T15:54:53.833Z,ETHUSDT,2,2281.228,0.0271795478129,2
2.91535083333,2022-01-24T15:54:55.263Z,ETHUSDT,2,2279.2,0.0262901575479,1
2.91638805556,2022-01-24T15:54:58.997Z,ETHUSDT,2,2281.25,0.027189191695,1
2.93569055556,2022-01-24T15:56:08.486Z,ETHUSDT,2,2278.15,0.0258293634379,1
2.93591888889,2022-01-24T15:56:09.308Z,ETHUSDT,2,2276.25,0.024995005406,1
2.93595,2022-01-24T15:56:09.420Z,ETHUSDT,2,2276.25,0.024995005406,1
2.975685,2022-01-24T15:58:32.466Z,ETHUSDT,2,2276.55,0.0251267924384,1
2.97925777778,2022-01-24T15:58:45.328Z,ETHUSDT,2,2274.15,0.0240720095599,1
2.98823916667,2022-01-24T15:59:17.661Z,ETHUSDT,2,2273.1,0.0236101919696,1
2.98825861111,2022-01-24T15:59:17.731Z,ETHUSDT,2,2273.1,0.0236101919696,1
3.01822,2022-01-24T16:01:05.592Z,ETHUSDT,2,2267.15,0.020989189423,1
3.01823944444,2022-01-24T16:01:05.662Z,ETHUSDT,2,2267.2,0.0210112433006,1
3.04035055556,2022-01-24T16:02:25.262Z,ETHUSDT,2,2269.45,0.0220031647336,1
3.04219694444,2022-01-24T16:02:31.909Z,ETHUSDT,2,2269.5,0.0220251962607,1
3.04225722222,2022-01-24T16:02:32.126Z,ETHUSDT,2,2269.5,0.0220251962607,1
3.045675,2022-01-24T16:02:44.430Z,ETHUSDT,2,2269.05,0.0218268950405,1
3.04587444444,2022-01-24T16:02:45.148Z,ETHUSDT,2,2269,0.021804859144,1
3.05539277778,2022-01-24T16:03:19.414Z,ETHUSDT,2,2269.2,0.0218929998166,1
3.06879722222,2022-01-24T16:04:07.670Z,ETHUSDT,2,2264.55,0.0198417170461,1
3.08871111111,2022-01-24T16:05:19.360Z,ETHUSDT,2,2257.75,0.0168343954951,1
3.10751527778,2022-01-24T16:06:27.055Z,ETHUSDT,2,2259.45,0.0175870741811,1
3.11615027778,2022-01-24T16:06:58.141Z,ETHUSDT,2,2262,0.0187150310403,1
3.11615222222,2022-01-24T16:06:58.148Z,ETHUSDT,2,2262,0.0187150310403,1
3.11615583333,2022-01-24T16:06:58.161Z,ETHUSDT,2,2262,0.0187150310403,1
3.11615777778,2022-01-24T16:06:58.168Z,ETHUSDT,2,2262,0.0187150310403,1
3.11617055556,2022-01-24T16:06:58.214Z,ETHUSDT,2,2262,0.0187150310403,1
3.11617111111,2022-01-24T16:06:58.216Z,ETHUSDT,2,2262,0.0187150310403,1
3.1380675,2022-01-24T16:08:17.043Z,ETHUSDT,2,2259.55,0.0176313317603,1
3.13941722222,2022-01-24T16:08:21.902Z,ETHUSDT,2,2259.55,0.0176313317603,1
3.14758166667,2022-01-24T16:08:51.294Z,ETHUSDT,2,2261.35,0.0184276334237,1
3.14758472222,2022-01-24T16:08:51.305Z,ETHUSDT,2,2261.35,0.0184276334237,1
3.147585,2022-01-24T16:08:51.306Z,ETHUSDT,2,2261.35,0.0184276334237,1
3.14758666667,2022-01-24T16:08:51.312Z,ETHUSDT,2,2261.35,0.0184276334237,1
3.1502175,2022-01-24T16:09:00.783Z,ETHUSDT,2,2267,0.0209230248717,1
3.16082638889,2022-01-24T16:09:38.975Z,ETHUSDT,2,2265.1,0.0200845614171,1
3.17459222222,2022-01-24T16:10:28.532Z,ETHUSDT,2,2266.65,0.0207686238921,1
3.18180388889,2022-01-24T16:10:54.494Z,ETHUSDT,2,2258.95,0.0173657568998,1
3.18181166667,2022-01-24T16:10:54.522Z,ETHUSDT,2,2258.95,0.0173657568998,1
3.18185583333,2022-01-24T16:10:54.681Z,ETHUSDT,2,2258.95,0.0173657568998,1
3.19143583333,2022-01-24T16:11:29.169Z,ETHUSDT,2,2261.05,0.0182949605065,1
3.26248777778,2022-01-24T16:15:44.956Z,ETHUSDT,2,2268.75,0.0216946723774,1
3.26796111111,2022-01-24T16:16:04.660Z,ETHUSDT,2,2269.2,0.0218929998166,1
3.2680125,2022-01-24T16:16:04.845Z,ETHUSDT,2,2269.95,0.0222234581653,1
3.26810555556,2022-01-24T16:16:05.180Z,ETHUSDT,2,2271.95,0.0231041469208,1
3.27831166667,2022-01-24T16:16:41.922Z,ETHUSDT,2,2275.65,0.0247313792264,1
3.28245972222,2022-01-24T16:16:56.855Z,ETHUSDT,2,2282.45,0.0277150807883,1
3.28246833333,2022-01-24T16:16:56.886Z,ETHUSDT,2,2282.45,0.0277150807883,1
3.28250166667,2022-01-24T16:16:57.006Z,ETHUSDT,2,2284.35,0.02854717333,1
3.28632777778,2022-01-24T16:17:10.780Z,ETHUSDT,2,2294.13412698,0.0328211389511,2
3.29092583333,2022-01-24T16:17:27.333Z,ETHUSDT,2,2287.4,0.0298814547113,1
3.29102305556,2022-01-24T16:17:27.683Z,ETHUSDT,2,2287.4,0.0298814547113,1
3.29102555556,2022-01-24T16:17:27.692Z,ETHUSDT,2,2287.4,0.0298814547113,1
3.30192333333,2022-01-24T16:18:06.924Z,ETHUSDT,2,2289.08,0.0306156434658,2
3.31140277778,2022-01-24T16:18:41.050Z,ETHUSDT,2,2280.15,0.0267068836223,1
3.31310666667,2022-01-24T16:18:47.184Z,ETHUSDT,2,2275.89225,0.024837826662,4
3.31900555556,2022-01-24T16:19:08.420Z,ETHUSDT,2,2275.45,0.0246434883868,1
3.31909611111,2022-01-24T16:19:08.746Z,ETHUSDT,2,2275.45,0.0246434883868,1
3.3191325,2022-01-24T16:19:08.877Z,ETHUSDT,2,2275.45,0.0246434883868,1
3.31913333333,2022-01-24T16:19:08.880Z,ETHUSDT,2,2275.45,0.0246434883868,1
3.31918833333,2022-01-24T16:19:09.078Z,ETHUSDT,2,2275.45,0.0246434883868,1
3.31921694444,2022-01-24T16:19:09.181Z,ETHUSDT,2,2275.45,0.0246434883868,1
3.31922027778,2022-01-24T16:19:09.193Z,ETHUSDT,2,2275.45,0.0246434883868,1
3.31953444444,2022-01-24T16:19:10.324Z,ETHUSDT,2,2275.45,0.0246434883868,1
3.31954166667,2022-01-24T16:19:10.350Z,ETHUSDT,2,2275.45,0.0246434883868,1
3.31954694444,2022-01-24T16:19:10.369Z,ETHUSDT,2,2275.45,0.0246434883868,1
3.31957166667,2022-01-24T16:19:10.458Z,ETHUSDT,2,2275.45,0.0246434883868,1
3.319575,2022-01-24T16:19:10.470Z,ETHUSDT,2,2275.45,0.0246434883868,1
3.31957861111,2022-01-24T16:19:10.483Z,ETHUSDT,2,2275.45,0.0246434883868,1
3.31960638889,2022-01-24T16:19:10.583Z,ETHUSDT,2,2275.45,0.0246434883868,1
3.31960722222,2022-01-24T16:19:10.586Z,ETHUSDT,2,2275.45,0.0246434883868,1
3.31960777778,2022-01-24T16:19:10.588Z,ETHUSDT,2,2275.45,0.0246434883868,1
3.31960972222,2022-01-24T16:19:10.595Z,ETHUSDT,2,2275.45,0.0246434883868,1
3.31961055556,2022-01-24T16:19:10.598Z,ETHUSDT,2,2275.45,0.0246434883868,1
3.31961166667,2022-01-24T16:19:10.602Z,ETHUSDT,2,2275.45,0.0246434883868,1
3.31961305556,2022-01-24T16:19:10.607Z,ETHUSDT,2,2275.45,0.0246434883868,1
3.31961388889,2022-01-24T16:19:10.610Z,ETHUSDT,2,2275.45,0.0246434883868,1
3.31961638889,2022-01-24T16:19:10.619Z,ETHUSDT,2,2275.45,0.0246434883868,1
3.31962944444,2022-01-24T16:19:10.666Z,ETHUSDT,2,2275.45,0.0246434883868,1
3.31963166667,2022-01-24T16:19:10.674Z,ETHUSDT,2,2275.45,0.0246434883868,1
3.31964333333,2022-01-24T16:19:10.716Z,ETHUSDT,2,2275.45,0.0246434883868,1
3.31964444444,2022-01-24T16:19:10.720Z,ETHUSDT,2,2275.45,0.0246434883868,1
3.31964583333,2022-01-24T16:19:10.725Z,ETHUSDT,2,2275.45,0.0246434883868,1
3.31964916667,2022-01-24T16:19:10.737Z,ETHUSDT,2,2275.45,0.0246434883868,1
3.31965027778,2022-01-24T16:19:10.741Z,ETHUSDT,2,2275.45,0.0246434883868,1
3.3196525,2022-01-24T16:19:10.749Z,ETHUSDT,2,2275.45,0.0246434883868,1
3.31965333333,2022-01-24T16:19:10.752Z,ETHUSDT,2,2275.45,0.0246434883868,1
3.31965388889,2022-01-24T16:19:10.754Z,ETHUSDT,2,2275.45,0.0246434883868,1
3.31965444444,2022-01-24T16:19:10.756Z,ETHUSDT,2,2275.45,0.0246434883868,1
3.31965805556,2022-01-24T16:19:10.769Z,ETHUSDT,2,2275.45,0.0246434883868,1
3.31966055556,2022-01-24T16:19:10.778Z,ETHUSDT,2,2275.45,0.0246434883868,1
3.31966333333,2022-01-24T16:19:10.788Z,ETHUSDT,2,2275.45,0.0246434883868,1
3.31967111111,2022-01-24T16:19:10.816Z,ETHUSDT,2,2275.45,0.0246434883868,1
3.3196725,2022-01-24T16:19:10.821Z,ETHUSDT,2,2275.45,0.0246434883868,1
3.31967333333,2022-01-24T16:19:10.824Z,ETHUSDT,2,2275.45,0.0246434883868,1
3.31967416667,2022-01-24T16:19:10.827Z,ETHUSDT,2,2275.45,0.0246434883868,1
3.31967777778,2022-01-24T16:19:10.840Z,ETHUSDT,2,2275.45,0.0246434883868,1
3.31967833333,2022-01-24T16:19:10.842Z,ETHUSDT,2,2275.45,0.0246434883868,1
3.31968083333,2022-01-24T16:19:10.851Z,ETHUSDT,2,2275.45,0.0246434883868,1
3.31968361111,2022-01-24T16:19:10.861Z,ETHUSDT,2,2275.45,0.0246434883868,1
3.31968472222,2022-01-24T16:19:10.865Z,ETHUSDT,2,2275.45,0.0246434883868,1
3.31968555556,2022-01-24T16:19:10.868Z,ETHUSDT,2,2275.45,0.0246434883868,1
3.31968638889,2022-01-24T16:19:10.871Z,ETHUSDT,2,2275.45,0.0246434883868,1
3.31968722222,2022-01-24T16:19:10.874Z,ETHUSDT,2,2275.45,0.0246434883868,1
3.31968777778,2022-01-24T16:19:10.876Z,ETHUSDT,2,2275.45,0.0246434883868,1
3.31968861111,2022-01-24T16:19:10.879Z,ETHUSDT,2,2275.45,0.0246434883868,1
3.31968916667,2022-01-24T16:19:10.881Z,ETHUSDT,2,2275.45,0.0246434883868,1
3.31969,2022-01-24T16:19:10.884Z,ETHUSDT,2,2275.45,0.0246434883868,1
3.31969277778,2022-01-24T16:19:10.894Z,ETHUSDT,2,2275.45,0.0246434883868,1
3.3196975,2022-01-24T16:19:10.911Z,ETHUSDT,2,2275.45,0.0246434883868,1
3.31969805556,2022-01-24T16:19:10.913Z,ETHUSDT,2,2275.45,0.0246434883868,1
3.31969944444,2022-01-24T16:19:10.918Z,ETHUSDT,2,2275.45,0.0246434883868,1
3.31970027778,2022-01-24T16:19:10.921Z,ETHUSDT,2,2275.45,0.0246434883868,1
3.31970083333,2022-01-24T16:19:10.923Z,ETHUSDT,2,2275.45,0.0246434883868,1
3.31970166667,2022-01-24T16:19:10.926Z,ETHUSDT,2,2275.45,0.0246434883868,1
3.3197025,2022-01-24T16:19:10.929Z,ETHUSDT,2,2275.45,0.0246434883868,1
3.31970361111,2022-01-24T16:19:10.933Z,ETHUSDT,2,2275.45,0.0246434883868,1
3.31970472222,2022-01-24T16:19:10.937Z,ETHUSDT,2,2275.45,0.0246434883868,1
3.31970583333,2022-01-24T16:19:10.941Z,ETHUSDT,2,2275.45,0.0246434883868,1
3.31970638889,2022-01-24T16:19:10.943Z,ETHUSDT,2,2275.45,0.0246434883868,1
3.3197075,2022-01-24T16:19:10.947Z,ETHUSDT,2,2275.45,0.0246434883868,1
3.31970888889,2022-01-24T16:19:10.952Z,ETHUSDT,2,2275.45,0.0246434883868,1
3.31970972222,2022-01-24T16:19:10.955Z,ETHUSDT,2,2275.45,0.0246434883868,1
3.31971027778,2022-01-24T16:19:10.957Z,ETHUSDT,2,2275.45,0.0246434883868,1
3.31971138889,2022-01-24T16:19:10.961Z,ETHUSDT,2,2275.45,0.0246434883868,1
3.31971277778,2022-01-24T16:19:10.966Z,ETHUSDT,2,2275.45,0.0246434883868,1
3.31971361111,2022-01-24T16:19:10.969Z,ETHUSDT,2,2275.45,0.0246434883868,1
3.31981277778,2022-01-24T16:19:11.326Z,ETHUSDT,2,2273.35,0.023720167885,1
3.32068833333,2022-01-24T16:19:14.478Z,ETHUSDT,2,2270.4,0.02242168077,1
3.32565833333,2022-01-24T16:19:32.370Z,ETHUSDT,2,2269.95,0.0222234581653,1
3.32569527778,2022-01-24T16:19:32.503Z,ETHUSDT,2,2269.95,0.0222234581653,1
3.33488138889,2022-01-24T16:20:05.573Z,ETHUSDT,2,2271.95,0.0231041469208,1
3.33488305556,2022-01-24T16:20:05.579Z,ETHUSDT,2,2271.95,0.0231041469208,1
3.33619472222,2022-01-24T16:20:10.301Z,ETHUSDT,2,2271.05,0.0227079329601,1
3.33792388889,2022-01-24T16:20:16.526Z,ETHUSDT,2,2268.6,0.0216285544891,1
3.33794888889,2022-01-24T16:20:16.616Z,ETHUSDT,2,2268.25,0.0214742624139,2
3.33808472222,2022-01-24T16:20:17.105Z,ETHUSDT,2,2268.25,0.0214742624139,1
3.35036222222,2022-01-24T16:21:01.304Z,ETHUSDT,2,2273.5,0.0237861476293,1
3.35211972222,2022-01-24T16:21:07.631Z,ETHUSDT,2,2271.8,0.0230381221615,1
3.35667638889,2022-01-24T16:21:24.035Z,ETHUSDT,2,2270.65,0.0225317874635,1
3.35669361111,2022-01-24T16:21:24.097Z,ETHUSDT,2,2270.65,0.0225317874635,1
3.36006444444,2022-01-24T16:21:36.232Z,ETHUSDT,2,2272,0.0231261542052,1
3.3600725,2022-01-24T16:21:36.261Z,ETHUSDT,2,2272,0.0231261542052,1
3.37306277778,2022-01-24T16:22:23.026Z,ETHUSDT,2,2279.95,0.0266191662477,1
3.37306361111,2022-01-24T16:22:23.029Z,ETHUSDT,2,2279.96458333,0.0266255625663,2
3.3765075,2022-01-24T16:22:35.427Z,ETHUSDT,2,2284.95,0.028809795615,1
3.37651361111,2022-01-24T16:22:35.449Z,ETHUSDT,2,2284.95,0.028809795615,1
3.38408722222,2022-01-24T16:23:02.714Z,ETHUSDT,2,2284.14492754,0.0284573965142,2
3.38726722222,2022-01-24T16:23:14.162Z,ETHUSDT,2,2279.4,0.0263779037858,1
3.38728361111,2022-01-24T16:23:14.221Z,ETHUSDT,2,2279.4,0.0263779037858,1
3.3933025,2022-01-24T16:23:35.889Z,ETHUSDT,2,2279.65,0.0264875757571,1
3.39452277778,2022-01-24T16:23:40.282Z,ETHUSDT,2,2279.7,0.026509508708,1
3.39693111111,2022-01-24T16:23:48.952Z,ETHUSDT,2,2276.7,0.0251926794422,1
3.396935,2022-01-24T16:23:48.966Z,ETHUSDT,2,2276.7,0.0251926794422,1
3.39746055556,2022-01-24T16:23:50.858Z,ETHUSDT,2,2273.62395833,0.0238406692717,3
3.3974625,2022-01-24T16:23:50.865Z,ETHUSDT,2,2273.5,0.0237861476293,1
3.40183916667,2022-01-24T16:24:06.621Z,ETHUSDT,2,2275.95,0.0248632010036,1
3.40184083333,2022-01-24T16:24:06.627Z,ETHUSDT,2,2275.95,0.0248632010036,1
3.40184222222,2022-01-24T16:24:06.632Z,ETHUSDT,2,2275.95,0.0248632010036,1
3.42358194444,2022-01-24T16:25:24.895Z,ETHUSDT,2,2271.95,0.0231041469208,1
3.42360083333,2022-01-24T16:25:24.963Z,ETHUSDT,2,2271.95,0.0231041469208,1
3.42595361111,2022-01-24T16:25:33.433Z,ETHUSDT,2,2273.85,0.0239400834383,1
3.42599638889,2022-01-24T16:25:33.587Z,ETHUSDT,2,2274.45,0.0242039182793,1
3.42602638889,2022-01-24T16:25:33.695Z,ETHUSDT,2,2275.15,0.0245116376416,1
3.42656916667,2022-01-24T16:25:35.649Z,ETHUSDT,2,2275.6,0.0247094072407,1
3.43888277778,2022-01-24T16:26:19.978Z,ETHUSDT,2,2276.75,0.0252146408121,1
3.43888416667,2022-01-24T16:26:19.983Z,ETHUSDT,2,2276.75,0.0252146408121,1
3.43888555556,2022-01-24T16:26:19.988Z,ETHUSDT,2,2276.75,0.0252146408121,1
3.43889027778,2022-01-24T16:26:20.005Z,ETHUSDT,2,2276.75,0.0252146408121,1
3.43889138889,2022-01-24T16:26:20.009Z,ETHUSDT,2,2276.75,0.0252146408121,1
3.46999277778,2022-01-24T16:28:11.974Z,ETHUSDT,2,2285.25,0.0289410808981,1
3.47009388889,2022-01-24T16:28:12.338Z,ETHUSDT,2,2286.5,0.0294879174623,1
3.470265,2022-01-24T16:28:12.954Z,ETHUSDT,2,2287.2,0.0297940153723,1
3.47073694444,2022-01-24T16:28:14.653Z,ETHUSDT,2,2288.7,0.0304496241285,1
3.47074194444,2022-01-24T16:28:14.671Z,ETHUSDT,2,2289,0.0305806943168,1
3.47076027778,2022-01-24T16:28:14.737Z,ETHUSDT,2,2289.7,0.0308864579639,1
3.47090194444,2022-01-24T16:28:15.247Z,ETHUSDT,2,2289.25,0.030689906352,1
3.47300583333,2022-01-24T16:28:22.821Z,ETHUSDT,2,2287.1,0.0297502928355,1
3.48838166667,2022-01-24T16:29:18.174Z,ETHUSDT,2,2280.05,0.0266630258968,1
3.49045861111,2022-01-24T16:29:25.651Z,ETHUSDT,2,2280.45,0.0268384452592,1
3.50239388889,2022-01-24T16:30:08.618Z,ETHUSDT,2,2280.95,0.0270576761979,1
3.50241222222,2022-01-24T16:30:08.684Z,ETHUSDT,2,2280.9,0.0270357552667,1
3.503365,2022-01-24T16:30:12.114Z,ETHUSDT,2,2283.25,0.028065519936,1
3.50336805556,2022-01-24T16:30:12.125Z,ETHUSDT,2,2283.25,0.028065519936,1
3.50338861111,2022-01-24T16:30:12.199Z,ETHUSDT,2,2283.25,0.028065519936,1
3.50753833333,2022-01-24T16:30:27.138Z,ETHUSDT,2,2290.85,0.0313885810819,1
3.5075875,2022-01-24T16:30:27.315Z,ETHUSDT,2,2291.55,0.031694097844,1
3.50768555556,2022-01-24T16:30:27.668Z,ETHUSDT,2,2292.6,0.0321521980451,1
3.50769055556,2022-01-24T16:30:27.686Z,ETHUSDT,2,2292.6,0.0321521980451,1
3.50772083333,2022-01-24T16:30:27.795Z,ETHUSDT,2,2295.1,0.0332420688943,1
3.507775,2022-01-24T16:30:27.990Z,ETHUSDT,2,2296.65,0.0339171927834,1
3.50784861111,2022-01-24T16:30:28.255Z,ETHUSDT,2,2299.05,0.0349616474772,1
3.50787472222,2022-01-24T16:30:28.349Z,ETHUSDT,2,2299.05,0.0349616474772,1
3.50787694444,2022-01-24T16:30:28.357Z,ETHUSDT,2,2299.05,0.0349616474772,1
3.50787888889,2022-01-24T16:30:28.364Z,ETHUSDT,2,2299.05,0.0349616474772,1
3.5078825,2022-01-24T16:30:28.377Z,ETHUSDT,2,2299.05,0.0349616474772,1
3.50788916667,2022-01-24T16:30:28.401Z,ETHUSDT,2,2299.05,0.0349616474772,1
3.50789,2022-01-24T16:30:28.404Z,ETHUSDT,2,2299.05,0.0349616474772,1
3.50813222222,2022-01-24T16:30:29.276Z,ETHUSDT,2,2303.65,0.0369604749183,1
3.50814472222,2022-01-24T16:30:29.321Z,ETHUSDT,2,2304.55,0.0373510829698,1
3.50815666667,2022-01-24T16:30:29.364Z,ETHUSDT,2,2307.35,0.0385653332111,1
3.51124472222,2022-01-24T16:30:40.481Z,ETHUSDT,2,2298.5175,0.0347300032426,2
3.51797055556,2022-01-24T16:31:04.694Z,ETHUSDT,2,2294.55,0.0330023992016,1
3.51821861111,2022-01-24T16:31:05.587Z,ETHUSDT,2,2292.15,0.0319558950836,1
3.54636861111,2022-01-24T16:32:46.927Z,ETHUSDT,2,2286.25,0.0293785740693,1
3.54637194444,2022-01-24T16:32:46.939Z,ETHUSDT,2,2286.25,0.0293785740693,1
3.55906916667,2022-01-24T16:33:32.649Z,ETHUSDT,2,2278.35,0.0259171501163,1
3.56595777778,2022-01-24T16:33:57.448Z,ETHUSDT,2,2270.85,0.0226198640902,1
3.56595805556,2022-01-24T16:33:57.449Z,ETHUSDT,2,2270.85,0.0226198640902,1
3.56596,2022-01-24T16:33:57.456Z,ETHUSDT,2,2270.85,0.0226198640902,1
3.56596111111,2022-01-24T16:33:57.460Z,ETHUSDT,2,2270.85,0.0226198640902,1
3.56596416667,2022-01-24T16:33:57.471Z,ETHUSDT,2,2270.85,0.0226198640902,1
3.56596666667,2022-01-24T16:33:57.480Z,ETHUSDT,2,2270.85,0.0226198640902,1
3.59371805556,2022-01-24T16:35:37.385Z,ETHUSDT,2,2274.9,0.0244017487392,1
3.59372138889,2022-01-24T16:35:37.397Z,ETHUSDT,2,2274.9,0.0244017487392,1
3.59372222222,2022-01-24T16:35:37.400Z,ETHUSDT,2,2274.9,0.0244017487392,1
3.60836916667,2022-01-24T16:36:30.129Z,ETHUSDT,2,2269.15,0.0218709653768,1
3.61739583333,2022-01-24T16:37:02.625Z,ETHUSDT,2,2268.55,0.0216065142216,2
3.62116305556,2022-01-24T16:37:16.187Z,ETHUSDT,2,2268.55,0.0216065142216,1
3.62119166667,2022-01-24T16:37:16.290Z,ETHUSDT,2,2268.55,0.0216065142216,1
3.62534805556,2022-01-24T16:37:31.253Z,ETHUSDT,2,2264.05,0.0196208982491,1
3.62537305556,2022-01-24T16:37:31.343Z,ETHUSDT,2,2262.615,0.0189868773758,3
3.62602694444,2022-01-24T16:37:33.697Z,ETHUSDT,2,2260.98571429,0.0182665283054,2
3.62612361111,2022-01-24T16:37:34.045Z,ETHUSDT,2,2259.65,0.0176755873807,1
3.62612444444,2022-01-24T16:37:34.048Z,ETHUSDT,2,2259.65,0.0176755873807,1
3.62801833333,2022-01-24T16:37:40.866Z,ETHUSDT,2,2256.07266667,0.0160911968653,9
3.63178333333,2022-01-24T16:37:54.420Z,ETHUSDT,2,2256.5,0.0162805936313,1
3.63178611111,2022-01-24T16:37:54.430Z,ETHUSDT,2,2256.5,0.0162805936313,1
3.63181111111,2022-01-24T16:37:54.520Z,ETHUSDT,2,2256.5,0.0162805936313,1
3.63184222222,2022-01-24T16:37:54.632Z,ETHUSDT,2,2254.55,0.0154160498459,1
3.6318475,2022-01-24T16:37:54.651Z,ETHUSDT,2,2254.55,0.0154160498459,1
3.63474111111,2022-01-24T16:38:05.068Z,ETHUSDT,2,2257.75,0.0168343954951,1
3.63475,2022-01-24T16:38:05.100Z,ETHUSDT,2,2257.75,0.0168343954951,1
3.63763638889,2022-01-24T16:38:15.491Z,ETHUSDT,2,2260.8,0.0181843862945,1
3.64555638889,2022-01-24T16:38:44.003Z,ETHUSDT,2,2257.9,0.0169008311135,1
3.65792027778,2022-01-24T16:39:28.513Z,ETHUSDT,2,2258.8,0.0172993521629,1
3.65801472222,2022-01-24T16:39:28.853Z,ETHUSDT,2,2257.4,0.0166793618857,1
3.66375555556,2022-01-24T16:39:49.520Z,ETHUSDT,2,2259.05,0.0174100242747,1
3.66484388889,2022-01-24T16:39:53.438Z,ETHUSDT,2,2257.65,0.0167901026307,1
3.66487027778,2022-01-24T16:39:53.533Z,ETHUSDT,2,2257.5,0.0167236596553,1
3.66493388889,2022-01-24T16:39:53.762Z,ETHUSDT,2,2256.3,0.0161919568647,1
3.68341972222,2022-01-24T16:41:00.311Z,ETHUSDT,2,2253.95,0.0151498859317,1
3.68342111111,2022-01-24T16:41:00.316Z,ETHUSDT,2,2253.87258065,0.01511553704,2
3.71089944444,2022-01-24T16:42:39.238Z,ETHUSDT,2,2257.4,0.0166793618857,1
3.72305555556,2022-01-24T16:43:23.000Z,ETHUSDT,2,2254.6,0.0154382269746,1
3.72314611111,2022-01-24T16:43:23.326Z,ETHUSDT,2,2253.8,0.0150833338824,1
3.7231525,2022-01-24T16:43:23.349Z,ETHUSDT,2,2253.76,0.0150655859212,2
3.72315555556,2022-01-24T16:43:23.360Z,ETHUSDT,2,2253.75,0.0150611488817,1
3.72318916667,2022-01-24T16:43:23.481Z,ETHUSDT,2,2253.42142857,0.0149153494888,2
3.723305,2022-01-24T16:43:23.898Z,ETHUSDT,2,2251.25,0.0139512708544,1
3.72332638889,2022-01-24T16:43:23.975Z,ETHUSDT,2,2251.25,0.0139512708544,1
3.72332944444,2022-01-24T16:43:23.986Z,ETHUSDT,2,2251.25,0.0139512708544,1
3.72336194444,2022-01-24T16:43:24.103Z,ETHUSDT,2,2251.25,0.0139512708544,1
3.72340944444,2022-01-24T16:43:24.274Z,ETHUSDT,2,2251.25,0.0139512708544,1
3.72341972222,2022-01-24T16:43:24.311Z,ETHUSDT,2,2251.25,0.0139512708544,1
3.72345611111,2022-01-24T16:43:24.442Z,ETHUSDT,2,2251.25,0.0139512708544,1
3.72347666667,2022-01-24T16:43:24.516Z,ETHUSDT,2,2251.25,0.0139512708544,1
3.7427075,2022-01-24T16:44:33.747Z,ETHUSDT,2,2249.51666667,0.0131810316718,2
3.74273611111,2022-01-24T16:44:33.850Z,ETHUSDT,2,2250.05,0.013418091538,1
3.74280361111,2022-01-24T16:44:34.093Z,ETHUSDT,2,2250.7,0.0137069322887,1
3.74286972222,2022-01-24T16:44:34.331Z,ETHUSDT,2,2252.2,0.0143731696271,1
3.74678611111,2022-01-24T16:44:48.430Z,ETHUSDT,2,2251.55,0.0140845212765,1
3.74684666667,2022-01-24T16:44:48.648Z,ETHUSDT,2,2252.3,0.0144175696715,1
3.74686138889,2022-01-24T16:44:48.701Z,ETHUSDT,2,2253.37368421,0.0148941617668,2
3.75534888889,2022-01-24T16:45:19.256Z,ETHUSDT,2,2257.55,0.0167458078043,1
3.75535527778,2022-01-24T16:45:19.279Z,ETHUSDT,2,2257.55,0.0167458078043,1
3.77590388889,2022-01-24T16:46:33.254Z,ETHUSDT,2,2251.6,0.0141067279541,1
3.77593666667,2022-01-24T16:46:33.372Z,ETHUSDT,2,2251.6,0.0141067279541,1
3.7759375,2022-01-24T16:46:33.375Z,ETHUSDT,2,2251.6,0.0141067279541,1
3.77765,2022-01-24T16:46:39.540Z,ETHUSDT,2,2245.2,0.0112602574322,1
3.77765472222,2022-01-24T16:46:39.557Z,ETHUSDT,2,2245.2,0.0112602574322,1
3.7949775,2022-01-24T16:47:41.919Z,ETHUSDT,2,2239.17142857,0.00857155282498,2
3.79510638889,2022-01-24T16:47:42.383Z,ETHUSDT,2,2238.4,0.00822697827542,1
3.79627527778,2022-01-24T16:47:46.591Z,ETHUSDT,2,2239.9,0.00889687535962,1
3.79867222222,2022-01-24T16:47:55.220Z,ETHUSDT,2,2238.3,0.00818230250978,1
3.79867361111,2022-01-24T16:47:55.225Z,ETHUSDT,2,2238.3,0.00818230250978,1
3.7986775,2022-01-24T16:47:55.239Z,ETHUSDT,2,2238.3,0.00818230250978,1
3.79875694444,2022-01-24T16:47:55.525Z,ETHUSDT,2,2237.7,0.00791420599343,1
3.80393277778,2022-01-24T16:48:14.158Z,ETHUSDT,2,2235.35,0.00686346870401,1
3.80393861111,2022-01-24T16:48:14.179Z,ETHUSDT,2,2235.05275591,0.00673048556528,4
3.80394472222,2022-01-24T16:48:14.201Z,ETHUSDT,2,2234.45,0.0064607661168,1
3.8106475,2022-01-24T16:48:38.331Z,ETHUSDT,2,2229.6,0.00428785053194,1
3.81068111111,2022-01-24T16:48:38.452Z,ETHUSDT,2,2226.54683333,0.00291753341331,4
3.81133222222,2022-01-24T16:48:40.796Z,ETHUSDT,2,2229.55,0.0042654247333,1
3.82076888889,2022-01-24T16:49:14.768Z,ETHUSDT,2,2226.2,0.00276174942332,1
3.82077,2022-01-24T16:49:14.772Z,ETHUSDT,2,2226.11875,0.00272525158722,2
3.83884027778,2022-01-24T16:50:19.825Z,ETHUSDT,2,2227.95,0.00354753350785,1
3.84319944444,2022-01-24T16:50:35.518Z,ETHUSDT,2,2229.55,0.0042654247333,1
3.84322527778,2022-01-24T16:50:35.611Z,ETHUSDT,2,2229.55,0.0042654247333,1
3.85333694444,2022-01-24T16:51:12.013Z,ETHUSDT,2,2232.25,0.00547569876153,1
3.86283833333,2022-01-24T16:51:46.218Z,ETHUSDT,2,2227.1,0.003165944071,1
3.86287722222,2022-01-24T16:51:46.358Z,ETHUSDT,2,2227.1,0.003165944071,1
3.86478638889,2022-01-24T16:51:53.231Z,ETHUSDT,2,2223.95,0.00175054746756,1
3.86798222222,2022-01-24T16:52:04.736Z,ETHUSDT,2,2222.15,0.000940849035972,1
3.87123111111,2022-01-24T16:52:16.432Z,ETHUSDT,2,2228.122,0.00362473154239,3
3.87342611111,2022-01-24T16:52:24.334Z,ETHUSDT,2,2228.2109375,0.00366464664804,2
3.87710972222,2022-01-24T16:52:37.595Z,ETHUSDT,2,2230.975,0.00490436299661,2
3.88297472222,2022-01-24T16:52:58.709Z,ETHUSDT,2,2234.15,0.00632649587536,1
3.88297583333,2022-01-24T16:52:58.713Z,ETHUSDT,2,2234.15,0.00632649587536,1
3.89140222222,2022-01-24T16:53:29.048Z,ETHUSDT,2,2242.05,0.00985627926413,1
3.89143611111,2022-01-24T16:53:29.170Z,ETHUSDT,2,2244.2,0.010814763595,1
3.89145055556,2022-01-24T16:53:29.222Z,ETHUSDT,2,2244.21714286,0.0108224023044,2
3.89803777778,2022-01-24T16:53:52.936Z,ETHUSDT,2,2241.55,0.0096332442021,1
3.91758388889,2022-01-24T16:55:03.302Z,ETHUSDT,2,2246.35,0.0117723301132,1
3.91781083333,2022-01-24T16:55:04.119Z,ETHUSDT,2,2249.25,0.0130624806614,5
3.92004555556,2022-01-24T16:55:12.164Z,ETHUSDT,2,2249.275,0.0130735954157,2
3.93816166667,2022-01-24T16:56:17.382Z,ETHUSDT,2,2257.15,0.0165686088759,1
3.93816583333,2022-01-24T16:56:17.397Z,ETHUSDT,2,2257.15,0.0165686088759,1
3.93915638889,2022-01-24T16:56:20.963Z,ETHUSDT,2,2259.08417722,0.0174251531814,3
3.94259194444,2022-01-24T16:56:33.331Z,ETHUSDT,2,2259.225,0.0174874874659,2
3.94267666667,2022-01-24T16:56:33.636Z,ETHUSDT,2,2259.5,0.0176092032155,1
3.95572055556,2022-01-24T16:57:20.594Z,ETHUSDT,2,2255.85,0.0159924954099,1
3.95573138889,2022-01-24T16:57:20.633Z,ETHUSDT,2,2255.75,0.0159481652388,1
3.955735,2022-01-24T16:57:20.646Z,ETHUSDT,2,2255.75,0.0159481652388,1
3.95616972222,2022-01-24T16:57:22.211Z,ETHUSDT,2,2254.15,0.0152386151082,1
3.95617138889,2022-01-24T16:57:22.217Z,ETHUSDT,2,2254.15,0.0152386151082,1
3.9561775,2022-01-24T16:57:22.239Z,ETHUSDT,2,2254.15,0.0152386151082,1
3.9615525,2022-01-24T16:57:41.589Z,ETHUSDT,2,2251.6,0.0141067279541,1
3.96156638889,2022-01-24T16:57:41.639Z,ETHUSDT,2,2251.57592593,0.0140960359116,2
3.97964722222,2022-01-24T16:58:46.730Z,ETHUSDT,2,2250.85,0.0137735760004,1
3.98463416667,2022-01-24T16:59:04.683Z,ETHUSDT,2,2253,0.0147283147964,1
3.99849638889,2022-01-24T16:59:54.587Z,ETHUSDT,2,2260.2,0.0179189582902,1
0.0288794444444,2022-01-24T13:01:43.966Z,LTCUSDT,3,100.23,-0.00255284988918,1
0.0298761111111,2022-01-24T13:01:47.554Z,LTCUSDT,3,99.22,-0.0126807880531,1
0.0298805555556,2022-01-24T13:01:47.570Z,LTCUSDT,3,99.22,-0.0126807880531,1
0.0300175,2022-01-24T13:01:48.063Z,LTCUSDT,3,99.01,-0.0147995397915,1
0.0303747222222,2022-01-24T13:01:49.349Z,LTCUSDT,3,98.91,-0.0158100491742,1
0.0307027777778,2022-01-24T13:01:50.530Z,LTCUSDT,3,98.95,-0.0154057228774,1
0.0308561111111,2022-01-24T13:01:51.082Z,LTCUSDT,3,98.95,-0.0154057228774,1
0.0313947222222,2022-01-24T13:01:53.021Z,LTCUSDT,3,99.75,-0.00735333915598,1
0.0313975,2022-01-24T13:01:53.031Z,LTCUSDT,3,98.9582278481,-0.0153225747618,2
0.0314380555556,2022-01-24T13:01:53.177Z,LTCUSDT,3,98.93,-0.0156078655908,1
0.0314925,2022-01-24T13:01:53.373Z,LTCUSDT,3,99.04,-0.0144965859897,1
0.0315013888889,2022-01-24T13:01:53.405Z,LTCUSDT,3,99.04,-0.0144965859897,1
0.0316136111111,2022-01-24T13:01:53.809Z,LTCUSDT,3,99.02,-0.0146985449927,1
0.0317558333333,2022-01-24T13:01:54.321Z,LTCUSDT,3,99.12,-0.0136891576051,1
0.0318772222222,2022-01-24T13:01:54.758Z,LTCUSDT,3,99.12,-0.0136891576051,1
0.0320038888889,2022-01-24T13:01:55.214Z,LTCUSDT,3,99.12,-0.0136891576051,1
0.0585666666667,2022-01-24T13:03:30.840Z,LTCUSDT,3,98.7,-0.0179354484865,1
0.0586652777778,2022-01-24T13:03:31.195Z,LTCUSDT,3,98.08,-0.0242369227381,1
0.0587016666667,2022-01-24T13:03:31.326Z,LTCUSDT,3,98.08,-0.0242369227381,1
0.0587111111111,2022-01-24T13:03:31.360Z,LTCUSDT,3,98.08,-0.0242369227381,1
0.0588347222222,2022-01-24T13:03:31.805Z,LTCUSDT,3,98.3,-0.0219963677728,1
0.0595016666667,2022-01-24T13:03:34.206Z,LTCUSDT,3,97.98,-0.0252570187155,1
0.0595352777778,2022-01-24T13:03:34.327Z,LTCUSDT,3,97.98,-0.0252570187155,1
0.0595397222222,2022-01-24T13:03:34.343Z,LTCUSDT,3,97.98,-0.0252570187155,1
0.0595444444444,2022-01-24T13:03:34.360Z,LTCUSDT,3,97.98,-0.0252570187155,1
0.0652775,2022-01-24T13:03:54.999Z,LTCUSDT,3,97.67,-0.0284259454666,1
0.0827613888889,2022-01-24T13:04:57.941Z,LTCUSDT,3,97.56,-0.0295528215782,1
0.0855763888889,2022-01-24T13:05:08.075Z,LTCUSDT,3,98.31,-0.0218946435471,1
0.0866875,2022-01-24T13:05:12.075Z,LTCUSDT,3,98.31,-0.0218946435471,1
0.0878094444444,2022-01-24T13:05:16.114Z,LTCUSDT,3,98.13,-0.0237272647076,1
0.0889261111111,2022-01-24T13:05:20.134Z,LTCUSDT,3,98.13,-0.0237272647076,1
0.0900261111111,2022-01-24T13:05:24.094Z,LTCUSDT,3,98.13,-0.0237272647076,1
0.141635277778,2022-01-24T13:08:29.887Z,LTCUSDT,3,98.27,-0.0223016025516,1
0.141637777778,2022-01-24T13:08:29.896Z,LTCUSDT,3,98.27,-0.0223016025516,1
0.141724722222,2022-01-24T13:08:30.209Z,LTCUSDT,3,98.36,-0.021386177578,1
0.151205,2022-01-24T13:09:04.338Z,LTCUSDT,3,98.63,-0.0186449199601,1
0.15368,2022-01-24T13:09:13.248Z,LTCUSDT,3,99.15,-0.0133865399602,1
0.153727222222,2022-01-24T13:09:13.418Z,LTCUSDT,3,99.33679353,-0.011504363501,3
0.153730555556,2022-01-24T13:09:13.430Z,LTCUSDT,3,99.51,-0.00976225329889,1
0.154223055556,2022-01-24T13:09:15.203Z,LTCUSDT,3,99.67,-0.00815566594659,1
0.180301388889,2022-01-24T13:10:49.085Z,LTCUSDT,3,100.06,-0.0042503888659,1
0.295576666667,2022-01-24T13:17:44.076Z,LTCUSDT,3,99.14,-0.0134874023335,1
0.302250833333,2022-01-24T13:18:08.103Z,LTCUSDT,3,99.19,-0.0129831921681,1
0.303356666667,2022-01-24T13:18:12.084Z,LTCUSDT,3,99.17,-0.0131848457279,1
0.428866111111,2022-01-24T13:25:43.918Z,LTCUSDT,3,100.09,-0.00395061369503,1
0.428943333333,2022-01-24T13:25:44.196Z,LTCUSDT,3,100.09,-0.00395061369503,1
0.440698888889,2022-01-24T13:26:26.516Z,LTCUSDT,3,100.14,-0.00345118802416,1
0.440778055556,2022-01-24T13:26:26.801Z,LTCUSDT,3,100.14,-0.00345118802416,1
0.440798055556,2022-01-24T13:26:26.873Z,LTCUSDT,3,100.14,-0.00345118802416,1
0.448248611111,2022-01-24T13:26:53.695Z,LTCUSDT,3,100.28,-0.00205412163586,1
0.448248888889,2022-01-24T13:26:53.696Z,LTCUSDT,3,100.28,-0.00205412163586,1
0.448307222222,2022-01-24T13:26:53.906Z,LTCUSDT,3,100.38,-0.00105741069917,1
0.450696388889,2022-01-24T13:27:02.507Z,LTCUSDT,3,100.25,-0.00235332873928,2
0.452473333333,2022-01-24T13:27:08.904Z,LTCUSDT,3,100.2,-0.00285220627519,1
0.454261111111,2022-01-24T13:27:15.340Z,LTCUSDT,3,100.21,-0.00275241085572,1
0.4547725,2022-01-24T13:27:17.181Z,LTCUSDT,3,100.21,-0.00275241085572,1
0.471393055556,2022-01-24T13:28:17.015Z,LTCUSDT,3,99.99,-0.0049502139382,1
0.564978611111,2022-01-24T13:33:53.923Z,LTCUSDT,3,99.72,-0.0076541362706,1
0.583383333333,2022-01-24T13:35:00.180Z,LTCUSDT,3,99.26,-0.0122777247667,1
0.588963333333,2022-01-24T13:35:20.268Z,LTCUSDT,3,99.33,-0.0115727546987,1
0.588973055556,2022-01-24T13:35:20.303Z,LTCUSDT,3,99.33,-0.0115727546987,1
0.589819722222,2022-01-24T13:35:23.351Z,LTCUSDT,3,99.2450847458,-0.0124280005572,4
0.590983611111,2022-01-24T13:35:27.541Z,LTCUSDT,3,99.28,-0.0120762540296,1
0.591138055556,2022-01-24T13:35:28.097Z,LTCUSDT,3,99.28,-0.0120762540296,1
0.650136388889,2022-01-24T13:39:00.491Z,LTCUSDT,3,99.34,-0.0114720852468,1
0.759094166667,2022-01-24T13:45:32.739Z,LTCUSDT,3,99.38,-0.0110695087518,1
0.760559722222,2022-01-24T13:45:38.015Z,LTCUSDT,3,99.49,-0.00996325832469,1
0.761149722222,2022-01-24T13:45:40.139Z,LTCUSDT,3,99.49,-0.00996325832469,1
0.766710555556,2022-01-24T13:46:00.158Z,LTCUSDT,3,99.47,-0.0101643037616,1
0.770035555556,2022-01-24T13:46:12.128Z,LTCUSDT,3,99.41,-0.0107676827019,1
0.771138333333,2022-01-24T13:46:16.098Z,LTCUSDT,3,99.32,-0.011673434286,1
0.931137222222,2022-01-24T13:55:52.094Z,LTCUSDT,3,99.51,-0.00976225329889,1
0.935590555556,2022-01-24T13:56:08.126Z,LTCUSDT,3,99.51,-0.00976225329889,1
0.936687222222,2022-01-24T13:56:12.074Z,LTCUSDT,3,99.53,-0.00956128866798,1
0.937801944444,2022-01-24T13:56:16.087Z,LTCUSDT,3,99.52,-0.00966176593509,1
0.938978611111,2022-01-24T13:56:20.323Z,LTCUSDT,3,99.5,-0.00986275076141,2
1.23902944444,2022-01-24T14:14:20.506Z,LTCUSDT,3,98.5,-0.0199638467479,1
1.25270194444,2022-01-24T14:15:09.727Z,LTCUSDT,3,98.93,-0.0156078655908,1
1.29709416667,2022-01-24T14:17:49.539Z,LTCUSDT,3,99.28,-0.0120762540296,1
1.30586611111,2022-01-24T14:18:21.118Z,LTCUSDT,3,99.3,-0.0118748238748,1
1.30891333333,2022-01-24T14:18:32.088Z,LTCUSDT,3,99.28,-0.0120762540296,1
1.31001777778,2022-01-24T14:18:36.064Z,LTCUSDT,3,99.26,-0.0122777247667,1
1.31207472222,2022-01-24T14:18:43.469Z,LTCUSDT,3,99.31,-0.0117741240107,1
1.31476833333,2022-01-24T14:18:53.166Z,LTCUSDT,3,99.26,-0.0122777247667,1
1.43020527778,2022-01-24T14:25:48.739Z,LTCUSDT,3,99.75,-0.00735333915598,1
1.43543361111,2022-01-24T14:26:07.561Z,LTCUSDT,3,99.71,-0.00775442208526,1
1.43544083333,2022-01-24T14:26:07.587Z,LTCUSDT,3,99.71,-0.00775442208526,1
1.43557916667,2022-01-24T14:26:08.085Z,LTCUSDT,3,99.68,-0.00805533988681,1
1.54200527778,2022-01-24T14:32:31.219Z,LTCUSDT,3,101.39,0.00895407203853,1
1.61335861111,2022-01-24T14:36:48.091Z,LTCUSDT,3,100.43,-0.000559427520709,1
1.61447111111,2022-01-24T14:36:52.096Z,LTCUSDT,3,100.43,-0.000559427520709,1
1.76347166667,2022-01-24T14:45:48.498Z,LTCUSDT,3,100.44,-0.000459860636572,1
1.79040194444,2022-01-24T14:47:25.447Z,LTCUSDT,3,100.85,0.00361386947426,1
1.79040861111,2022-01-24T14:47:25.471Z,LTCUSDT,3,100.85,0.00361386947426,1
1.79040944444,2022-01-24T14:47:25.474Z,LTCUSDT,3,100.85,0.00361386947426,1
1.79043,2022-01-24T14:47:25.548Z,LTCUSDT,3,100.85,0.00361386947426,1
1.79045166667,2022-01-24T14:47:25.626Z,LTCUSDT,3,100.85,0.00361386947426,1
1.79105027778,2022-01-24T14:47:27.781Z,LTCUSDT,3,100.59,0.00103245422029,1
1.79448694444,2022-01-24T14:47:40.153Z,LTCUSDT,3,100.65,0.00162875715984,1
1.83003583333,2022-01-24T14:49:48.129Z,LTCUSDT,3,100.76,0.00272105655845,1
1.85263555556,2022-01-24T14:51:09.488Z,LTCUSDT,3,100.16,-0.00325148757417,1
2.07904944444,2022-01-24T15:04:44.578Z,LTCUSDT,3,99.63,-0.00855707086919,1
2.07905027778,2022-01-24T15:04:44.581Z,LTCUSDT,3,99.63,-0.00855707086919,1
2.07905138889,2022-01-24T15:04:44.585Z,LTCUSDT,3,99.63,-0.00855707086919,1
2.07906027778,2022-01-24T15:04:44.617Z,LTCUSDT,3,99.63,-0.00855707086919,1
2.09966666667,2022-01-24T15:05:58.800Z,LTCUSDT,3,99.78,-0.00705263249306,1
2.09976444444,2022-01-24T15:05:59.152Z,LTCUSDT,3,99.78,-0.00705263249306,1
2.16230527778,2022-01-24T15:09:44.299Z,LTCUSDT,3,99.29,-0.0119755338805,1
2.16234833333,2022-01-24T15:09:44.454Z,LTCUSDT,3,99.29,-0.0119755338805,1
2.16279111111,2022-01-24T15:09:46.048Z,LTCUSDT,3,99.29,-0.0119755338805,1
2.17191138889,2022-01-24T15:10:18.881Z,LTCUSDT,3,98.94,-0.0155067891264,1
2.171925,2022-01-24T15:10:18.930Z,LTCUSDT,3,98.94,-0.0155067891264,1
2.18221527778,2022-01-24T15:10:55.975Z,LTCUSDT,3,98.69,-0.018036770742,1
2.18222472222,2022-01-24T15:10:56.009Z,LTCUSDT,3,98.69,-0.018036770742,1
2.18262333333,2022-01-24T15:10:57.444Z,LTCUSDT,3,98.69,-0.018036770742,1
2.22688333333,2022-01-24T15:13:36.780Z,LTCUSDT,3,98.66,-0.0183407991204,1
2.25472444444,2022-01-24T15:15:17.008Z,LTCUSDT,3,98.69,-0.018036770742,1
2.2554925,2022-01-24T15:15:19.773Z,LTCUSDT,3,98.51,-0.0198623290584,1
2.27137416667,2022-01-24T15:16:16.947Z,LTCUSDT,3,98.57,-0.0192534392486,1
2.41980083333,2022-01-24T15:25:11.283Z,LTCUSDT,3,99.92,-0.00565052910863,1
2.41980777778,2022-01-24T15:25:11.308Z,LTCUSDT,3,99.92,-0.00565052910863,1
2.41985638889,2022-01-24T15:25:11.483Z,LTCUSDT,3,100.01,-0.00475021393753,1
2.41986833333,2022-01-24T15:25:11.526Z,LTCUSDT,3,100.01,-0.00475021393753,1
2.41992138889,2022-01-24T15:25:11.717Z,LTCUSDT,3,100.01,-0.00475021393753,1
2.42023388889,2022-01-24T15:25:12.842Z,LTCUSDT,3,100.1,-0.00385070860478,1
2.42138972222,2022-01-24T15:25:17.003Z,LTCUSDT,3,100.72,0.00232399481014,1
2.4214575,2022-01-24T15:25:17.247Z,LTCUSDT,3,100.72,0.00232399481014,1
2.4216325,2022-01-24T15:25:17.877Z,LTCUSDT,3,100.72,0.00232399481014,1
2.42177805556,2022-01-24T15:25:18.401Z,LTCUSDT,3,100.72,0.00232399481014,1
2.42184972222,2022-01-24T15:25:18.659Z,LTCUSDT,3,100.72,0.00232399481014,1
2.42188111111,2022-01-24T15:25:18.772Z,LTCUSDT,3,100.72,0.00232399481014,1
2.45113527778,2022-01-24T15:27:04.087Z,LTCUSDT,3,100.82,0.00331635372853,1
2.55177611111,2022-01-24T15:33:06.394Z,LTCUSDT,3,102.18,0.0167155689767,1
2.69993972222,2022-01-24T15:41:59.783Z,LTCUSDT,3,102.63,0.0211098927317,1
2.71398805556,2022-01-24T15:42:50.357Z,LTCUSDT,3,102.96,0.0243201683619,1
2.71406361111,2022-01-24T15:42:50.629Z,LTCUSDT,3,103,0.0247085933037,1
2.71406611111,2022-01-24T15:42:50.638Z,LTCUSDT,3,103,0.0247085933037,1
2.93036722222,2022-01-24T15:55:49.322Z,LTCUSDT,3,103.21,0.0267453526519,1
3.03648333333,2022-01-24T16:02:11.340Z,LTCUSDT,3,102.92,0.0239315924876,1
3.03878361111,2022-01-24T16:02:19.621Z,LTCUSDT,3,102.92,0.0239315924876,1
3.32010833333,2022-01-24T16:19:12.390Z,LTCUSDT,3,103.33,0.0279073553003,1
3.320115,2022-01-24T16:19:12.414Z,LTCUSDT,3,103.33,0.0279073553003,1
3.32013916667,2022-01-24T16:19:12.501Z,LTCUSDT,3,103.33,0.0279073553003,1
3.32013972222,2022-01-24T16:19:12.503Z,LTCUSDT,3,103.33,0.0279073553003,1
3.32014388889,2022-01-24T16:19:12.518Z,LTCUSDT,3,103.33,0.0279073553003,1
3.32014611111,2022-01-24T16:19:12.526Z,LTCUSDT,3,103.33,0.0279073553003,1
3.32014694444,2022-01-24T16:19:12.529Z,LTCUSDT,3,103.33,0.0279073553003,1
3.3201475,2022-01-24T16:19:12.531Z,LTCUSDT,3,103.33,0.0279073553003,1
3.32014805556,2022-01-24T16:19:12.533Z,LTCUSDT,3,103.33,0.0279073553003,1
3.32015,2022-01-24T16:19:12.540Z,LTCUSDT,3,103.33,0.0279073553003,1
3.32015222222,2022-01-24T16:19:12.548Z,LTCUSDT,3,103.33,0.0279073553003,1
3.32016,2022-01-24T16:19:12.576Z,LTCUSDT,3,103.33,0.0279073553003,1
3.32016055556,2022-01-24T16:19:12.578Z,LTCUSDT,3,103.33,0.0279073553003,1
3.32016277778,2022-01-24T16:19:12.586Z,LTCUSDT,3,103.33,0.0279073553003,1
3.32016333333,2022-01-24T16:19:12.588Z,LTCUSDT,3,103.33,0.0279073553003,1
3.32016416667,2022-01-24T16:19:12.591Z,LTCUSDT,3,103.33,0.0279073553003,1
3.32016833333,2022-01-24T16:19:12.606Z,LTCUSDT,3,103.33,0.0279073553003,1
3.32016888889,2022-01-24T16:19:12.608Z,LTCUSDT,3,103.33,0.0279073553003,1
3.32016944444,2022-01-24T16:19:12.610Z,LTCUSDT,3,103.33,0.0279073553003,1
3.32017027778,2022-01-24T16:19:12.613Z,LTCUSDT,3,103.33,0.0279073553003,1
3.32017111111,2022-01-24T16:19:12.616Z,LTCUSDT,3,103.33,0.0279073553003,1
3.32017194444,2022-01-24T16:19:12.619Z,LTCUSDT,3,103.33,0.0279073553003,1
3.3201725,2022-01-24T16:19:12.621Z,LTCUSDT,3,103.33,0.0279073553003,1
3.32017361111,2022-01-24T16:19:12.625Z,LTCUSDT,3,103.33,0.0279073553003,1
3.32017416667,2022-01-24T16:19:12.627Z,LTCUSDT,3,103.33,0.0279073553003,1
3.32255083333,2022-01-24T16:19:21.183Z,LTCUSDT,3,103.32,0.0278105733017,1
3.32336861111,2022-01-24T16:19:24.127Z,LTCUSDT,3,103.33,0.0279073553003,1
3.32706027778,2022-01-24T16:19:37.417Z,LTCUSDT,3,102.91,0.023834424922,1
3.32717083333,2022-01-24T16:19:37.815Z,LTCUSDT,3,102.91,0.023834424922,1
3.39948527778,2022-01-24T16:23:58.147Z,LTCUSDT,3,103.31,0.0277137819354,1
3.40300472222,2022-01-24T16:24:10.817Z,LTCUSDT,3,103.65,0.0309994439558,1
3.41468111111,2022-01-24T16:24:52.852Z,LTCUSDT,3,103.59,0.0304204051441,1
3.41468416667,2022-01-24T16:24:52.863Z,LTCUSDT,3,103.59,0.0304204051441,1
3.49448888889,2022-01-24T16:29:40.160Z,LTCUSDT,3,103.51,0.0296478314697,1
3.51849694444,2022-01-24T16:31:06.589Z,LTCUSDT,3,103.67,0.0311923824091,1
3.51849805556,2022-01-24T16:31:06.593Z,LTCUSDT,3,103.67,0.0311923824091,1
3.51849916667,2022-01-24T16:31:06.597Z,LTCUSDT,3,103.67,0.0311923824091,1
3.5185,2022-01-24T16:31:06.600Z,LTCUSDT,3,103.67,0.0311923824091,1
3.56576777778,2022-01-24T16:33:56.764Z,LTCUSDT,3,103.1,0.025678996097,1
3.60079694444,2022-01-24T16:36:02.869Z,LTCUSDT,3,102.85,0.023251221173,1
3.62615861111,2022-01-24T16:37:34.171Z,LTCUSDT,3,102.35,0.0183779171813,1
3.72359416667,2022-01-24T16:43:24.939Z,LTCUSDT,3,102.05,0.0154424943299,1
3.97749305556,2022-01-24T16:58:38.975Z,LTCUSDT,3,101.51,0.0101369208704,1
3.97749361111,2022-01-24T16:58:38.977Z,LTCUSDT,3,101.51,0.0101369208704,1
3.97970027778,2022-01-24T16:58:46.921Z,LTCUSDT,3,101.36,0.00865814108693,1
3.97972972222,2022-01-24T16:58:47.027Z,LTCUSDT,3,101.31,0.00816472813963,1
0.0300208333333,2022-01-24T13:01:48.075Z,BCHUSDT,4,264.15,-0.00753135986587,1
0.0310094444444,2022-01-24T13:01:51.634Z,BCHUSDT,4,265.4,-0.00281036157809,1
0.0311291666667,2022-01-24T13:01:52.065Z,BCHUSDT,4,263.75,-0.00904679868592,1
0.0312336111111,2022-01-24T13:01:52.441Z,BCHUSDT,4,263.714123377,-0.0091828330505,2
0.0312355555556,2022-01-24T13:01:52.448Z,BCHUSDT,4,263.65,-0.00942601749972,1
0.0312391666667,2022-01-24T13:01:52.461Z,BCHUSDT,4,263.65,-0.00942601749972,1
0.03138,2022-01-24T13:01:52.968Z,BCHUSDT,4,263.45,-0.0101848868209,1
0.0314875,2022-01-24T13:01:53.355Z,BCHUSDT,4,265.35,-0.00299877420229,2
0.0315391666667,2022-01-24T13:01:53.541Z,BCHUSDT,4,263.55,-0.00980538017498,1
0.0316022222222,2022-01-24T13:01:53.768Z,BCHUSDT,4,263.55,-0.00980538017498,1
0.03167,2022-01-24T13:01:54.012Z,BCHUSDT,4,265.45,-0.00262198444651,1
0.0316725,2022-01-24T13:01:54.021Z,BCHUSDT,4,263.55,-0.00980538017498,1
0.031675,2022-01-24T13:01:54.030Z,BCHUSDT,4,263.55,-0.00980538017498,1
0.031685,2022-01-24T13:01:54.066Z,BCHUSDT,4,265.45,-0.00262198444651,1
0.0316872222222,2022-01-24T13:01:54.074Z,BCHUSDT,4,265.477203065,-0.00251951064219,3
0.0316894444444,2022-01-24T13:01:54.082Z,BCHUSDT,4,263.55,-0.00980538017498,1
0.0318144444444,2022-01-24T13:01:54.532Z,BCHUSDT,4,263.6,-0.00961568084784,1
0.0318805555556,2022-01-24T13:01:54.770Z,BCHUSDT,4,263.572289157,-0.00972081096932,2
0.0585136111111,2022-01-24T13:03:30.649Z,BCHUSDT,4,263.2,-0.011134284025,1
0.0585575,2022-01-24T13:03:30.807Z,BCHUSDT,4,263.2,-0.011134284025,1
0.0587141666667,2022-01-24T13:03:31.371Z,BCHUSDT,4,262.4,-0.0141784264063,1
0.0600911111111,2022-01-24T13:03:36.328Z,BCHUSDT,4,261.65,-0.017040750658,1
0.0773002777778,2022-01-24T13:04:38.281Z,BCHUSDT,4,261.55,-0.0174230136596,1
0.08276,2022-01-24T13:04:57.936Z,BCHUSDT,4,261.25,-0.0185706801972,1
0.140578888889,2022-01-24T13:08:26.084Z,BCHUSDT,4,262,-0.0157039797151,1
0.140615833333,2022-01-24T13:08:26.217Z,BCHUSDT,4,262.05,-0.015513158228,1
0.141772777778,2022-01-24T13:08:30.382Z,BCHUSDT,4,262.25,-0.0147502361998,1
0.141773611111,2022-01-24T13:08:30.385Z,BCHUSDT,4,262.25,-0.0147502361998,1
0.14178,2022-01-24T13:08:30.408Z,BCHUSDT,4,262.25,-0.0147502361998,1
0.142924166667,2022-01-24T13:08:34.527Z,BCHUSDT,4,262,-0.0157039797151,1
0.142926666667,2022-01-24T13:08:34.536Z,BCHUSDT,4,262,-0.0157039797151,1
0.151326388889,2022-01-24T13:09:04.775Z,BCHUSDT,4,262.95,-0.0120845834408,1
0.151750555556,2022-01-24T13:09:06.302Z,BCHUSDT,4,262.95,-0.0120845834408,1
0.152796388889,2022-01-24T13:09:10.067Z,BCHUSDT,4,262.95,-0.0120845834408,2
0.153584166667,2022-01-24T13:09:12.903Z,BCHUSDT,4,263.35,-0.0105645375468,1
0.153591111111,2022-01-24T13:09:12.928Z,BCHUSDT,4,263.35,-0.0105645375468,1
0.153591666667,2022-01-24T13:09:12.930Z,BCHUSDT,4,263.35,-0.0105645375468,1
0.153595277778,2022-01-24T13:09:12.943Z,BCHUSDT,4,263.35,-0.0105645375468,1
0.154058611111,2022-01-24T13:09:14.611Z,BCHUSDT,4,264.65,-0.0056402851722,1
0.154320555556,2022-01-24T13:09:15.554Z,BCHUSDT,4,264.65,-0.0056402851722,1
0.154321666667,2022-01-24T13:09:15.558Z,BCHUSDT,4,264.65,-0.0056402851722,1
0.154352222222,2022-01-24T13:09:15.668Z,BCHUSDT,4,264,-0.00809938032988,1
0.154376388889,2022-01-24T13:09:15.755Z,BCHUSDT,4,264.6,-0.00582923179534,1
0.154429722222,2022-01-24T13:09:15.947Z,BCHUSDT,4,264.6,-0.00582923179534,1
0.154506388889,2022-01-24T13:09:16.223Z,BCHUSDT,4,264.6,-0.00582923179534,1
0.154604722222,2022-01-24T13:09:16.577Z,BCHUSDT,4,264.6,-0.00582923179534,1
0.159671388889,2022-01-24T13:09:34.817Z,BCHUSDT,4,266.45,0.0011381252666,1
0.183086388889,2022-01-24T13:10:59.111Z,BCHUSDT,4,267.8,0.00619194978088,1
0.183093888889,2022-01-24T13:10:59.138Z,BCHUSDT,4,267.8,0.00619194978088,1
0.22715,2022-01-24T13:13:37.740Z,BCHUSDT,4,266.1,-0.000176305492552,1
0.236965277778,2022-01-24T13:14:13.075Z,BCHUSDT,4,265.85,-0.00111624352585,1
0.259402222222,2022-01-24T13:15:33.848Z,BCHUSDT,4,266.3,0.000575009343692,1
0.301466111111,2022-01-24T13:18:05.278Z,BCHUSDT,4,264.95,-0.00450735453742,1
0.3235425,2022-01-24T13:19:24.753Z,BCHUSDT,4,265.35,-0.00299877420229,1
0.325855,2022-01-24T13:19:33.078Z,BCHUSDT,4,265.2,-0.00356422516449,1
0.325861666667,2022-01-24T13:19:33.102Z,BCHUSDT,4,265.2,-0.00356422516449,1
0.334496944444,2022-01-24T13:20:04.189Z,BCHUSDT,4,265.3,-0.0031872223325,1
0.336185555556,2022-01-24T13:20:10.268Z,BCHUSDT,4,264.95,-0.00450735453742,1
0.337847222222,2022-01-24T13:20:16.250Z,BCHUSDT,4,264.7,-0.00545137424314,1
0.338778888889,2022-01-24T13:20:19.604Z,BCHUSDT,4,264.5,-0.00620723217784,1
0.339056388889,2022-01-24T13:20:20.603Z,BCHUSDT,4,264.35,-0.00677450079474,1
0.3396825,2022-01-24T13:20:22.857Z,BCHUSDT,4,264.6,-0.00582923179534,1
0.349752222222,2022-01-24T13:20:59.108Z,BCHUSDT,4,264.85,-0.00488485548566,1
0.366935,2022-01-24T13:22:00.966Z,BCHUSDT,4,265.65,-0.00186883057924,1
0.375700555556,2022-01-24T13:22:32.522Z,BCHUSDT,4,266.05,-0.000364222433817,1
0.391225277778,2022-01-24T13:23:28.411Z,BCHUSDT,4,266.9,0.00282557293428,1
0.391241666667,2022-01-24T13:23:28.470Z,BCHUSDT,4,266.9,0.00282557293428,1
0.397718888889,2022-01-24T13:23:51.788Z,BCHUSDT,4,266.8,0.00245083056527,1
0.401593611111,2022-01-24T13:24:05.737Z,BCHUSDT,4,266.65,0.00188845357042,1
0.415809722222,2022-01-24T13:24:56.915Z,BCHUSDT,4,266.85,0.00263821930376,1
0.415981666667,2022-01-24T13:24:57.534Z,BCHUSDT,4,266.8,0.00245083056527,1
0.418736944444,2022-01-24T13:25:07.453Z,BCHUSDT,4,266.45,0.0011381252666,1
0.437556666667,2022-01-24T13:26:15.204Z,BCHUSDT,4,266.65,0.00188845357042,1
0.437985,2022-01-24T13:26:16.746Z,BCHUSDT,4,266.3,0.000575009343692,1
0.438005555556,2022-01-24T13:26:16.820Z,BCHUSDT,4,266.3,0.000575009343692,1
0.438006666667,2022-01-24T13:26:16.824Z,BCHUSDT,4,266.3,0.000575009343692,1
0.438046111111,2022-01-24T13:26:16.966Z,BCHUSDT,4,266.252811245,0.000397792158289,2
0.438543611111,2022-01-24T13:26:18.757Z,BCHUSDT,4,266.45,0.0011381252666,1
0.438549444444,2022-01-24T13:26:18.778Z,BCHUSDT,4,266.45,0.0011381252666,2
0.438845555556,2022-01-24T13:26:19.844Z,BCHUSDT,4,266.5,0.0013257601297,2
0.4516875,2022-01-24T13:27:06.075Z,BCHUSDT,4,267,0.00320017492405,1
0.451691111111,2022-01-24T13:27:06.088Z,BCHUSDT,4,267,0.00320017492405,1
0.451694722222,2022-01-24T13:27:06.101Z,BCHUSDT,4,266.9,0.00282557293428,1
0.451697222222,2022-01-24T13:27:06.110Z,BCHUSDT,4,266.9,0.00282557293428,1
0.451703333333,2022-01-24T13:27:06.132Z,BCHUSDT,4,266.9,0.00282557293428,1
0.451711111111,2022-01-24T13:27:06.160Z,BCHUSDT,4,266.9,0.00282557293428,1
0.451713333333,2022-01-24T13:27:06.168Z,BCHUSDT,4,266.9,0.00282557293428,1
0.451718055556,2022-01-24T13:27:06.185Z,BCHUSDT,4,266.9,0.00282557293428,1
0.466076944444,2022-01-24T13:27:57.877Z,BCHUSDT,4,266.7,0.00207594771177,1
0.466077777778,2022-01-24T13:27:57.880Z,BCHUSDT,4,266.7,0.00207594771177,1
0.467782777778,2022-01-24T13:28:04.018Z,BCHUSDT,4,266.45,0.0011381252666,1
0.467818611111,2022-01-24T13:28:04.147Z,BCHUSDT,4,266.425543478,0.00104633452087,2
0.514361666667,2022-01-24T13:30:51.702Z,BCHUSDT,4,266.5,0.0013257601297,1
0.545445,2022-01-24T13:32:43.602Z,BCHUSDT,4,266.55,0.00151335979257,1
0.550299444444,2022-01-24T13:33:01.078Z,BCHUSDT,4,266.6,0.00170092426841,1
0.550301666667,2022-01-24T13:33:01.086Z,BCHUSDT,4,266.6,0.00170092426841,1
0.550307222222,2022-01-24T13:33:01.106Z,BCHUSDT,4,266.6,0.00170092426841,1
0.550315,2022-01-24T13:33:01.134Z,BCHUSDT,4,266.6,0.00170092426841,1
0.5648725,2022-01-24T13:33:53.541Z,BCHUSDT,4,265.5,-0.0024336427942,1
0.597661111111,2022-01-24T13:35:51.580Z,BCHUSDT,4,263.65,-0.00942601749972,1
0.654634166667,2022-01-24T13:39:16.683Z,BCHUSDT,4,264.1,-0.00772066417311,1
0.654769166667,2022-01-24T13:39:17.169Z,BCHUSDT,4,264.1,-0.00772066417311,1
0.671013055556,2022-01-24T13:40:15.647Z,BCHUSDT,4,263.6,-0.00961568084784,1
0.673770833333,2022-01-24T13:40:25.575Z,BCHUSDT,4,263.35,-0.0105645375468,1
0.674493888889,2022-01-24T13:40:28.178Z,BCHUSDT,4,263,-0.0118944512984,1
0.740855,2022-01-24T13:44:27.078Z,BCHUSDT,4,263.2,-0.011134284025,1
0.762102222222,2022-01-24T13:45:43.568Z,BCHUSDT,4,264.55,-0.00601821412605,1
0.762123888889,2022-01-24T13:45:43.646Z,BCHUSDT,4,264.55,-0.00601821412605,1
0.832959166667,2022-01-24T13:49:58.653Z,BCHUSDT,4,263.6,-0.00961568084784,1
0.834091666667,2022-01-24T13:50:02.730Z,BCHUSDT,4,263.6,-0.00961568084784,1
0.998535277778,2022-01-24T13:59:54.727Z,BCHUSDT,4,262.8,-0.0126551968657,1
0.998588611111,2022-01-24T13:59:54.919Z,BCHUSDT,4,262.8,-0.0126551968657,1
0.998611111111,2022-01-24T13:59:55.000Z,BCHUSDT,4,262.8,-0.0126551968657,1
1.00208694444,2022-01-24T14:00:07.513Z,BCHUSDT,4,261.9,-0.0160857319625,1
1.21649666667,2022-01-24T14:12:59.388Z,BCHUSDT,4,261.6,-0.0172318638932,1
1.22737361111,2022-01-24T14:13:38.545Z,BCHUSDT,4,260.9,-0.0199112913335,1
1.23952083333,2022-01-24T14:14:22.275Z,BCHUSDT,4,262.05,-0.015513158228,1
1.23952583333,2022-01-24T14:14:22.293Z,BCHUSDT,4,262.05,-0.015513158228,1
1.23952638889,2022-01-24T14:14:22.295Z,BCHUSDT,4,262.05,-0.015513158228,1
1.23953138889,2022-01-24T14:14:22.313Z,BCHUSDT,4,262.05,-0.015513158228,1
1.23953194444,2022-01-24T14:14:22.315Z,BCHUSDT,4,262.05,-0.015513158228,1
1.23953527778,2022-01-24T14:14:22.327Z,BCHUSDT,4,262.05,-0.015513158228,1
1.23953777778,2022-01-24T14:14:22.336Z,BCHUSDT,4,262.05,-0.015513158228,1
1.23954194444,2022-01-24T14:14:22.351Z,BCHUSDT,4,262.05,-0.015513158228,1
1.32426361111,2022-01-24T14:19:27.349Z,BCHUSDT,4,263.5,-0.00999511549478,1
1.36875722222,2022-01-24T14:22:07.526Z,BCHUSDT,4,263.85,-0.00866772362452,1
1.36875861111,2022-01-24T14:22:07.531Z,BCHUSDT,4,263.85,-0.00866772362452,1
1.368775,2022-01-24T14:22:07.590Z,BCHUSDT,4,263.85,-0.00866772362452,1
1.53135611111,2022-01-24T14:31:52.882Z,BCHUSDT,4,266.4,0.000950455190039,1
2.18203222222,2022-01-24T15:10:55.316Z,BCHUSDT,4,263.8,-0.00885724319298,1
2.18203555556,2022-01-24T15:10:55.328Z,BCHUSDT,4,263.8,-0.00885724319298,1
2.18272055556,2022-01-24T15:10:57.794Z,BCHUSDT,4,263.35,-0.0105645375468,1
2.18272138889,2022-01-24T15:10:57.797Z,BCHUSDT,4,263.35,-0.0105645375468,1
2.18279777778,2022-01-24T15:10:58.072Z,BCHUSDT,4,263.35,-0.0105645375468,1
2.24031805556,2022-01-24T15:14:25.145Z,BCHUSDT,4,264.5,-0.00620723217784,1
2.24032055556,2022-01-24T15:14:25.154Z,BCHUSDT,4,264.5,-0.00620723217784,1
2.28420638889,2022-01-24T15:17:03.143Z,BCHUSDT,4,263.5,-0.00999511549478,1
2.28422583333,2022-01-24T15:17:03.213Z,BCHUSDT,4,263.5,-0.00999511549478,1
2.419665,2022-01-24T15:25:10.794Z,BCHUSDT,4,267,0.00320017492405,1
2.41975888889,2022-01-24T15:25:11.132Z,BCHUSDT,4,267,0.00320017492405,1
2.41981277778,2022-01-24T15:25:11.326Z,BCHUSDT,4,267,0.00320017492405,1
2.41981944444,2022-01-24T15:25:11.350Z,BCHUSDT,4,267,0.00320017492405,1
2.41982305556,2022-01-24T15:25:11.363Z,BCHUSDT,4,267,0.00320017492405,1
2.41982944444,2022-01-24T15:25:11.386Z,BCHUSDT,4,267,0.00320017492405,1
2.41983583333,2022-01-24T15:25:11.409Z,BCHUSDT,4,267,0.00320017492405,1
2.4198425,2022-01-24T15:25:11.433Z,BCHUSDT,4,267,0.00320017492405,1
2.41984472222,2022-01-24T15:25:11.441Z,BCHUSDT,4,267,0.00320017492405,1
2.41985138889,2022-01-24T15:25:11.465Z,BCHUSDT,4,267,0.00320017492405,1
2.41985777778,2022-01-24T15:25:11.488Z,BCHUSDT,4,267,0.00320017492405,1
2.41988055556,2022-01-24T15:25:11.570Z,BCHUSDT,4,267.06875,0.00345763241573,2
2.41991027778,2022-01-24T15:25:11.677Z,BCHUSDT,4,267.3,0.00432313966868,1
2.41996111111,2022-01-24T15:25:11.860Z,BCHUSDT,4,267.3,0.00432313966868,1
2.41997194444,2022-01-24T15:25:11.899Z,BCHUSDT,4,267.3,0.00432313966868,1
2.42003916667,2022-01-24T15:25:12.141Z,BCHUSDT,4,267.3,0.00432313966868,1
2.42027777778,2022-01-24T15:25:13.000Z,BCHUSDT,4,267.3,0.00432313966868,1
2.42593055556,2022-01-24T15:25:33.350Z,BCHUSDT,4,270,0.0143734755222,1
2.42833416667,2022-01-24T15:25:42.003Z,BCHUSDT,4,270.7,0.0169627131441,1
2.45298527778,2022-01-24T15:27:10.747Z,BCHUSDT,4,269.85,0.0138177655885,1
2.45634,2022-01-24T15:27:22.824Z,BCHUSDT,4,271.15,0.0186236898109,1
2.45739388889,2022-01-24T15:27:26.618Z,BCHUSDT,4,271.9,0.0213858681622,1
2.45862222222,2022-01-24T15:27:31.040Z,BCHUSDT,4,271.85,0.0212019601157,1
2.49469416667,2022-01-24T15:29:40.899Z,BCHUSDT,4,271.5,0.0199136558978,1
2.49475666667,2022-01-24T15:29:41.124Z,BCHUSDT,4,271.6,0.0202819122083,1
2.500725,2022-01-24T15:30:02.610Z,BCHUSDT,4,271.4,0.0195452639246,1
2.50142333333,2022-01-24T15:30:05.124Z,BCHUSDT,4,271.55,0.0200978010047,1
2.52538861111,2022-01-24T15:31:31.399Z,BCHUSDT,4,272.25,0.0226722783369,1
2.526135,2022-01-24T15:31:34.086Z,BCHUSDT,4,272.65,0.0241404378959,1
2.55740527778,2022-01-24T15:33:26.659Z,BCHUSDT,4,276,0.036352382241,1
2.79647833333,2022-01-24T15:47:47.322Z,BCHUSDT,4,275.95,0.0361712064093,1
2.97161222222,2022-01-24T15:58:17.804Z,BCHUSDT,4,277.85,0.0430329162497,1
2.9716125,2022-01-24T15:58:17.805Z,BCHUSDT,4,277.85,0.0430329162497,1
3.72327833333,2022-01-24T16:43:23.802Z,BCHUSDT,4,273.65,0.0278014341137,1
3.72328083333,2022-01-24T16:43:23.811Z,BCHUSDT,4,273.65,0.0278014341137,1
3.72331388889,2022-01-24T16:43:23.930Z,BCHUSDT,4,273.65,0.0278014341137,1
3.72333166667,2022-01-24T16:43:23.994Z,BCHUSDT,4,273.35,0.0267045418648,1
3.72345,2022-01-24T16:43:24.420Z,BCHUSDT,4,273.35,0.0267045418648,1
3.72345166667,2022-01-24T16:43:24.426Z,BCHUSDT,4,273.35,0.0267045418648,1
3.72345833333,2022-01-24T16:43:24.450Z,BCHUSDT,4,273.35,0.0267045418648,1
3.72350277778,2022-01-24T16:43:24.610Z,BCHUSDT,4,273.35,0.0267045418648,1
3.72351055556,2022-01-24T16:43:24.638Z,BCHUSDT,4,273.35,0.0267045418648,1
3.72351777778,2022-01-24T16:43:24.664Z,BCHUSDT,4,273.35,0.0267045418648,1
3.74276305556,2022-01-24T16:44:33.947Z,BCHUSDT,4,273.4,0.0268874408137,1
3.86483555556,2022-01-24T16:51:53.408Z,BCHUSDT,4,271.3,0.0191767361887,1
3.96828888889,2022-01-24T16:58:05.840Z,BCHUSDT,4,273.75,0.0281667976545,1
3.97649694444,2022-01-24T16:58:35.389Z,BCHUSDT,4,272.9,0.0250569442381,1
3.97654972222,2022-01-24T16:58:35.579Z,BCHUSDT,4,272.9,0.0250569442381,1
3.97655138889,2022-01-24T16:58:35.585Z,BCHUSDT,4,272.9,0.0250569442381,1
0.00601111111111,2022-01-24T13:00:21.640Z,DOGEUSDT,5,0.12714,-0.0161643945397,1
0.00891444444444,2022-01-24T13:00:32.092Z,DOGEUSDT,5,0.12698,-0.0174236423056,1
0.01002,2022-01-24T13:00:36.072Z,DOGEUSDT,5,0.12698,-0.0174236423056,1
0.0288691666667,2022-01-24T13:01:43.929Z,DOGEUSDT,5,0.127910237913,-0.0101244844391,2
0.0299480555556,2022-01-24T13:01:47.813Z,DOGEUSDT,5,0.12698,-0.0174236423056,1
0.0299527777778,2022-01-24T13:01:47.830Z,DOGEUSDT,5,0.12685,-0.0184479500027,1
0.0311477777778,2022-01-24T13:01:52.132Z,DOGEUSDT,5,0.126907770701,-0.0179926283668,3
0.0312669444444,2022-01-24T13:01:52.561Z,DOGEUSDT,5,0.12673,-0.019394396954,1
0.0312783333333,2022-01-24T13:01:52.602Z,DOGEUSDT,5,0.12673,-0.019394396954,1
0.0314563888889,2022-01-24T13:01:53.243Z,DOGEUSDT,5,0.12674,-0.0193154921526,1
0.0314675,2022-01-24T13:01:53.283Z,DOGEUSDT,5,0.12675,-0.0192365935767,1
0.0314797222222,2022-01-24T13:01:53.327Z,DOGEUSDT,5,0.12675,-0.0192365935767,1
0.0314969444444,2022-01-24T13:01:53.389Z,DOGEUSDT,5,0.12675,-0.0192365935767,1
0.0315008333333,2022-01-24T13:01:53.403Z,DOGEUSDT,5,0.12675,-0.0192365935767,1
0.0315055555556,2022-01-24T13:01:53.420Z,DOGEUSDT,5,0.12675,-0.0192365935767,2
0.0315061111111,2022-01-24T13:01:53.422Z,DOGEUSDT,5,0.12675,-0.0192365935767,1
0.0315911111111,2022-01-24T13:01:53.728Z,DOGEUSDT,5,0.12675,-0.0192365935767,1
0.0316763888889,2022-01-24T13:01:54.035Z,DOGEUSDT,5,0.12786,-0.0105173207094,1
0.0316913888889,2022-01-24T13:01:54.089Z,DOGEUSDT,5,0.12786,-0.0105173207094,1
0.0317722222222,2022-01-24T13:01:54.380Z,DOGEUSDT,5,0.12676,-0.0191577012252,1
0.0318797222222,2022-01-24T13:01:54.767Z,DOGEUSDT,5,0.12676,-0.0191577012252,1
0.0318908333333,2022-01-24T13:01:54.807Z,DOGEUSDT,5,0.12676,-0.0191577012252,1
0.0336225,2022-01-24T13:02:01.041Z,DOGEUSDT,5,0.12698,-0.0174236423056,2
0.0336672222222,2022-01-24T13:02:01.202Z,DOGEUSDT,5,0.12698,-0.0174236423056,1
0.0584205555556,2022-01-24T13:03:30.314Z,DOGEUSDT,5,0.1273,-0.0149067304846,1
0.0585147222222,2022-01-24T13:03:30.653Z,DOGEUSDT,5,0.126636332312,-0.0201337824201,3
0.0587127777778,2022-01-24T13:03:31.366Z,DOGEUSDT,5,0.126360018067,-0.0223181171349,2
0.0589502777778,2022-01-24T13:03:32.221Z,DOGEUSDT,5,0.1265,-0.0212109278804,1
0.061155,2022-01-24T13:03:40.158Z,DOGEUSDT,5,0.12698,-0.0174236423056,1
0.0778513888889,2022-01-24T13:04:40.265Z,DOGEUSDT,5,0.12668,-0.0197890143775,1
0.0829944444444,2022-01-24T13:04:58.780Z,DOGEUSDT,5,0.12662,-0.020262760932,1
0.151383611111,2022-01-24T13:09:04.981Z,DOGEUSDT,5,0.12696,-0.0175811598298,1
0.153528333333,2022-01-24T13:09:12.702Z,DOGEUSDT,5,0.12696,-0.0175811598298,1
0.153676388889,2022-01-24T13:09:13.235Z,DOGEUSDT,5,0.12794,-0.00989183202596,1
0.153721666667,2022-01-24T13:09:13.398Z,DOGEUSDT,5,0.12764,-0.0122394346379,1
0.1537825,2022-01-24T13:09:13.617Z,DOGEUSDT,5,0.12794,-0.00989183202596,1
0.153795833333,2022-01-24T13:09:13.665Z,DOGEUSDT,5,0.12794,-0.00989183202596,1
0.154038611111,2022-01-24T13:09:14.539Z,DOGEUSDT,5,0.12822,-0.00770569748884,1
0.154064444444,2022-01-24T13:09:14.632Z,DOGEUSDT,5,0.12822,-0.00770569748884,1
0.154071388889,2022-01-24T13:09:14.657Z,DOGEUSDT,5,0.12822,-0.00770569748884,1
0.211293333333,2022-01-24T13:12:40.656Z,DOGEUSDT,5,0.12847,-0.00575782200444,1
0.211295555556,2022-01-24T13:12:40.664Z,DOGEUSDT,5,0.12847,-0.00575782200444,1
0.219440277778,2022-01-24T13:13:09.985Z,DOGEUSDT,5,0.12848,-0.0056799858495,1
0.243424444444,2022-01-24T13:14:36.328Z,DOGEUSDT,5,0.12843,-0.00606922722299,1
0.246835833333,2022-01-24T13:14:48.609Z,DOGEUSDT,5,0.12807,-0.00887624660997,1
0.258930555556,2022-01-24T13:15:32.150Z,DOGEUSDT,5,0.12904,-0.001330802231,1
0.260141944444,2022-01-24T13:15:36.511Z,DOGEUSDT,5,0.12884,-0.00288191158496,1
0.269171111111,2022-01-24T13:16:09.016Z,DOGEUSDT,5,0.12877,-0.00342536876226,1
0.269180555556,2022-01-24T13:16:09.050Z,DOGEUSDT,5,0.12877,-0.00342536876226,1
0.269183888889,2022-01-24T13:16:09.062Z,DOGEUSDT,5,0.12877,-0.00342536876226,1
0.269195277778,2022-01-24T13:16:09.103Z,DOGEUSDT,5,0.12877,-0.00342536876226,1
0.273567222222,2022-01-24T13:16:24.842Z,DOGEUSDT,5,0.128625025126,-0.0045518465536,2
0.318915,2022-01-24T13:19:08.094Z,DOGEUSDT,5,0.12805,-0.00903242340242,1
0.338621666667,2022-01-24T13:20:19.038Z,DOGEUSDT,5,0.12783,-0.010751979868,1
0.342745555556,2022-01-24T13:20:33.884Z,DOGEUSDT,5,0.12774,-0.0114562879145,2
0.344628611111,2022-01-24T13:20:40.663Z,DOGEUSDT,5,0.12774,-0.0114562879145,1
0.368096666667,2022-01-24T13:22:05.148Z,DOGEUSDT,5,0.12821,-0.00778369148334,1
0.427914722222,2022-01-24T13:25:40.493Z,DOGEUSDT,5,0.12865,-0.0043576973202,1
0.427921666667,2022-01-24T13:25:40.518Z,DOGEUSDT,5,0.12865,-0.0043576973202,1
0.444824166667,2022-01-24T13:26:41.367Z,DOGEUSDT,5,0.1289,-0.00241632610281,1
0.450639444444,2022-01-24T13:27:02.302Z,DOGEUSDT,5,0.12902,-0.00148580494386,1
0.516026111111,2022-01-24T13:30:57.694Z,DOGEUSDT,5,0.12881,-0.00311478563996,1
0.576268611111,2022-01-24T13:34:34.567Z,DOGEUSDT,5,0.12814,-0.00832981983708,1
0.587888333333,2022-01-24T13:35:16.398Z,DOGEUSDT,5,0.12798,-0.00957923433664,1
0.627988611111,2022-01-24T13:37:40.759Z,DOGEUSDT,5,0.127560431294,-0.0128630128058,3
0.628081944444,2022-01-24T13:37:41.095Z,DOGEUSDT,5,0.12756,-0.0128663939061,1
0.628099166667,2022-01-24T13:37:41.157Z,DOGEUSDT,5,0.12756,-0.0128663939061,1
0.628104722222,2022-01-24T13:37:41.177Z,DOGEUSDT,5,0.12756,-0.0128663939061,1
0.628105833333,2022-01-24T13:37:41.181Z,DOGEUSDT,5,0.12756,-0.0128663939061,1
0.628108333333,2022-01-24T13:37:41.190Z,DOGEUSDT,5,0.12756,-0.0128663939061,1
0.628109166667,2022-01-24T13:37:41.193Z,DOGEUSDT,5,0.12756,-0.0128663939061,1
0.628114166667,2022-01-24T13:37:41.211Z,DOGEUSDT,5,0.12756,-0.0128663939061,1
0.628117222222,2022-01-24T13:37:41.222Z,DOGEUSDT,5,0.12756,-0.0128663939061,1
0.628146666667,2022-01-24T13:37:41.328Z,DOGEUSDT,5,0.12756,-0.0128663939061,1
0.628158333333,2022-01-24T13:37:41.370Z,DOGEUSDT,5,0.12756,-0.0128663939061,1
0.628163611111,2022-01-24T13:37:41.389Z,DOGEUSDT,5,0.12756,-0.0128663939061,1
0.6281725,2022-01-24T13:37:41.421Z,DOGEUSDT,5,0.12756,-0.0128663939061,1
0.628233888889,2022-01-24T13:37:41.642Z,DOGEUSDT,5,0.12756,-0.0128663939061,1
0.628234722222,2022-01-24T13:37:41.645Z,DOGEUSDT,5,0.12756,-0.0128663939061,1
0.628236111111,2022-01-24T13:37:41.650Z,DOGEUSDT,5,0.12756,-0.0128663939061,1
0.628239166667,2022-01-24T13:37:41.661Z,DOGEUSDT,5,0.12756,-0.0128663939061,1
0.628242777778,2022-01-24T13:37:41.674Z,DOGEUSDT,5,0.12756,-0.0128663939061,1
0.628246388889,2022-01-24T13:37:41.687Z,DOGEUSDT,5,0.12756,-0.0128663939061,1
0.628246944444,2022-01-24T13:37:41.689Z,DOGEUSDT,5,0.12756,-0.0128663939061,1
0.643223888889,2022-01-24T13:38:35.606Z,DOGEUSDT,5,0.12777,-0.0112214634447,1
0.643238611111,2022-01-24T13:38:35.659Z,DOGEUSDT,5,0.12777,-0.0112214634447,1
0.674392222222,2022-01-24T13:40:27.812Z,DOGEUSDT,5,0.1279,-0.0102045274632,1
0.674478888889,2022-01-24T13:40:28.124Z,DOGEUSDT,5,0.12765,-0.0121610923605,1
0.686295,2022-01-24T13:41:10.662Z,DOGEUSDT,5,0.12755,-0.0129447914601,1
0.712873611111,2022-01-24T13:42:46.345Z,DOGEUSDT,5,0.12778,-0.0111432008738,1
0.712875833333,2022-01-24T13:42:46.353Z,DOGEUSDT,5,0.12778,-0.0111432008738,1
0.712885277778,2022-01-24T13:42:46.387Z,DOGEUSDT,5,0.12778,-0.0111432008738,1
0.712888888889,2022-01-24T13:42:46.400Z,DOGEUSDT,5,0.12778,-0.0111432008738,1
0.712892777778,2022-01-24T13:42:46.414Z,DOGEUSDT,5,0.12778,-0.0111432008738,1
0.712900277778,2022-01-24T13:42:46.441Z,DOGEUSDT,5,0.12778,-0.0111432008738,1
0.712901111111,2022-01-24T13:42:46.444Z,DOGEUSDT,5,0.12778,-0.0111432008738,1
0.712910833333,2022-01-24T13:42:46.479Z,DOGEUSDT,5,0.12778,-0.0111432008738,1
0.712911944444,2022-01-24T13:42:46.483Z,DOGEUSDT,5,0.12778,-0.0111432008738,2
0.712913333333,2022-01-24T13:42:46.488Z,DOGEUSDT,5,0.12778,-0.0111432008738,1
0.712915555556,2022-01-24T13:42:46.496Z,DOGEUSDT,5,0.12778,-0.0111432008738,1
0.7129325,2022-01-24T13:42:46.557Z,DOGEUSDT,5,0.12778,-0.0111432008738,1
0.712937222222,2022-01-24T13:42:46.574Z,DOGEUSDT,5,0.12778,-0.0111432008738,1
0.712938055556,2022-01-24T13:42:46.577Z,DOGEUSDT,5,0.12778,-0.0111432008738,1
0.712949166667,2022-01-24T13:42:46.617Z,DOGEUSDT,5,0.12778,-0.0111432008738,1
0.712951666667,2022-01-24T13:42:46.626Z,DOGEUSDT,5,0.12778,-0.0111432008738,1
0.712955833333,2022-01-24T13:42:46.641Z,DOGEUSDT,5,0.12778,-0.0111432008738,1
0.713181944444,2022-01-24T13:42:47.455Z,DOGEUSDT,5,0.12778,-0.0111432008738,1
0.71319,2022-01-24T13:42:47.484Z,DOGEUSDT,5,0.12778,-0.0111432008738,1
0.713286111111,2022-01-24T13:42:47.830Z,DOGEUSDT,5,0.12778,-0.0111432008738,1
0.713324444444,2022-01-24T13:42:47.968Z,DOGEUSDT,5,0.12778,-0.0111432008738,1
0.713326666667,2022-01-24T13:42:47.976Z,DOGEUSDT,5,0.12778,-0.0111432008738,1
0.715959722222,2022-01-24T13:42:57.455Z,DOGEUSDT,5,0.12776,-0.0112997321412,1
0.715960833333,2022-01-24T13:42:57.459Z,DOGEUSDT,5,0.12776,-0.0112997321412,1
0.715969444444,2022-01-24T13:42:57.490Z,DOGEUSDT,5,0.12776,-0.0112997321412,1
0.715970277778,2022-01-24T13:42:57.493Z,DOGEUSDT,5,0.12776,-0.0112997321412,1
0.715970833333,2022-01-24T13:42:57.495Z,DOGEUSDT,5,0.12776,-0.0112997321412,1
0.715971666667,2022-01-24T13:42:57.498Z,DOGEUSDT,5,0.12776,-0.0112997321412,1
0.7159725,2022-01-24T13:42:57.501Z,DOGEUSDT,5,0.12776,-0.0112997321412,1
0.715973055556,2022-01-24T13:42:57.503Z,DOGEUSDT,5,0.12776,-0.0112997321412,1
0.715973888889,2022-01-24T13:42:57.506Z,DOGEUSDT,5,0.12776,-0.0112997321412,1
0.715975,2022-01-24T13:42:57.510Z,DOGEUSDT,5,0.12776,-0.0112997321412,1
0.715975555556,2022-01-24T13:42:57.512Z,DOGEUSDT,5,0.12776,-0.0112997321412,1
0.715976666667,2022-01-24T13:42:57.516Z,DOGEUSDT,5,0.12776,-0.0112997321412,1
0.7159775,2022-01-24T13:42:57.519Z,DOGEUSDT,5,0.12776,-0.0112997321412,1
0.715989722222,2022-01-24T13:42:57.563Z,DOGEUSDT,5,0.12776,-0.0112997321412,1
0.715993333333,2022-01-24T13:42:57.576Z,DOGEUSDT,5,0.12776,-0.0112997321412,1
0.721793888889,2022-01-24T13:43:18.458Z,DOGEUSDT,5,0.12778,-0.0111432008738,1
0.7218,2022-01-24T13:43:18.480Z,DOGEUSDT,5,0.12778,-0.0111432008738,1
0.725703333333,2022-01-24T13:43:32.532Z,DOGEUSDT,5,0.12777,-0.0112214634447,1
0.726703888889,2022-01-24T13:43:36.134Z,DOGEUSDT,5,0.12777,-0.0112214634447,1
0.727963611111,2022-01-24T13:43:40.669Z,DOGEUSDT,5,0.12784,-0.01067375403,1
0.750276111111,2022-01-24T13:45:00.994Z,DOGEUSDT,5,0.12789,-0.0102827166027,1
0.850272222222,2022-01-24T13:51:00.980Z,DOGEUSDT,5,0.12795,-0.00981367344216,1
0.8503275,2022-01-24T13:51:01.179Z,DOGEUSDT,5,0.12795,-0.00981367344216,1
0.850345,2022-01-24T13:51:01.242Z,DOGEUSDT,5,0.12795,-0.00981367344216,1
0.850348888889,2022-01-24T13:51:01.256Z,DOGEUSDT,5,0.12795,-0.00981367344216,1
0.850349166667,2022-01-24T13:51:01.257Z,DOGEUSDT,5,0.12795,-0.00981367344216,1
0.850351944444,2022-01-24T13:51:01.267Z,DOGEUSDT,5,0.12795,-0.00981367344216,1
0.850353055556,2022-01-24T13:51:01.271Z,DOGEUSDT,5,0.12795,-0.00981367344216,1
0.850354444444,2022-01-24T13:51:01.276Z,DOGEUSDT,5,0.12795,-0.00981367344216,1
0.850355277778,2022-01-24T13:51:01.279Z,DOGEUSDT,5,0.12795,-0.00981367344216,1
0.850356111111,2022-01-24T13:51:01.282Z,DOGEUSDT,5,0.12795,-0.00981367344216,1
0.851565277778,2022-01-24T13:51:05.635Z,DOGEUSDT,5,0.1279,-0.0102045274632,1
0.851996388889,2022-01-24T13:51:07.187Z,DOGEUSDT,5,0.1279,-0.0102045274632,1
0.85424,2022-01-24T13:51:15.264Z,DOGEUSDT,5,0.12787,-0.0104391132249,2
0.854861111111,2022-01-24T13:51:17.500Z,DOGEUSDT,5,0.12787,-0.0104391132249,1
0.855593333333,2022-01-24T13:51:20.136Z,DOGEUSDT,5,0.12791,-0.0101263444367,1
0.878875,2022-01-24T13:52:43.950Z,DOGEUSDT,5,0.12832,-0.00692609192975,1
0.943823333333,2022-01-24T13:56:37.764Z,DOGEUSDT,5,0.12785,-0.0105955343108,1
0.963510833333,2022-01-24T13:57:48.639Z,DOGEUSDT,5,0.12761,-0.0124744983021,1
0.994501944444,2022-01-24T13:59:40.207Z,DOGEUSDT,5,0.12783,-0.010751979868,1
0.998700277778,2022-01-24T13:59:55.321Z,DOGEUSDT,5,0.127453333333,-0.0137029515205,2
1.008395,2022-01-24T14:00:30.222Z,DOGEUSDT,5,0.12741,-0.0140430030547,1
1.02746472222,2022-01-24T14:01:38.873Z,DOGEUSDT,5,0.12727,-0.015142422044,1
1.02757944444,2022-01-24T14:01:39.286Z,DOGEUSDT,5,0.127272232143,-0.0151248835567,2
1.02758194444,2022-01-24T14:01:39.295Z,DOGEUSDT,5,0.12727,-0.015142422044,1
1.05876555556,2022-01-24T14:03:31.556Z,DOGEUSDT,5,0.12777,-0.0112214634447,1
1.07083861111,2022-01-24T14:04:15.019Z,DOGEUSDT,5,0.12777,-0.0112214634447,1
1.07540638889,2022-01-24T14:04:31.463Z,DOGEUSDT,5,0.12735,-0.0145140346225,1
1.09773472222,2022-01-24T14:05:51.845Z,DOGEUSDT,5,0.12754,-0.0130231951608,1
1.10780333333,2022-01-24T14:06:28.092Z,DOGEUSDT,5,0.12753,-0.0131016050091,1
1.1180325,2022-01-24T14:07:04.917Z,DOGEUSDT,5,0.126931184211,-0.0178081530567,2
1.11803694444,2022-01-24T14:07:04.933Z,DOGEUSDT,5,0.12693,-0.0178174826479,1
1.11809416667,2022-01-24T14:07:05.139Z,DOGEUSDT,5,0.12693,-0.0178174826479,1
1.15214972222,2022-01-24T14:09:07.739Z,DOGEUSDT,5,0.12687,-0.0182902958954,1
1.1860725,2022-01-24T14:11:09.861Z,DOGEUSDT,5,0.126781255605,-0.0189900314282,2
1.18607472222,2022-01-24T14:11:09.869Z,DOGEUSDT,5,0.12678,-0.0189999351919,1
1.190315,2022-01-24T14:11:25.134Z,DOGEUSDT,5,0.12684,-0.0185267863778,1
1.20039027778,2022-01-24T14:12:01.405Z,DOGEUSDT,5,0.12671,-0.0195522252371,1
1.20209972222,2022-01-24T14:12:07.559Z,DOGEUSDT,5,0.126806904025,-0.0187877473822,2
1.20210888889,2022-01-24T14:12:07.592Z,DOGEUSDT,5,0.12681,-0.0187633328011,1
1.20211944444,2022-01-24T14:12:07.630Z,DOGEUSDT,5,0.12681,-0.0187633328011,1
1.20212666667,2022-01-24T14:12:07.656Z,DOGEUSDT,5,0.12681,-0.0187633328011,1
1.20212888889,2022-01-24T14:12:07.664Z,DOGEUSDT,5,0.12681,-0.0187633328011,1
1.20213055556,2022-01-24T14:12:07.670Z,DOGEUSDT,5,0.12681,-0.0187633328011,1
1.20213305556,2022-01-24T14:12:07.679Z,DOGEUSDT,5,0.12681,-0.0187633328011,1
1.20213555556,2022-01-24T14:12:07.688Z,DOGEUSDT,5,0.12681,-0.0187633328011,1
1.20214305556,2022-01-24T14:12:07.715Z,DOGEUSDT,5,0.12681,-0.0187633328011,1
1.20215472222,2022-01-24T14:12:07.757Z,DOGEUSDT,5,0.12681,-0.0187633328011,1
1.20215833333,2022-01-24T14:12:07.770Z,DOGEUSDT,5,0.12681,-0.0187633328011,1
1.20215861111,2022-01-24T14:12:07.771Z,DOGEUSDT,5,0.12681,-0.0187633328011,1
1.20217111111,2022-01-24T14:12:07.816Z,DOGEUSDT,5,0.12681,-0.0187633328011,1
1.20218305556,2022-01-24T14:12:07.859Z,DOGEUSDT,5,0.12681,-0.0187633328011,1
1.20218583333,2022-01-24T14:12:07.869Z,DOGEUSDT,5,0.12681,-0.0187633328011,1
1.202195,2022-01-24T14:12:07.902Z,DOGEUSDT,5,0.12681,-0.0187633328011,1
1.20221388889,2022-01-24T14:12:07.970Z,DOGEUSDT,5,0.12681,-0.0187633328011,1
1.20221666667,2022-01-24T14:12:07.980Z,DOGEUSDT,5,0.12681,-0.0187633328011,1
1.20222055556,2022-01-24T14:12:07.994Z,DOGEUSDT,5,0.12681,-0.0187633328011,1
1.20222333333,2022-01-24T14:12:08.004Z,DOGEUSDT,5,0.12681,-0.0187633328011,1
1.20223444444,2022-01-24T14:12:08.044Z,DOGEUSDT,5,0.12681,-0.0187633328011,1
1.20335277778,2022-01-24T14:12:12.070Z,DOGEUSDT,5,0.1268,-0.0188421940448,1
1.20616944444,2022-01-24T14:12:22.210Z,DOGEUSDT,5,0.12709,-0.016557739154,1
1.20617,2022-01-24T14:12:22.212Z,DOGEUSDT,5,0.12709,-0.016557739154,1
1.20617722222,2022-01-24T14:12:22.238Z,DOGEUSDT,5,0.12709,-0.016557739154,1
1.20617861111,2022-01-24T14:12:22.243Z,DOGEUSDT,5,0.12709,-0.016557739154,1
1.21911583333,2022-01-24T14:13:08.817Z,DOGEUSDT,5,0.12706,-0.0167938202096,1
1.23488083333,2022-01-24T14:14:05.571Z,DOGEUSDT,5,0.12703,-0.0170299570126,2
1.23874722222,2022-01-24T14:14:19.490Z,DOGEUSDT,5,0.12719,-0.0157712045846,1
1.2568725,2022-01-24T14:15:24.741Z,DOGEUSDT,5,0.12817,-0.00809572830622,1
1.26125388889,2022-01-24T14:15:40.514Z,DOGEUSDT,5,0.12831,-0.00700402514103,1
1.26780416667,2022-01-24T14:16:04.095Z,DOGEUSDT,5,0.12797,-0.00965737459845,1
1.26830666667,2022-01-24T14:16:05.904Z,DOGEUSDT,5,0.12834,-0.00677024372558,1
1.39021472222,2022-01-24T14:23:24.773Z,DOGEUSDT,5,0.12802,-0.0092667343341,1
1.39241583333,2022-01-24T14:23:32.697Z,DOGEUSDT,5,0.12802,-0.0092667343341,1
1.39378166667,2022-01-24T14:23:37.614Z,DOGEUSDT,5,0.12796,-0.00973552096664,1
1.40461222222,2022-01-24T14:24:16.604Z,DOGEUSDT,5,0.12767,-0.0120044262157,1
1.40461777778,2022-01-24T14:24:16.624Z,DOGEUSDT,5,0.12767,-0.0120044262157,1
1.4050225,2022-01-24T14:24:18.081Z,DOGEUSDT,5,0.12767,-0.0120044262157,1
1.41134555556,2022-01-24T14:24:40.844Z,DOGEUSDT,5,0.12783,-0.010751979868,1
1.41135333333,2022-01-24T14:24:40.872Z,DOGEUSDT,5,0.12783,-0.010751979868,1
1.41335972222,2022-01-24T14:24:48.095Z,DOGEUSDT,5,0.12786,-0.0105173207094,1
1.42196305556,2022-01-24T14:25:19.067Z,DOGEUSDT,5,0.12813,-0.00840786252647,1
1.42377055556,2022-01-24T14:25:25.574Z,DOGEUSDT,5,0.12813,-0.00840786252647,1
1.45312638889,2022-01-24T14:27:11.255Z,DOGEUSDT,5,0.1287,-0.00396912144587,1
1.45581166667,2022-01-24T14:27:20.922Z,DOGEUSDT,5,0.128906655518,-0.00236469424418,2
1.45644583333,2022-01-24T14:27:23.205Z,DOGEUSDT,5,0.12908,-0.00102086886419,1
1.45644833333,2022-01-24T14:27:23.214Z,DOGEUSDT,5,0.12911,-0.000788481861326,1
1.45645416667,2022-01-24T14:27:23.235Z,DOGEUSDT,5,0.12911,-0.000788481861326,1
1.4610825,2022-01-24T14:27:39.897Z,DOGEUSDT,5,0.12928,0.000527358724832,1
1.47857388889,2022-01-24T14:28:42.866Z,DOGEUSDT,5,0.12921,-1.42483138252e-05,1
1.47859277778,2022-01-24T14:28:42.934Z,DOGEUSDT,5,0.12921,-1.42483138252e-05,1
1.47860888889,2022-01-24T14:28:42.992Z,DOGEUSDT,5,0.129219338314,5.80214511507e-05,2
1.47864416667,2022-01-24T14:28:43.119Z,DOGEUSDT,5,0.12922,6.31420820656e-05,1
1.48299388889,2022-01-24T14:28:58.778Z,DOGEUSDT,5,0.12944,0.00176421726223,1
1.48300416667,2022-01-24T14:28:58.815Z,DOGEUSDT,5,0.12944,0.00176421726223,1
1.53571027778,2022-01-24T14:32:08.557Z,DOGEUSDT,5,0.13013,0.00708071474071,1
1.53942166667,2022-01-24T14:32:21.918Z,DOGEUSDT,5,0.13068,0.0112983506849,1
1.54462277778,2022-01-24T14:32:40.642Z,DOGEUSDT,5,0.13082,0.0123690964851,1
1.60054888889,2022-01-24T14:36:01.976Z,DOGEUSDT,5,0.13054,0.0102264571591,2
1.61439805556,2022-01-24T14:36:51.833Z,DOGEUSDT,5,0.13021,0.00769529569268,2
1.63424027778,2022-01-24T14:38:03.265Z,DOGEUSDT,5,0.1304,0.0091534134446,2
1.65438,2022-01-24T14:39:15.768Z,DOGEUSDT,5,0.13134,0.0163361447149,1
1.65442527778,2022-01-24T14:39:15.931Z,DOGEUSDT,5,0.13134,0.0163361447149,1
1.66429444444,2022-01-24T14:39:51.460Z,DOGEUSDT,5,0.13165,0.0186936498944,3
1.67946722222,2022-01-24T14:40:46.082Z,DOGEUSDT,5,0.13202,0.0215001902127,1
1.68530138889,2022-01-24T14:41:07.085Z,DOGEUSDT,5,0.13214,0.0224087305538,3
1.70417388889,2022-01-24T14:42:15.026Z,DOGEUSDT,5,0.13166,0.0187696059918,3
1.7093275,2022-01-24T14:42:33.579Z,DOGEUSDT,5,0.13141,0.0168689706076,3
1.72657027778,2022-01-24T14:43:35.653Z,DOGEUSDT,5,0.1313,0.0160315452608,3
1.72858694444,2022-01-24T14:43:42.913Z,DOGEUSDT,5,0.13105,0.0141256937215,3
1.73339027778,2022-01-24T14:44:00.205Z,DOGEUSDT,5,0.13078,0.0120632860852,3
1.74533638889,2022-01-24T14:44:43.211Z,DOGEUSDT,5,0.13068,0.0112983506849,3
1.75400444444,2022-01-24T14:45:14.416Z,DOGEUSDT,5,0.13042,0.0093067759171,3
1.77749222222,2022-01-24T14:46:38.972Z,DOGEUSDT,5,0.13062,0.0108391084266,3
1.79049027778,2022-01-24T14:47:25.765Z,DOGEUSDT,5,0.13065,0.0110687559187,3
1.79589805556,2022-01-24T14:47:45.233Z,DOGEUSDT,5,0.13027,0.00815598366152,3
1.81127944444,2022-01-24T14:48:40.606Z,DOGEUSDT,5,0.13034,0.00869318485628,3
1.82689027778,2022-01-24T14:49:36.805Z,DOGEUSDT,5,0.13026,0.0080792170703,3
1.8297775,2022-01-24T14:49:47.199Z,DOGEUSDT,5,0.13029,0.00830949916689,1
1.83585416667,2022-01-24T14:50:09.075Z,DOGEUSDT,5,0.13005,0.00646575584671,3
1.84487416667,2022-01-24T14:50:41.547Z,DOGEUSDT,5,0.12978,0.00438747314507,3
1.85361027778,2022-01-24T14:51:12.997Z,DOGEUSDT,5,0.12955,0.00261367096016,3
1.85771472222,2022-01-24T14:51:27.773Z,DOGEUSDT,5,0.12934,0.000991359970492,3
1.86549611111,2022-01-24T14:51:55.786Z,DOGEUSDT,5,0.12919,-0.000169047075744,3
1.89350722222,2022-01-24T14:53:36.626Z,DOGEUSDT,5,0.12941,0.00153242278562,3
1.90583111111,2022-01-24T14:54:20.992Z,DOGEUSDT,5,0.12998,0.00592735641825,1
1.92007555556,2022-01-24T14:55:12.272Z,DOGEUSDT,5,0.12977,0.00431041670119,1
1.93736888889,2022-01-24T14:56:14.528Z,DOGEUSDT,5,0.13042,0.0093067759171,1
1.93738416667,2022-01-24T14:56:14.583Z,DOGEUSDT,5,0.13042,0.0093067759171,1
1.93738805556,2022-01-24T14:56:14.597Z,DOGEUSDT,5,0.13042,0.0093067759171,1
1.93779833333,2022-01-24T14:56:16.074Z,DOGEUSDT,5,0.13034,0.00869318485628,1
1.95077638889,2022-01-24T14:57:02.795Z,DOGEUSDT,5,0.13033,0.00861645949467,1
1.984445,2022-01-24T14:59:04.002Z,DOGEUSDT,5,0.13007,0.0066195310277,1
1.98618083333,2022-01-24T14:59:10.251Z,DOGEUSDT,5,0.130274840829,0.00819314293657,2
1.98618472222,2022-01-24T14:59:10.265Z,DOGEUSDT,5,0.130379225268,0.00899408532445,5
1.98619361111,2022-01-24T14:59:10.297Z,DOGEUSDT,5,0.13048,0.0097667222648,1
1.98621888889,2022-01-24T14:59:10.388Z,DOGEUSDT,5,0.13062,0.0108391084266,2
1.98624972222,2022-01-24T14:59:10.499Z,DOGEUSDT,5,0.13064,0.0109922126143,1
1.98684861111,2022-01-24T14:59:12.655Z,DOGEUSDT,5,0.13083,0.0124455344748,1
1.98848444444,2022-01-24T14:59:18.544Z,DOGEUSDT,5,0.13128,0.0158792107339,1
2.00203527778,2022-01-24T15:00:07.327Z,DOGEUSDT,5,0.13144,0.0170972376811,2
2.018615,2022-01-24T15:01:07.014Z,DOGEUSDT,5,0.13105,0.0141256937215,2
2.02320222222,2022-01-24T15:01:23.528Z,DOGEUSDT,5,0.13058,0.0105328297105,3
2.03931361111,2022-01-24T15:02:21.529Z,DOGEUSDT,5,0.13071,0.0115278927495,2
2.04211277778,2022-01-24T15:02:31.606Z,DOGEUSDT,5,0.13048,0.0097667222648,3
2.053715,2022-01-24T15:03:13.374Z,DOGEUSDT,5,0.13038,0.00900002744844,3
2.05814388889,2022-01-24T15:03:29.318Z,DOGEUSDT,5,0.13011,0.00692701046743,3
2.07014833333,2022-01-24T15:04:12.534Z,DOGEUSDT,5,0.12999,0.00600428837197,3
2.07878722222,2022-01-24T15:04:43.634Z,DOGEUSDT,5,0.12981,0.00461860685695,3
2.08612,2022-01-24T15:05:10.032Z,DOGEUSDT,5,0.1295,0.00222764509164,3
2.10970166667,2022-01-24T15:06:34.926Z,DOGEUSDT,5,0.12958,0.00284521497386,3
2.13776361111,2022-01-24T15:08:15.949Z,DOGEUSDT,5,0.12954,0.00253647770682,3
2.15956277778,2022-01-24T15:09:34.426Z,DOGEUSDT,5,0.12935,0.00106867258408,3
2.17107416667,2022-01-24T15:10:15.867Z,DOGEUSDT,5,0.12895,-0.0020285037206,3
2.18089527778,2022-01-24T15:10:51.223Z,DOGEUSDT,5,0.12872,-0.00381373336383,3
2.18188333333,2022-01-24T15:10:54.780Z,DOGEUSDT,5,0.1285,-0.00552433171268,1
2.18210305556,2022-01-24T15:10:55.571Z,DOGEUSDT,5,0.12834,-0.00677024372558,1
2.18221,2022-01-24T15:10:55.956Z,DOGEUSDT,5,0.12834,-0.00677024372558,1
2.182305,2022-01-24T15:10:56.298Z,DOGEUSDT,5,0.12833,-0.00684816479158,1
2.18231916667,2022-01-24T15:10:56.349Z,DOGEUSDT,5,0.12833,-0.00684816479158,1
2.18231944444,2022-01-24T15:10:56.350Z,DOGEUSDT,5,0.12833,-0.00684816479158,1
2.18241222222,2022-01-24T15:10:56.684Z,DOGEUSDT,5,0.12806,-0.0089543319573,1
2.18255305556,2022-01-24T15:10:57.191Z,DOGEUSDT,5,0.12833,-0.00684816479158,1
2.18259944444,2022-01-24T15:10:57.358Z,DOGEUSDT,5,0.127562038896,-0.0128504102156,5
2.18260166667,2022-01-24T15:10:57.366Z,DOGEUSDT,5,0.12746,-0.0136506461618,1
2.18260222222,2022-01-24T15:10:57.368Z,DOGEUSDT,5,0.12746,-0.0136506461618,1
2.18261722222,2022-01-24T15:10:57.422Z,DOGEUSDT,5,0.12746,-0.0136506461618,1
2.1826225,2022-01-24T15:10:57.441Z,DOGEUSDT,5,0.12746,-0.0136506461618,1
2.18271666667,2022-01-24T15:10:57.780Z,DOGEUSDT,5,0.12834,-0.00677024372558,1
2.18273916667,2022-01-24T15:10:57.861Z,DOGEUSDT,5,0.12747,-0.0135721932531,1
2.18279472222,2022-01-24T15:10:58.061Z,DOGEUSDT,5,0.12747,-0.0135721932531,1
2.20846944444,2022-01-24T15:12:30.490Z,DOGEUSDT,5,0.12876,-0.00350302961735,3
2.21480111111,2022-01-24T15:12:53.284Z,DOGEUSDT,5,0.12847,-0.00575782200444,3
2.25751416667,2022-01-24T15:15:27.051Z,DOGEUSDT,5,0.12887,-0.00264909174765,2
2.25886944444,2022-01-24T15:15:31.930Z,DOGEUSDT,5,0.12881,-0.00311478563996,3
2.26125805556,2022-01-24T15:15:40.529Z,DOGEUSDT,5,0.12848,-0.0056799858495,2
2.26595694444,2022-01-24T15:15:57.445Z,DOGEUSDT,5,0.1284,-0.00630284479209,3
2.30098694444,2022-01-24T15:18:03.553Z,DOGEUSDT,5,0.12865,-0.0043576973202,3
2.32415944444,2022-01-24T15:19:26.974Z,DOGEUSDT,5,0.12856,-0.0050575146187,3
2.39232611111,2022-01-24T15:23:32.374Z,DOGEUSDT,5,0.12948,0.00207319301009,1
2.4121275,2022-01-24T15:24:43.659Z,DOGEUSDT,5,0.12963,0.003231002564,1
2.41512666667,2022-01-24T15:24:54.456Z,DOGEUSDT,5,0.12976,0.00423335431915,1
2.41931833333,2022-01-24T15:25:09.546Z,DOGEUSDT,5,0.12984,0.00484968715838,1
2.41954972222,2022-01-24T15:25:10.379Z,DOGEUSDT,5,0.12992,0.00546564036541,1
2.41979583333,2022-01-24T15:25:11.265Z,DOGEUSDT,5,0.130046594158,0.00643956679068,2
2.41982861111,2022-01-24T15:25:11.383Z,DOGEUSDT,5,0.13015,0.00723439539262,1
2.41984388889,2022-01-24T15:25:11.438Z,DOGEUSDT,5,0.13015,0.00723439539262,1
2.41996388889,2022-01-24T15:25:11.870Z,DOGEUSDT,5,0.13015,0.00723439539262,1
2.42019916667,2022-01-24T15:25:12.717Z,DOGEUSDT,5,0.13059,0.0106094081844,1
2.42026472222,2022-01-24T15:25:12.953Z,DOGEUSDT,5,0.13059,0.0106094081844,1
2.42026805556,2022-01-24T15:25:12.965Z,DOGEUSDT,5,0.130857067669,0.0126524049901,2
2.421185,2022-01-24T15:25:16.266Z,DOGEUSDT,5,0.13059,0.0106094081844,1
2.4276,2022-01-24T15:25:39.360Z,DOGEUSDT,5,0.131595183537,0.0182771829126,4
2.42778305556,2022-01-24T15:25:40.019Z,DOGEUSDT,5,0.13167,0.0188455563203,1
2.42825138889,2022-01-24T15:25:41.705Z,DOGEUSDT,5,0.13179,0.0197565106078,1
2.43005,2022-01-24T15:25:48.180Z,DOGEUSDT,5,0.13179,0.0197565106078,1
2.43125638889,2022-01-24T15:25:52.523Z,DOGEUSDT,5,0.13164,0.0186176880272,1
2.43490444444,2022-01-24T15:26:05.656Z,DOGEUSDT,5,0.13138,0.0166406514164,1
2.44017333333,2022-01-24T15:26:24.624Z,DOGEUSDT,5,0.13121,0.0153458570697,2
2.44641666667,2022-01-24T15:26:47.100Z,DOGEUSDT,5,0.13111,0.0145834294634,3
2.45493722222,2022-01-24T15:27:17.774Z,DOGEUSDT,5,0.13112,0.0146596983876,1
2.45495444444,2022-01-24T15:27:17.836Z,DOGEUSDT,5,0.13147,0.0173254526606,1
2.45505361111,2022-01-24T15:27:18.193Z,DOGEUSDT,5,0.131551028037,0.0179415862112,3
2.48614166667,2022-01-24T15:29:10.110Z,DOGEUSDT,5,0.13159,0.0182377921141,1
2.50173277778,2022-01-24T15:30:06.238Z,DOGEUSDT,5,0.13147,0.0173254526606,1
2.52777305556,2022-01-24T15:31:39.983Z,DOGEUSDT,5,0.131818413926,0.0199720873885,3
2.5380575,2022-01-24T15:32:17.007Z,DOGEUSDT,5,0.131758169643,0.0195149581255,3
2.53807638889,2022-01-24T15:32:17.075Z,DOGEUSDT,5,0.13175,0.0194529513735,1
2.53809388889,2022-01-24T15:32:17.138Z,DOGEUSDT,5,0.13177,0.0196047425092,1
2.54016138889,2022-01-24T15:32:24.581Z,DOGEUSDT,5,0.13194,0.0208940377468,2
2.54111972222,2022-01-24T15:32:28.031Z,DOGEUSDT,5,0.13196,0.0210456103124,3
2.55593666667,2022-01-24T15:33:21.372Z,DOGEUSDT,5,0.13196,0.0210456103124,2
2.55593861111,2022-01-24T15:33:21.379Z,DOGEUSDT,5,0.13207,0.0218788490078,1
2.558265,2022-01-24T15:33:29.754Z,DOGEUSDT,5,0.132425426357,0.0245664309855,2
2.57317583333,2022-01-24T15:34:23.433Z,DOGEUSDT,5,0.13232,0.0237699952274,3
2.57993333333,2022-01-24T15:34:47.760Z,DOGEUSDT,5,0.1326,0.0258838417038,3
2.57997444444,2022-01-24T15:34:47.908Z,DOGEUSDT,5,0.13275,0.0270144240741,1
2.58185694444,2022-01-24T15:34:54.685Z,DOGEUSDT,5,0.13288,0.0279932292571,1
2.58185777778,2022-01-24T15:34:54.688Z,DOGEUSDT,5,0.13288,0.0279932292571,1
2.58188638889,2022-01-24T15:34:54.791Z,DOGEUSDT,5,0.133251532258,0.0307853260543,4
2.60173611111,2022-01-24T15:36:06.250Z,DOGEUSDT,5,0.13259,0.0258084240787,2
2.60227583333,2022-01-24T15:36:08.193Z,DOGEUSDT,5,0.13276,0.0270897508038,1
2.60279305556,2022-01-24T15:36:10.055Z,DOGEUSDT,5,0.13277,0.0271650718599,2
2.63028055556,2022-01-24T15:37:49.010Z,DOGEUSDT,5,0.132796666667,0.0273659002778,3
2.66154583333,2022-01-24T15:39:41.565Z,DOGEUSDT,5,0.1322,0.0228626913696,1
2.6754,2022-01-24T15:40:31.440Z,DOGEUSDT,5,0.13197,0.0211213879808,2
2.68000583333,2022-01-24T15:40:48.021Z,DOGEUSDT,5,0.13168,0.0189215008808,3
2.68244277778,2022-01-24T15:40:56.794Z,DOGEUSDT,5,0.13176,0.0195288498214,1
2.69950361111,2022-01-24T15:41:58.213Z,DOGEUSDT,5,0.13196,0.0210456103124,1
2.69981194444,2022-01-24T15:41:59.323Z,DOGEUSDT,5,0.132106697248,0.0221566725124,2
2.70101166667,2022-01-24T15:42:03.642Z,DOGEUSDT,5,0.13219,0.0227870455434,2
2.72948666667,2022-01-24T15:43:46.152Z,DOGEUSDT,5,0.13207,0.0218788490078,2
2.73088944444,2022-01-24T15:43:51.202Z,DOGEUSDT,5,0.13216,0.0225600737247,3
2.73917722222,2022-01-24T15:44:21.038Z,DOGEUSDT,5,0.13231,0.0236944180064,3
2.74127888889,2022-01-24T15:44:28.604Z,DOGEUSDT,5,0.132579736409,0.0257310125944,3
2.74149138889,2022-01-24T15:44:29.369Z,DOGEUSDT,5,0.13258,0.0257330007653,1
2.76430305556,2022-01-24T15:45:51.491Z,DOGEUSDT,5,0.1319,0.0205908236753,1
2.76579388889,2022-01-24T15:45:56.858Z,DOGEUSDT,5,0.13181,0.0199082556764,1
2.76683583333,2022-01-24T15:46:00.609Z,DOGEUSDT,5,0.13178,0.0196806294377,3
2.77052666667,2022-01-24T15:46:13.896Z,DOGEUSDT,5,0.13178980198,0.0197550080663,2
2.80054888889,2022-01-24T15:48:01.976Z,DOGEUSDT,5,0.13169,0.0189974396742,1
2.80960888889,2022-01-24T15:48:34.592Z,DOGEUSDT,5,0.13164,0.0186176880272,1
2.81415,2022-01-24T15:48:50.940Z,DOGEUSDT,5,0.131555,0.0179717790779,2
2.81507416667,2022-01-24T15:48:54.267Z,DOGEUSDT,5,0.13141,0.0168689706076,3
2.83419305556,2022-01-24T15:50:03.095Z,DOGEUSDT,5,0.13124,0.0155744720449,3
2.89739833333,2022-01-24T15:53:50.634Z,DOGEUSDT,5,0.13161,0.0183897677983,1
2.89818222222,2022-01-24T15:53:53.456Z,DOGEUSDT,5,0.13168,0.0189215008808,1
2.91121111111,2022-01-24T15:54:40.360Z,DOGEUSDT,5,0.131987466216,0.0212537291227,4
2.91388361111,2022-01-24T15:54:49.981Z,DOGEUSDT,5,0.13199,0.0212729260929,3
2.95835638889,2022-01-24T15:57:30.083Z,DOGEUSDT,5,0.132075,0.0219167070024,2
2.98636472222,2022-01-24T15:59:10.913Z,DOGEUSDT,5,0.13167,0.0188455563203,1
2.98638583333,2022-01-24T15:59:10.989Z,DOGEUSDT,5,0.13162,0.01846574698,2
2.98732305556,2022-01-24T15:59:14.363Z,DOGEUSDT,5,0.13163,0.0185417203894,1
2.99983972222,2022-01-24T15:59:59.423Z,DOGEUSDT,5,0.13177,0.0196047425092,3
3.01371305556,2022-01-24T16:00:49.367Z,DOGEUSDT,5,0.1314,0.0167928700026,3
3.01701638889,2022-01-24T16:01:01.259Z,DOGEUSDT,5,0.13119,0.015193418045,3
3.03180777778,2022-01-24T16:01:54.508Z,DOGEUSDT,5,0.13134,0.0163361447149,1
3.03549083333,2022-01-24T16:02:07.767Z,DOGEUSDT,5,0.13156,0.0180097852729,3
3.03561527778,2022-01-24T16:02:08.215Z,DOGEUSDT,5,0.13168,0.0189215008808,1
3.03836055556,2022-01-24T16:02:18.098Z,DOGEUSDT,5,0.13168,0.0189215008808,4
3.06262805556,2022-01-24T16:03:45.461Z,DOGEUSDT,5,0.13131,0.016107703823,3
3.06887666667,2022-01-24T16:04:07.956Z,DOGEUSDT,5,0.13137,0.0165645334335,3
3.08873277778,2022-01-24T16:05:19.438Z,DOGEUSDT,5,0.131,0.0137440871532,3
3.09518111111,2022-01-24T16:05:42.652Z,DOGEUSDT,5,0.13108,0.0143545877827,3
3.1237075,2022-01-24T16:07:25.347Z,DOGEUSDT,5,0.13071,0.0115278927495,3
3.1326475,2022-01-24T16:07:57.531Z,DOGEUSDT,5,0.13063,0.0109156634505,3
3.14767416667,2022-01-24T16:08:51.627Z,DOGEUSDT,5,0.13079,0.0121397474531,3
3.183135,2022-01-24T16:10:59.286Z,DOGEUSDT,5,0.130321333333,0.0085499594192,4
3.1831375,2022-01-24T16:10:59.295Z,DOGEUSDT,5,0.13032,0.00853972824584,1
3.19148805556,2022-01-24T16:11:29.357Z,DOGEUSDT,5,0.13062,0.0108391084266,3
3.19698416667,2022-01-24T16:11:49.143Z,DOGEUSDT,5,0.13087,0.0127512280194,1
3.21358055556,2022-01-24T16:12:48.890Z,DOGEUSDT,5,0.13072,0.0116043950637,2
3.23315694444,2022-01-24T16:13:59.365Z,DOGEUSDT,5,0.130813333333,0.0123181345791,3
3.23461305556,2022-01-24T16:14:04.607Z,DOGEUSDT,5,0.13109,0.0144308741618,1
3.25412472222,2022-01-24T16:15:14.849Z,DOGEUSDT,5,0.13086,0.0126748133936,2
3.26767027778,2022-01-24T16:16:03.613Z,DOGEUSDT,5,0.131019448889,0.0138925409341,4
3.26840166667,2022-01-24T16:16:06.246Z,DOGEUSDT,5,0.13119,0.015193418045,1
3.2726275,2022-01-24T16:16:21.459Z,DOGEUSDT,5,0.131520431965,0.0177089796633,5
3.27268805556,2022-01-24T16:16:21.677Z,DOGEUSDT,5,0.13153,0.0177817264327,1
3.28049055556,2022-01-24T16:16:49.766Z,DOGEUSDT,5,0.13146,0.0172493867875,3
3.28256944444,2022-01-24T16:16:57.250Z,DOGEUSDT,5,0.131633333333,0.0185670435765,3
3.28575444444,2022-01-24T16:17:08.716Z,DOGEUSDT,5,0.13181,0.0199082556764,3
3.28709888889,2022-01-24T16:17:13.556Z,DOGEUSDT,5,0.13182,0.0199841195766,1
3.3018475,2022-01-24T16:18:06.651Z,DOGEUSDT,5,0.13184,0.0201358301132,3
3.32005972222,2022-01-24T16:19:12.215Z,DOGEUSDT,5,0.13124,0.0155744720449,1
3.32006666667,2022-01-24T16:19:12.240Z,DOGEUSDT,5,0.13124,0.0155744720449,1
3.32113583333,2022-01-24T16:19:16.089Z,DOGEUSDT,5,0.13128,0.0158792107339,1
3.3225775,2022-01-24T16:19:21.279Z,DOGEUSDT,5,0.13128,0.0158792107339,1
3.3233575,2022-01-24T16:19:24.087Z,DOGEUSDT,5,0.13128,0.0158792107339,1
3.34669222222,2022-01-24T16:20:48.092Z,DOGEUSDT,5,0.13164,0.0186176880272,1
3.3478075,2022-01-24T16:20:52.107Z,DOGEUSDT,5,0.13164,0.0186176880272,1
3.47013222222,2022-01-24T16:28:12.476Z,DOGEUSDT,5,0.1317,0.0190733727013,1
3.48960416667,2022-01-24T16:29:22.575Z,DOGEUSDT,5,0.13138,0.0166406514164,1
3.48960805556,2022-01-24T16:29:22.589Z,DOGEUSDT,5,0.13138,0.0166406514164,1
3.49863416667,2022-01-24T16:29:55.083Z,DOGEUSDT,5,0.13165,0.0186936498944,1
3.49863777778,2022-01-24T16:29:55.096Z,DOGEUSDT,5,0.13165,0.0186936498944,1
3.4989125,2022-01-24T16:29:56.085Z,DOGEUSDT,5,0.13163,0.0185417203894,1
3.50362388889,2022-01-24T16:30:13.046Z,DOGEUSDT,5,0.13164,0.0186176880272,1
3.50774055556,2022-01-24T16:30:27.866Z,DOGEUSDT,5,0.13179,0.0197565106078,2
3.50807972222,2022-01-24T16:30:29.087Z,DOGEUSDT,5,0.132168733333,0.0226261530588,2
3.50812305556,2022-01-24T16:30:29.243Z,DOGEUSDT,5,0.13217,0.0226357367218,1
3.50814527778,2022-01-24T16:30:29.323Z,DOGEUSDT,5,0.13217,0.0226357367218,1
3.50818805556,2022-01-24T16:30:29.477Z,DOGEUSDT,5,0.13217,0.0226357367218,1
3.50818888889,2022-01-24T16:30:29.480Z,DOGEUSDT,5,0.13217,0.0226357367218,1
3.60395388889,2022-01-24T16:36:14.234Z,DOGEUSDT,5,0.13098,0.013591403742,1
3.60400861111,2022-01-24T16:36:14.431Z,DOGEUSDT,5,0.13097,0.0135150532934,1
3.60402444444,2022-01-24T16:36:14.488Z,DOGEUSDT,5,0.13096,0.0134386970149,1
3.61012194444,2022-01-24T16:36:36.439Z,DOGEUSDT,5,0.13091,0.0130568281441,3
3.6177225,2022-01-24T16:37:03.801Z,DOGEUSDT,5,0.13106,0.0142019975634,3
3.62610694444,2022-01-24T16:37:33.985Z,DOGEUSDT,5,0.130553636364,0.0103309128926,4
3.63931972222,2022-01-24T16:38:21.551Z,DOGEUSDT,5,0.13036,0.00884661792141,3
3.6530725,2022-01-24T16:39:11.061Z,DOGEUSDT,5,0.130426666667,0.00935789151504,3
3.6696875,2022-01-24T16:40:10.875Z,DOGEUSDT,5,0.13027,0.00815598366152,1
3.66969194444,2022-01-24T16:40:10.891Z,DOGEUSDT,5,0.13027,0.00815598366152,1
3.67135361111,2022-01-24T16:40:16.873Z,DOGEUSDT,5,0.13003,0.00631195701527,3
3.67135444444,2022-01-24T16:40:16.876Z,DOGEUSDT,5,0.12999,0.00600428837197,2
3.67554027778,2022-01-24T16:40:31.945Z,DOGEUSDT,5,0.13,0.00608121440763,1
3.71725916667,2022-01-24T16:43:02.133Z,DOGEUSDT,5,0.13004,0.00638885938775,2
3.72334194444,2022-01-24T16:43:24.031Z,DOGEUSDT,5,0.12992,0.00546564036541,1
3.72436388889,2022-01-24T16:43:27.710Z,DOGEUSDT,5,0.129604343434,0.00303306146252,4
3.73905444444,2022-01-24T16:44:20.596Z,DOGEUSDT,5,0.1296,0.00299954787022,3
3.765465,2022-01-24T16:45:55.674Z,DOGEUSDT,5,0.1297,0.00377085527444,1
3.77599222222,2022-01-24T16:46:33.572Z,DOGEUSDT,5,0.12956,0.00269085825517,3
3.77690472222,2022-01-24T16:46:36.857Z,DOGEUSDT,5,0.12928,0.000527358724832,2
3.79503361111,2022-01-24T16:47:42.121Z,DOGEUSDT,5,0.1292,-9.16446994523e-05,3
3.80727722222,2022-01-24T16:48:26.198Z,DOGEUSDT,5,0.12893,-0.00218361462521,3
3.81059833333,2022-01-24T16:48:38.154Z,DOGEUSDT,5,0.12883,-0.00295953024452,3
3.827295,2022-01-24T16:49:38.262Z,DOGEUSDT,5,0.12869,-0.00404682454238,3
3.8703325,2022-01-24T16:52:13.197Z,DOGEUSDT,5,0.12888,-0.00257149717923,1
3.89638333333,2022-01-24T16:53:46.980Z,DOGEUSDT,5,0.12949,0.00215042203279,1
3.89639277778,2022-01-24T16:53:47.014Z,DOGEUSDT,5,0.12951,0.00230486218754,1
3.90109694444,2022-01-24T16:54:03.949Z,DOGEUSDT,5,0.12941,0.00153242278562,2
3.91780166667,2022-01-24T16:55:04.086Z,DOGEUSDT,5,0.1297,0.00377085527444,1
3.92268111111,2022-01-24T16:55:21.652Z,DOGEUSDT,5,0.12977,0.00431041670119,3
3.93700222222,2022-01-24T16:56:13.208Z,DOGEUSDT,5,0.12993,0.00554260784669,2
